rank,CHP_ID,Chinese_herbal_pieces,high_quality_ratio,total_compounds,effective_count,high_quality_count,ultra_high_count
1,CHP01888,接骨丹,1.0,1.0,1.0,1.0,0.0
2,CHP01849,假细锥香茶菜,1.0,4.0,4.0,4.0,4.0
3,CHP01555,虎尾兰,1.0,2.0,2.0,2.0,1.0
4,CHP01909,金冠鳞毛蕨,1.0,1.0,1.0,1.0,0.0
5,CHP05555,猪殃殃,1.0,2.0,2.0,2.0,2.0
6,CHP02149,块茎糙苏,1.0,1.0,1.0,1.0,1.0
7,CHP02026,橘白,1.0,1.0,1.0,1.0,0.0
8,CHP01941,金丝梅,1.0,1.0,1.0,1.0,1.0
9,CHP05712,紫珠,1.0,1.0,1.0,1.0,0.0
10,CHP05694,紫薇叶,1.0,1.0,1.0,1.0,1.0
11,CHP05683,紫藤,1.0,1.0,1.0,1.0,1.0
12,CHP05610,姊妹树,1.0,1.0,1.0,1.0,1.0
13,CHP02293,栗树皮,1.0,2.0,2.0,2.0,2.0
14,CHP02182,兰花,1.0,3.0,3.0,3.0,3.0
15,CHP02120,苦楝实,1.0,3.0,3.0,3.0,3.0
16,CHP02034,橘叶巴戟,1.0,2.0,2.0,2.0,1.0
17,CHP01063,凤凰木,1.0,1.0,1.0,1.0,1.0
18,CHP01020,飞扬草,1.0,1.0,1.0,1.0,0.0
19,CHP05408,樟脑,1.0,1.0,1.0,1.0,1.0
20,CHP05345,云南菟丝子,1.0,2.0,2.0,2.0,2.0
21,CHP00285,伯乐树,1.0,1.0,1.0,1.0,1.0
22,CHP05297,郁金香根,1.0,1.0,1.0,1.0,1.0
23,CHP00276,柄果槲寄生,1.0,1.0,1.0,1.0,0.0
24,CHP00289,补血草,1.0,1.0,1.0,1.0,1.0
25,CHP02539,绿笋片,1.0,2.0,2.0,2.0,2.0
26,CHP02515,骆驼蓬子,1.0,2.0,2.0,2.0,1.0
27,CHP02525,驴蹄草,1.0,1.0,1.0,1.0,1.0
28,CHP02470,路边姜,1.0,5.0,5.0,5.0,5.0
29,CHP06156,红粉,1.0,1.0,1.0,1.0,0.0
30,CHP05837,海参,1.0,1.0,1.0,1.0,1.0
31,CHP06157,琥珀,1.0,1.0,1.0,1.0,1.0
32,CHP05889,鸡子壳,1.0,1.0,1.0,1.0,1.0
33,CHP06118,木耳,1.0,1.0,1.0,1.0,1.0
34,CHP04535,咸酸蔃,1.0,1.0,1.0,1.0,0.0
35,CHP04481,细香葱,1.0,1.0,1.0,1.0,1.0
36,CHP04777,新疆藁本,1.0,2.0,2.0,2.0,2.0
37,CHP06040,象骨,1.0,1.0,1.0,1.0,1.0
38,CHP05887,鸡子白,1.0,1.0,1.0,1.0,1.0
39,CHP00149,白土茯苓,1.0,1.0,1.0,1.0,0.0
40,CHP00130,白牛胆,1.0,1.0,1.0,1.0,1.0
41,CHP05463,珍珠菜,1.0,2.0,2.0,2.0,2.0
42,CHP02815,棉花,1.0,1.0,1.0,1.0,1.0
43,CHP05495,枳椇根,1.0,1.0,1.0,1.0,1.0
44,CHP05379,泽藓,1.0,1.0,1.0,1.0,1.0
45,CHP01028,榧子,1.0,1.0,1.0,1.0,1.0
46,CHP02918,南板蓝根,1.0,4.0,4.0,4.0,2.0
47,CHP03401,三色堇,1.0,1.0,1.0,1.0,0.0
48,CHP03567,山棯叶,1.0,1.0,1.0,1.0,1.0
49,CHP03685,生漆,1.0,3.0,3.0,3.0,2.0
50,CHP03772,柿根,1.0,2.0,2.0,2.0,2.0
51,CHP03767,莳萝子,1.0,8.0,8.0,8.0,8.0
52,CHP05175,银粉背蕨,1.0,1.0,1.0,1.0,0.0
53,CHP05198,鹰不泊,1.0,1.0,1.0,1.0,1.0
54,CHP05252,柚子,1.0,1.0,1.0,1.0,0.0
55,CHP03184,千年艾,1.0,1.0,1.0,1.0,1.0
56,CHP05105,野芝麻根,1.0,8.0,8.0,8.0,7.0
57,CHP01086,芙蓉花,1.0,1.0,1.0,1.0,1.0
58,CHP03105,辟汗草,1.0,1.0,1.0,1.0,1.0
59,CHP01072,凤仙花,1.0,1.0,1.0,1.0,1.0
60,CHP03015,牛舌头,1.0,1.0,1.0,1.0,1.0
61,CHP03299,驱虫斑鸠菊,1.0,1.0,1.0,1.0,1.0
62,CHP00897,短小蛇根草,1.0,1.0,1.0,1.0,1.0
63,CHP04598,香樟叶,1.0,1.0,1.0,1.0,1.0
64,CHP04604,向日葵花,1.0,1.0,1.0,1.0,1.0
65,CHP04577,香青兰,1.0,3.0,3.0,3.0,3.0
66,CHP01610,化香树果,1.0,1.0,1.0,1.0,1.0
67,CHP04798,杏子,1.0,1.0,1.0,1.0,1.0
68,CHP04992,洋葱,1.0,1.0,1.0,1.0,1.0
69,CHP00763,吊兰,1.0,1.0,1.0,1.0,1.0
70,CHP04215,土百部,1.0,1.0,1.0,1.0,1.0
71,CHP04059,桃根,1.0,1.0,1.0,1.0,1.0
72,CHP04110,田旋花,1.0,1.0,1.0,1.0,1.0
73,CHP05848,黑蚂蚁,1.0,1.0,1.0,1.0,1.0
74,CHP05766,鳖甲,1.0,2.0,2.0,2.0,1.0
75,CHP05796,灯心柳珊瑚,1.0,1.0,1.0,1.0,1.0
76,CHP04385,芜菁甘蓝,1.0,1.0,1.0,1.0,1.0
77,CHP05004,药西瓜,1.0,1.0,1.0,1.0,1.0
78,CHP05007,椰子,1.0,4.0,4.0,4.0,4.0
79,CHP04325,文冠木,1.0,5.0,5.0,5.0,5.0
80,CHP04233,土连翘,1.0,1.0,1.0,1.0,1.0
81,CHP00640,当药,1.0,3.0,3.0,3.0,2.0
82,CHP00648,倒地铃,1.0,1.0,1.0,1.0,1.0
83,CHP04543,线叶金鸡菊,1.0,2.0,2.0,2.0,2.0
84,CHP03741,石楠,1.0,1.0,1.0,1.0,1.0
85,CHP03810,薯莨,1.0,1.0,1.0,1.0,1.0
86,CHP03921,水杨枝叶,1.0,1.0,1.0,1.0,0.0
87,CHP03970,松叶,1.0,4.0,4.0,4.0,4.0
88,CHP01193,葛蕈,0.9375,16.0,16.0,15.0,15.0
89,CHP05322,月季花,0.9090909090909091,11.0,11.0,10.0,10.0
90,CHP04848,血风藤,0.9,10.0,10.0,9.0,7.0
91,CHP01104,福寿草,0.9,20.0,20.0,18.0,18.0
92,CHP00793,东北刺人参,0.875,16.0,16.0,14.0,14.0
93,CHP05647,紫金牛根,0.8571428571428571,7.0,7.0,6.0,4.0
94,CHP04602,向日葵,0.8333333333333334,6.0,6.0,5.0,4.0
95,CHP04272,歪脖子果,0.8333333333333334,6.0,6.0,5.0,3.0
96,CHP05070,野木瓜,0.8333333333333334,6.0,6.0,5.0,5.0
97,CHP01143,干地黄,0.8095238095238095,21.0,21.0,17.0,17.0
98,CHP05499,枳椇子,0.8,5.0,5.0,4.0,3.0
99,CHP05541,珠子参,0.8,5.0,5.0,4.0,3.0
100,CHP00778,丁茄,0.7777777777777778,9.0,9.0,7.0,7.0
101,CHP04880,鸭跖草,0.75,4.0,4.0,3.0,3.0
102,CHP01593,华南吴茱萸,0.75,4.0,4.0,3.0,2.0
103,CHP00605,大叶醉鱼草,0.75,4.0,4.0,3.0,2.0
104,CHP00413,川滇淫羊藿,0.75,8.0,8.0,6.0,6.0
105,CHP00990,番石榴,0.75,12.0,12.0,9.0,8.0
106,CHP02683,毛贯众,0.75,4.0,4.0,3.0,0.0
107,CHP03215,茄子根,0.75,4.0,4.0,3.0,3.0
108,CHP03780,匙羹藤,0.75,4.0,4.0,3.0,3.0
109,CHP04595,香樟,0.7333333333333333,15.0,15.0,11.0,9.0
110,CHP00414,川鄂淫羊藿,0.7272727272727273,11.0,11.0,8.0,8.0
111,CHP01211,狗脊,0.7241379310344828,29.0,29.0,21.0,15.0
112,CHP00883,杜松实,0.7142857142857143,7.0,7.0,5.0,2.0
113,CHP04824,玄参,0.7142857142857143,21.0,21.0,15.0,14.0
114,CHP03665,伸筋草,0.6744186046511628,43.0,43.0,29.0,25.0
115,CHP02356,凌霄,0.6666666666666666,6.0,6.0,4.0,4.0
116,CHP05638,紫花景天,0.6666666666666666,3.0,3.0,2.0,1.0
117,CHP01853,剪秋罗,0.6666666666666666,3.0,3.0,2.0,2.0
118,CHP02306,莲蓬草,0.6666666666666666,3.0,3.0,2.0,1.0
119,CHP01450,红筷子,0.6666666666666666,3.0,3.0,2.0,2.0
120,CHP02054,绢毛蔷薇,0.6666666666666666,3.0,3.0,2.0,1.0
121,CHP01858,见血清,0.6666666666666666,3.0,3.0,2.0,2.0
122,CHP01814,极美云实,0.6666666666666666,9.0,9.0,6.0,5.0
123,CHP05553,猪屎豆,0.6666666666666666,3.0,3.0,2.0,2.0
124,CHP02982,牛蒡,0.6666666666666666,12.0,12.0,8.0,7.0
125,CHP03659,蛇藤,0.6666666666666666,3.0,3.0,2.0,2.0
126,CHP00809,东一号剑麻,0.6666666666666666,9.0,9.0,6.0,6.0
127,CHP03653,蛇莓,0.6666666666666666,3.0,3.0,2.0,2.0
128,CHP01083,扶桑花,0.6666666666666666,3.0,3.0,2.0,2.0
129,CHP02972,柠檬皮,0.6666666666666666,6.0,6.0,4.0,4.0
130,CHP00330,茶花,0.6666666666666666,3.0,3.0,2.0,2.0
131,CHP00351,朝鲜白头翁,0.6666666666666666,3.0,3.0,2.0,1.0
132,CHP03254,青葙,0.6666666666666666,3.0,3.0,2.0,2.0
133,CHP02749,玫瑰,0.6666666666666666,3.0,3.0,2.0,2.0
134,CHP05337,云南榧树,0.6666666666666666,3.0,3.0,2.0,2.0
135,CHP02527,吕宋楸毛,0.6666666666666666,6.0,6.0,4.0,4.0
136,CHP02633,蔓性千斤拔,0.6666666666666666,3.0,3.0,2.0,1.0
137,CHP01122,甘葛藤根,0.6666666666666666,3.0,3.0,2.0,1.0
138,CHP05482,蜘蛛抱蛋,0.6666666666666666,3.0,3.0,2.0,2.0
139,CHP00373,齿叶草,0.6666666666666666,3.0,3.0,2.0,1.0
140,CHP04834,雪胆,0.6666666666666666,15.0,15.0,10.0,10.0
141,CHP04378,无距耧斗菜,0.6666666666666666,3.0,3.0,2.0,2.0
142,CHP04462,锡兰肉桂,0.6666666666666666,3.0,3.0,2.0,2.0
143,CHP04316,卫矛,0.6666666666666666,3.0,3.0,2.0,2.0
144,CHP00366,橙皮,0.6666666666666666,3.0,3.0,2.0,2.0
145,CHP03803,鼠李,0.6666666666666666,6.0,6.0,4.0,4.0
146,CHP04772,心叶荆芥,0.6666666666666666,3.0,3.0,2.0,2.0
147,CHP00433,莼菜,0.6666666666666666,3.0,3.0,2.0,2.0
148,CHP06096,鬼盖,0.6666666666666666,6.0,6.0,4.0,3.0
149,CHP06116,蜜环菌,0.6666666666666666,6.0,6.0,4.0,2.0
150,CHP06080,豹皮菇,0.6666666666666666,3.0,3.0,2.0,2.0
151,CHP06092,茯神,0.6666666666666666,3.0,3.0,2.0,2.0
152,CHP00101,白芥,0.6666666666666666,3.0,3.0,2.0,2.0
153,CHP00095,白花藤,0.6666666666666666,3.0,3.0,2.0,2.0
154,CHP05880,鸡脑,0.6666666666666666,3.0,3.0,2.0,2.0
155,CHP05964,牛肾,0.6666666666666666,6.0,6.0,4.0,4.0
156,CHP05983,全蝎,0.6666666666666666,3.0,3.0,2.0,2.0
157,CHP06089,冬虫夏草,0.6470588235294118,17.0,17.0,11.0,11.0
158,CHP03199,茜草根,0.6363636363636364,11.0,11.0,7.0,7.0
159,CHP00876,杜鹃花,0.6363636363636364,11.0,11.0,7.0,6.0
160,CHP02397,龙船花,0.6363636363636364,11.0,11.0,7.0,5.0
161,CHP03450,沙糖根,0.625,8.0,8.0,5.0,4.0
162,CHP02033,橘叶,0.625,8.0,8.0,5.0,5.0
163,CHP01043,风毛菊,0.625,8.0,8.0,5.0,5.0
164,CHP01296,广金钱草,0.6190476190476191,21.0,21.0,13.0,9.0
165,CHP04838,雪莲,0.6153846153846154,26.0,26.0,16.0,16.0
166,CHP02583,马铃薯,0.6,5.0,5.0,3.0,3.0
167,CHP02685,毛诃子,0.6,5.0,5.0,3.0,3.0
168,CHP01176,高乌头,0.6,5.0,5.0,3.0,3.0
169,CHP02970,柠檬桉叶,0.6,5.0,5.0,3.0,3.0
170,CHP02477,露蕊乌头,0.6,5.0,5.0,3.0,1.0
171,CHP00828,冬珊瑚,0.6,5.0,5.0,3.0,3.0
172,CHP05073,野漆树,0.6,5.0,5.0,3.0,2.0
173,CHP05160,益智仁,0.6,5.0,5.0,3.0,3.0
174,CHP04951,燕麦,0.6,10.0,10.0,6.0,6.0
175,CHP00178,百眼藤,0.6,5.0,5.0,3.0,1.0
176,CHP00203,半边旗,0.6,5.0,5.0,3.0,3.0
177,CHP01990,景天,0.6,5.0,5.0,3.0,2.0
178,CHP01695,黄栌,0.6,5.0,5.0,3.0,2.0
179,CHP00724,灯笼泡,0.6,5.0,5.0,3.0,3.0
180,CHP03084,蓬莱草,0.6,5.0,5.0,3.0,2.0
181,CHP00924,盾叶唐松草,0.6,10.0,10.0,6.0,4.0
182,CHP02239,老鼠瓜,0.6,5.0,5.0,3.0,3.0
183,CHP05680,紫苏子,0.5909090909090909,22.0,22.0,13.0,11.0
184,CHP01449,红景天,0.5909090909090909,44.0,44.0,26.0,23.0
185,CHP00298,苍耳,0.5882352941176471,17.0,17.0,10.0,8.0
186,CHP04862,寻骨风,0.5882352941176471,17.0,17.0,10.0,7.0
187,CHP01550,虎刺,0.5882352941176471,17.0,17.0,10.0,4.0
188,CHP00408,楮树根,0.5869565217391305,46.0,46.0,27.0,20.0
189,CHP03130,葡萄,0.5833333333333334,12.0,12.0,7.0,7.0
190,CHP00220,宝盖草,0.5833333333333334,12.0,12.0,7.0,6.0
191,CHP01470,红木香,0.5833333333333334,12.0,12.0,7.0,6.0
192,CHP03778,柿叶,0.5714285714285714,14.0,14.0,8.0,5.0
193,CHP05248,柚花,0.5714285714285714,21.0,21.0,12.0,12.0
194,CHP02061,君迁子,0.5714285714285714,7.0,7.0,4.0,4.0
195,CHP04467,喜旱莲子草,0.5714285714285714,7.0,7.0,4.0,4.0
196,CHP04647,小构树,0.5714285714285714,21.0,21.0,12.0,10.0
197,CHP04683,小接筋草,0.5714285714285714,7.0,7.0,4.0,3.0
198,CHP00401,樗叶花椒,0.5714285714285714,7.0,7.0,4.0,4.0
199,CHP00053,白背叶,0.5714285714285714,7.0,7.0,4.0,0.0
200,CHP00403,除虫菊,0.5625,16.0,16.0,9.0,9.0
201,CHP03768,使君子,0.56,25.0,25.0,14.0,9.0
202,CHP00068,白杜鹃花,0.5555555555555556,18.0,18.0,10.0,9.0
203,CHP00091,白花灯笼,0.5555555555555556,9.0,9.0,5.0,5.0
204,CHP05296,郁金香,0.5555555555555556,9.0,9.0,5.0,5.0
205,CHP02816,棉花根,0.5555555555555556,9.0,9.0,5.0,5.0
206,CHP02909,木竹子,0.546875,64.0,64.0,35.0,23.0
207,CHP00023,暗紫贝母,0.5454545454545454,11.0,11.0,6.0,5.0
208,CHP03127,破叶莲,0.5454545454545454,11.0,11.0,6.0,6.0
209,CHP00293,菜豆树,0.5454545454545454,11.0,11.0,6.0,4.0
210,CHP05370,皂荚,0.5454545454545454,22.0,22.0,12.0,12.0
211,CHP00080,白果紫草,0.5454545454545454,11.0,11.0,6.0,6.0
212,CHP03314,蘘荷,0.5454545454545454,11.0,11.0,6.0,6.0
213,CHP00762,吊干麻,0.5454545454545454,22.0,22.0,12.0,10.0
214,CHP00312,草本威灵仙,0.5454545454545454,11.0,11.0,6.0,5.0
215,CHP00187,败酱草,0.5428571428571428,70.0,70.0,38.0,31.0
216,CHP02661,毛白杨,0.5384615384615384,13.0,13.0,7.0,6.0
217,CHP00336,茶子,0.5384615384615384,13.0,13.0,7.0,7.0
218,CHP01578,华北白前,0.5384615384615384,13.0,13.0,7.0,7.0
219,CHP00175,百脉根,0.5333333333333333,15.0,15.0,8.0,6.0
220,CHP04244,土三七,0.5333333333333333,15.0,15.0,8.0,6.0
221,CHP02554,麻牛膝,0.5333333333333333,15.0,15.0,8.0,8.0
222,CHP01676,黄荆,0.5333333333333333,15.0,15.0,8.0,6.0
223,CHP01234,枸杞,0.5333333333333333,15.0,15.0,8.0,6.0
224,CHP03134,蒲公英,0.5294117647058824,34.0,34.0,18.0,14.0
225,CHP05675,紫杉,0.5294117647058824,102.0,102.0,54.0,54.0
226,CHP05682,紫檀,0.5277777777777778,36.0,36.0,19.0,17.0
227,CHP02009,韭菜子,0.5263157894736842,19.0,19.0,10.0,9.0
228,CHP06100,猴头菇,0.5263157894736842,19.0,19.0,10.0,8.0
229,CHP02337,辽东楤木,0.5263157894736842,19.0,19.0,10.0,10.0
230,CHP01409,红车轴草,0.5238095238095238,21.0,21.0,11.0,6.0
231,CHP04178,通关藤,0.5238095238095238,21.0,21.0,11.0,11.0
232,CHP01669,黄花远志,0.5238095238095238,21.0,21.0,11.0,8.0
233,CHP04482,细辛,0.5217391304347826,23.0,23.0,12.0,8.0
234,CHP00173,百里香,0.5217391304347826,23.0,23.0,12.0,9.0
235,CHP02037,蒟蒻薯,0.5211267605633803,71.0,71.0,37.0,37.0
236,CHP05402,獐牙菜,0.5135135135135135,37.0,37.0,19.0,17.0
237,CHP05489,止泻木皮,0.5116279069767442,43.0,43.0,22.0,19.0
238,CHP01824,荠菜,0.5098039215686274,51.0,51.0,26.0,25.0
239,CHP00108,白兰花,0.5079365079365079,63.0,63.0,32.0,14.0
240,CHP02062,咖啡,0.5,2.0,2.0,1.0,1.0
241,CHP01767,火焰花,0.5,6.0,6.0,3.0,3.0
242,CHP01773,鸡肠狼毒,0.5,18.0,18.0,9.0,8.0
243,CHP01719,黄杞,0.5,8.0,8.0,4.0,1.0
244,CHP00223,抱茎獐牙菜,0.5,8.0,8.0,4.0,4.0
245,CHP06035,蜈蚣,0.5,2.0,2.0,1.0,1.0
246,CHP05975,青蛙,0.5,4.0,4.0,2.0,2.0
247,CHP06167,硫磺,0.5,2.0,2.0,1.0,1.0
248,CHP05581,竹叶柴胡,0.5,2.0,2.0,1.0,1.0
249,CHP05563,竹柏根,0.5,4.0,4.0,2.0,2.0
250,CHP05635,紫花地丁,0.5,4.0,4.0,2.0,2.0
251,CHP01712,黄皮根,0.5,2.0,2.0,1.0,1.0
252,CHP01697,黄栌枝叶,0.5,2.0,2.0,1.0,1.0
253,CHP00011,艾纳香,0.5,18.0,18.0,9.0,9.0
254,CHP02824,明党参,0.5,4.0,4.0,2.0,1.0
255,CHP01774,鸡蛋参,0.5,2.0,2.0,1.0,1.0
256,CHP01910,金光菊,0.5,2.0,2.0,1.0,0.0
257,CHP02029,橘核,0.5,2.0,2.0,1.0,1.0
258,CHP00371,秤钩风,0.5,10.0,10.0,5.0,4.0
259,CHP04971,羊蹄,0.5,4.0,4.0,2.0,2.0
260,CHP04956,羊耳蒜,0.5,2.0,2.0,1.0,1.0
261,CHP01919,金橘,0.5,2.0,2.0,1.0,1.0
262,CHP06067,雉,0.5,2.0,2.0,1.0,1.0
263,CHP06038,犀角,0.5,2.0,2.0,1.0,1.0
264,CHP00393,臭茉莉,0.5,2.0,2.0,1.0,1.0
265,CHP00418,川西獐牙菜,0.5,2.0,2.0,1.0,1.0
266,CHP04761,斜基粗叶木,0.5,4.0,4.0,2.0,2.0
267,CHP04746,小叶石楠,0.5,2.0,2.0,1.0,1.0
268,CHP03719,石见穿,0.5,4.0,4.0,2.0,2.0
269,CHP03751,石刷把,0.5,4.0,4.0,2.0,2.0
270,CHP04115,甜茶藤,0.5,4.0,4.0,2.0,2.0
271,CHP00508,大花糙苏,0.5,2.0,2.0,1.0,1.0
272,CHP04092,天罗水,0.5,12.0,12.0,6.0,6.0
273,CHP04179,通花根,0.5,2.0,2.0,1.0,1.0
274,CHP00533,大麻叶泽兰,0.5,8.0,8.0,4.0,4.0
275,CHP00541,大青,0.5,2.0,2.0,1.0,1.0
276,CHP00560,大头橐吾,0.5,6.0,6.0,3.0,2.0
277,CHP04888,亚麻子,0.5,4.0,4.0,2.0,2.0
278,CHP01903,金草,0.5,2.0,2.0,1.0,0.0
279,CHP06073,紫河车,0.5,2.0,2.0,1.0,1.0
280,CHP04358,乌苏里瓦韦,0.5,2.0,2.0,1.0,1.0
281,CHP04344,乌桕木根皮,0.5,2.0,2.0,1.0,0.0
282,CHP04335,乌棒子,0.5,2.0,2.0,1.0,1.0
283,CHP00374,齿叶橐吾,0.5,2.0,2.0,1.0,0.0
284,CHP04253,兔儿伞,0.5,2.0,2.0,1.0,1.0
285,CHP04232,土荆芥,0.5,8.0,8.0,4.0,4.0
286,CHP04299,网脉橐吾,0.5,2.0,2.0,1.0,0.0
287,CHP00389,臭柏,0.5,4.0,4.0,2.0,2.0
288,CHP00963,鹅绒藤,0.5,6.0,6.0,3.0,2.0
289,CHP03309,雀梅藤,0.5,2.0,2.0,1.0,1.0
290,CHP03223,青黛,0.5,2.0,2.0,1.0,1.0
291,CHP03243,青皮,0.5,2.0,2.0,1.0,0.0
292,CHP02244,老鸦柿,0.5,6.0,6.0,3.0,3.0
293,CHP01302,广西九里香,0.5,6.0,6.0,3.0,2.0
294,CHP01337,海红豆,0.5,6.0,6.0,3.0,3.0
295,CHP01339,海韭菜,0.5,4.0,4.0,2.0,2.0
296,CHP02441,芦根,0.5,24.0,24.0,12.0,10.0
297,CHP02429,龙眼叶,0.5,6.0,6.0,3.0,3.0
298,CHP02457,陆英,0.5,2.0,2.0,1.0,1.0
299,CHP02478,露水草,0.5,10.0,10.0,5.0,5.0
300,CHP01524,胡桃树皮,0.5,8.0,8.0,4.0,4.0
301,CHP01525,胡桃叶,0.5,2.0,2.0,1.0,1.0
302,CHP01534,葫芦茶,0.5,12.0,12.0,6.0,4.0
303,CHP02839,母菊,0.5,10.0,10.0,5.0,5.0
304,CHP02821,缅枣,0.5,4.0,4.0,2.0,2.0
305,CHP06037,五灵脂,0.5,6.0,6.0,3.0,3.0
306,CHP00156,白叶藤,0.5,2.0,2.0,1.0,1.0
307,CHP00210,半夏曲,0.5,2.0,2.0,1.0,1.0
308,CHP05780,蟾皮,0.5,4.0,4.0,2.0,2.0
309,CHP05690,紫薇,0.5,12.0,12.0,6.0,5.0
310,CHP05681,紫穗槐,0.5,2.0,2.0,1.0,0.0
311,CHP00222,报春花,0.5,2.0,2.0,1.0,1.0
312,CHP00332,茶条槭,0.5,2.0,2.0,1.0,0.0
313,CHP05162,薏苡仁,0.5,6.0,6.0,3.0,2.0
314,CHP05010,椰子瓤,0.5,2.0,2.0,1.0,1.0
315,CHP02218,莨菪根,0.5,4.0,4.0,2.0,1.0
316,CHP04171,铁轴草,0.5,2.0,2.0,1.0,0.0
317,CHP04169,铁线莲,0.5,2.0,2.0,1.0,1.0
318,CHP04190,桐油,0.5,10.0,10.0,5.0,5.0
319,CHP02313,莲子草,0.5,8.0,8.0,4.0,4.0
320,CHP02355,铃兰,0.5,20.0,20.0,10.0,10.0
321,CHP01463,红毛野海棠,0.5,2.0,2.0,1.0,1.0
322,CHP01347,韩信草,0.5,4.0,4.0,2.0,2.0
323,CHP01349,旱莲花,0.5,2.0,2.0,1.0,0.0
324,CHP03672,神香草,0.5,4.0,4.0,2.0,2.0
325,CHP00319,草莓,0.5,2.0,2.0,1.0,1.0
326,CHP00879,杜鹃花叶,0.5,2.0,2.0,1.0,1.0
327,CHP03709,石刁柏,0.5,12.0,12.0,6.0,6.0
328,CHP03395,三面刀,0.5,14.0,14.0,7.0,7.0
329,CHP03365,瑞香花,0.5,2.0,2.0,1.0,0.0
330,CHP03321,人参芦,0.5,2.0,2.0,1.0,1.0
331,CHP03329,日中花,0.5,2.0,2.0,1.0,1.0
332,CHP03670,神黄豆,0.5,4.0,4.0,2.0,2.0
333,CHP00321,草问荆,0.5,4.0,4.0,2.0,2.0
334,CHP03606,山芝麻,0.5,2.0,2.0,1.0,0.0
335,CHP00801,东当归,0.5,2.0,2.0,1.0,1.0
336,CHP03596,山樱桃,0.5,4.0,4.0,2.0,2.0
337,CHP03550,山柳,0.5,2.0,2.0,1.0,1.0
338,CHP03506,山矾叶,0.5,4.0,4.0,2.0,2.0
339,CHP03504,山矾根,0.5,4.0,4.0,2.0,2.0
340,CHP03439,沙参,0.5,44.0,44.0,22.0,19.0
341,CHP03707,石胆草,0.5,6.0,6.0,3.0,3.0
342,CHP03456,沙枣树皮,0.5,2.0,2.0,1.0,0.0
343,CHP03595,山银柴胡,0.5,2.0,2.0,1.0,1.0
344,CHP02967,柠檬,0.5,8.0,8.0,4.0,2.0
345,CHP02924,南方菟丝子,0.5,4.0,4.0,2.0,2.0
346,CHP02938,南蛇藤,0.5,4.0,4.0,2.0,2.0
347,CHP02914,苜蓿根,0.5,2.0,2.0,1.0,1.0
348,CHP02920,南川升麻,0.5,2.0,2.0,1.0,0.0
349,CHP01183,茖葱,0.5,6.0,6.0,3.0,3.0
350,CHP01144,干冬菜,0.5,2.0,2.0,1.0,1.0
351,CHP05211,瘿花香茶菜,0.5,6.0,6.0,3.0,3.0
352,CHP05224,油茶子,0.5,6.0,6.0,3.0,3.0
353,CHP05142,伊贝母,0.5,2.0,2.0,1.0,1.0
354,CHP05154,异叶梁王茶,0.5,8.0,8.0,4.0,4.0
355,CHP03245,青钱柳,0.5,4.0,4.0,2.0,2.0
356,CHP03177,千解草,0.5,4.0,4.0,2.0,0.0
357,CHP02623,曼陀罗叶,0.5,14.0,14.0,7.0,7.0
358,CHP05392,粘毛鼠尾草,0.5,4.0,4.0,2.0,2.0
359,CHP00284,播娘蒿,0.5,14.0,14.0,7.0,6.0
360,CHP00251,边缘鳞盖蕨,0.5,14.0,14.0,7.0,7.0
361,CHP00235,贝母兰,0.5,6.0,6.0,3.0,1.0
362,CHP05357,芸薹,0.5,2.0,2.0,1.0,1.0
363,CHP02567,马蛋果,0.5,2.0,2.0,1.0,0.0
364,CHP02540,绿玉树,0.5,2.0,2.0,1.0,1.0
365,CHP01066,凤尾茶,0.5,4.0,4.0,2.0,1.0
366,CHP01089,佛甲草,0.5,8.0,8.0,4.0,3.0
367,CHP01040,粪箕笃,0.5,4.0,4.0,2.0,0.0
368,CHP04986,杨梅核仁,0.5,2.0,2.0,1.0,1.0
369,CHP03114,瓶尔小草,0.5,2.0,2.0,1.0,1.0
370,CHP03119,婆罗门参,0.5,8.0,8.0,4.0,3.0
371,CHP03098,枇杷,0.5,6.0,6.0,3.0,3.0
372,CHP01125,甘青铁线莲,0.5,6.0,6.0,3.0,3.0
373,CHP02942,南酸枣,0.5,4.0,4.0,2.0,2.0
374,CHP02951,南烛,0.5,4.0,4.0,2.0,2.0
375,CHP03426,桑寄生,0.5,6.0,6.0,3.0,2.0
376,CHP02663,毛草龙,0.5,6.0,6.0,3.0,2.0
377,CHP02696,毛连菜,0.5,4.0,4.0,2.0,2.0
378,CHP02769,美人蕉,0.5,4.0,4.0,2.0,2.0
379,CHP02746,茅香,0.5,2.0,2.0,1.0,1.0
380,CHP02745,茅莓,0.5,2.0,2.0,1.0,1.0
381,CHP01786,鸡冠花,0.5,6.0,6.0,3.0,2.0
382,CHP01775,鸡蛋果,0.5,2.0,2.0,1.0,1.0
383,CHP02789,米皮糠,0.5,10.0,10.0,5.0,4.0
384,CHP02781,迷迭香,0.5,10.0,10.0,5.0,5.0
385,CHP05302,元宝草,0.5,8.0,8.0,4.0,1.0
386,CHP01269,管花肉苁蓉,0.5,10.0,10.0,5.0,5.0
387,CHP04070,桃子,0.5,2.0,2.0,1.0,1.0
388,CHP05501,枳实,0.5,6.0,6.0,3.0,3.0
389,CHP05465,珍珠梅,0.5,2.0,2.0,1.0,1.0
390,CHP05313,圆叶茅膏菜,0.5,2.0,2.0,1.0,1.0
391,CHP02834,茉莉花,0.5,2.0,2.0,1.0,1.0
392,CHP03898,水苏,0.5,4.0,4.0,2.0,2.0
393,CHP04114,甜茶,0.5,2.0,2.0,1.0,1.0
394,CHP05287,玉蜀黍,0.5,4.0,4.0,2.0,2.0
395,CHP03893,水松,0.5,4.0,4.0,2.0,2.0
396,CHP02644,芒萁骨,0.5,2.0,2.0,1.0,1.0
397,CHP02649,莽草根,0.5,2.0,2.0,1.0,1.0
398,CHP01255,拐芹,0.5,2.0,2.0,1.0,0.0
399,CHP05261,鱼藤,0.5,40.0,40.0,20.0,14.0
400,CHP01257,关苍术,0.5,4.0,4.0,2.0,2.0
401,CHP03992,粟米草,0.5,8.0,8.0,4.0,4.0
402,CHP04000,酸模,0.5,2.0,2.0,1.0,1.0
403,CHP00767,钓樟根皮,0.5,8.0,8.0,4.0,3.0
404,CHP00731,棣棠花,0.5,12.0,12.0,6.0,5.0
405,CHP00693,地锦,0.5,6.0,6.0,3.0,3.0
406,CHP05470,枕材,0.5,2.0,2.0,1.0,1.0
407,CHP02035,橘子,0.5,6.0,6.0,3.0,1.0
408,CHP02531,绿豆皮,0.5,2.0,2.0,1.0,1.0
409,CHP03087,蓬子菜,0.5,4.0,4.0,2.0,2.0
410,CHP03083,蓬莪术,0.5,6.0,6.0,3.0,3.0
411,CHP02563,马槟榔,0.5,2.0,2.0,1.0,1.0
412,CHP02600,马银花,0.5,2.0,2.0,1.0,1.0
413,CHP02597,马先蒿,0.5,2.0,2.0,1.0,1.0
414,CHP02526,吕宋果,0.5,10.0,10.0,5.0,5.0
415,CHP02498,罗汉松,0.5,18.0,18.0,9.0,8.0
416,CHP00141,白薯莨,0.5,2.0,2.0,1.0,0.0
417,CHP05841,海螵蛸,0.5,2.0,2.0,1.0,1.0
418,CHP01677,黄荆根,0.5,2.0,2.0,1.0,0.0
419,CHP01641,黄甘草,0.5,4.0,4.0,2.0,1.0
420,CHP05919,鹿角,0.5,2.0,2.0,1.0,1.0
421,CHP05967,牛靥,0.5,6.0,6.0,3.0,3.0
422,CHP01244,骨节草,0.5,6.0,6.0,3.0,3.0
423,CHP05912,灵猫香,0.5,2.0,2.0,1.0,1.0
424,CHP00368,橙子,0.5,8.0,8.0,4.0,2.0
425,CHP04698,小米草,0.5,2.0,2.0,1.0,1.0
426,CHP04835,雪见草,0.5,2.0,2.0,1.0,1.0
427,CHP00100,白胶香,0.5,20.0,20.0,10.0,10.0
428,CHP04477,细茎石斛,0.5,4.0,4.0,2.0,2.0
429,CHP04422,五桠果,0.5,4.0,4.0,2.0,2.0
430,CHP04538,藓生马先蒿,0.5,4.0,4.0,2.0,2.0
431,CHP04392,梧桐子,0.5,2.0,2.0,1.0,1.0
432,CHP04737,小叶黑柴胡,0.5,2.0,2.0,1.0,1.0
433,CHP01375,黑豆衣,0.5,2.0,2.0,1.0,1.0
434,CHP02100,苦豆子,0.5,2.0,2.0,1.0,1.0
435,CHP02096,苦碟子,0.5,2.0,2.0,1.0,1.0
436,CHP02104,苦瓜,0.5,4.0,4.0,2.0,2.0
437,CHP02109,苦蒿,0.5,12.0,12.0,6.0,6.0
438,CHP02082,孔雀草,0.5,10.0,10.0,5.0,5.0
439,CHP01942,金丝桃,0.5,10.0,10.0,5.0,4.0
440,CHP04842,雪山林,0.48717948717948717,39.0,39.0,19.0,19.0
441,CHP00726,灯心草,0.4864864864864865,37.0,37.0,18.0,14.0
442,CHP04764,缬草,0.4838709677419355,31.0,31.0,15.0,13.0
443,CHP05478,栀子,0.4791666666666667,48.0,48.0,23.0,23.0
444,CHP06127,树舌,0.4782608695652174,46.0,46.0,22.0,21.0
445,CHP03664,麝香草,0.47619047619047616,21.0,21.0,10.0,10.0
446,CHP00467,粗叶悬钩子,0.47619047619047616,21.0,21.0,10.0,8.0
447,CHP04987,杨梅树皮,0.47619047619047616,21.0,21.0,10.0,10.0
448,CHP00062,白刺花,0.47619047619047616,21.0,21.0,10.0,9.0
449,CHP04280,晚香玉,0.47368421052631576,19.0,19.0,9.0,9.0
450,CHP00296,蚕豆,0.47368421052631576,19.0,19.0,9.0,8.0
451,CHP02528,绿豆,0.47368421052631576,38.0,38.0,18.0,15.0
452,CHP02500,罗汉松实,0.47058823529411764,17.0,17.0,8.0,8.0
453,CHP03217,芹花,0.47058823529411764,17.0,17.0,8.0,6.0
454,CHP02342,裂果薯,0.47058823529411764,17.0,17.0,8.0,8.0
455,CHP02588,马桑,0.4666666666666667,15.0,15.0,7.0,7.0
456,CHP00090,白花丹,0.4666666666666667,45.0,45.0,21.0,16.0
457,CHP02391,六棱菊,0.4642857142857143,28.0,28.0,13.0,13.0
458,CHP00333,茶叶,0.464,125.0,125.0,58.0,51.0
459,CHP05051,野菊花,0.46296296296296297,54.0,54.0,25.0,25.0
460,CHP02207,狼把草,0.46153846153846156,13.0,13.0,6.0,5.0
461,CHP04069,桃枝,0.46153846153846156,13.0,13.0,6.0,4.0
462,CHP01342,海南买麻藤,0.46153846153846156,13.0,13.0,6.0,5.0
463,CHP02930,南瓜子,0.46153846153846156,13.0,13.0,6.0,5.0
464,CHP03038,糯稻根,0.46153846153846156,13.0,13.0,6.0,6.0
465,CHP01540,湖北黄精,0.46153846153846156,13.0,13.0,6.0,6.0
466,CHP05896,僵蚕,0.46153846153846156,26.0,26.0,12.0,11.0
467,CHP00060,白车轴草,0.46153846153846156,26.0,26.0,12.0,8.0
468,CHP01620,槐,0.46153846153846156,13.0,13.0,6.0,5.0
469,CHP00421,穿龙薯蓣,0.4594594594594595,37.0,37.0,17.0,13.0
470,CHP00597,大叶仙茅,0.4583333333333333,24.0,24.0,11.0,11.0
471,CHP01323,桂皮,0.45454545454545453,11.0,11.0,5.0,5.0
472,CHP00016,安徽贝母,0.45454545454545453,11.0,11.0,5.0,5.0
473,CHP04608,向日葵叶,0.45454545454545453,11.0,11.0,5.0,5.0
474,CHP05779,蟾蜍,0.45454545454545453,11.0,11.0,5.0,5.0
475,CHP02222,老鹳草,0.45454545454545453,22.0,22.0,10.0,9.0
476,CHP01469,红母鸡草,0.45454545454545453,11.0,11.0,5.0,4.0
477,CHP05289,玉叶金花,0.45454545454545453,11.0,11.0,5.0,5.0
478,CHP01363,荷花玉兰,0.45454545454545453,11.0,11.0,5.0,3.0
479,CHP00221,保山乌头,0.45454545454545453,11.0,11.0,5.0,5.0
480,CHP01912,金合欢,0.45454545454545453,11.0,11.0,5.0,5.0
481,CHP05515,重楼,0.45161290322580644,31.0,31.0,14.0,14.0
482,CHP05623,紫草,0.45,20.0,20.0,9.0,8.0
483,CHP01131,甘西鼠尾草,0.45,20.0,20.0,9.0,7.0
484,CHP00049,霸王鞭,0.45,20.0,20.0,9.0,8.0
485,CHP02656,猫须草,0.4489795918367347,49.0,49.0,22.0,22.0
486,CHP01370,鹤虱,0.4482758620689655,29.0,29.0,13.0,10.0
487,CHP04075,藤黄,0.4479166666666667,96.0,96.0,43.0,24.0
488,CHP04809,绣线菊叶,0.4444444444444444,9.0,9.0,4.0,4.0
489,CHP04463,锡生藤,0.4444444444444444,9.0,9.0,4.0,1.0
490,CHP00604,大叶紫珠,0.4444444444444444,9.0,9.0,4.0,3.0
491,CHP05030,野甘草,0.4444444444444444,18.0,18.0,8.0,6.0
492,CHP03022,牛西西,0.4444444444444444,9.0,9.0,4.0,4.0
493,CHP00094,白花射干,0.4444444444444444,9.0,9.0,4.0,2.0
494,CHP00102,白芥子,0.4444444444444444,18.0,18.0,8.0,4.0
495,CHP00081,白蒿,0.4444444444444444,9.0,9.0,4.0,4.0
496,CHP04821,萱草,0.4444444444444444,9.0,9.0,4.0,4.0
497,CHP02367,琉璃草,0.4444444444444444,27.0,27.0,12.0,11.0
498,CHP05112,叶底珠,0.4444444444444444,18.0,18.0,8.0,8.0
499,CHP04867,鸦片,0.4444444444444444,9.0,9.0,4.0,3.0
500,CHP01537,湖北贝母,0.4444444444444444,9.0,9.0,4.0,3.0
501,CHP00044,芭蕉花,0.4444444444444444,9.0,9.0,4.0,4.0
502,CHP01002,繁缕,0.4444444444444444,9.0,9.0,4.0,4.0
503,CHP05376,泽兰,0.4444444444444444,45.0,45.0,20.0,19.0
504,CHP02523,落新妇,0.4444444444444444,18.0,18.0,8.0,2.0
505,CHP00059,白菖,0.4426229508196721,61.0,61.0,27.0,23.0
506,CHP01114,覆盆子,0.4423076923076923,52.0,52.0,23.0,17.0
507,CHP02180,莱菔子,0.4411764705882353,34.0,34.0,15.0,13.0
508,CHP03979,苏木,0.44,50.0,50.0,22.0,15.0
509,CHP02489,罗布麻叶,0.44,25.0,25.0,11.0,9.0
510,CHP00906,堆心菊,0.44,25.0,25.0,11.0,10.0
511,CHP02863,木瓜,0.43902439024390244,41.0,41.0,18.0,15.0
512,CHP06122,桑黄,0.4375,16.0,16.0,7.0,6.0
513,CHP01058,蜂斗菜,0.43617021276595747,94.0,94.0,41.0,34.0
514,CHP04413,五色梅,0.43478260869565216,23.0,23.0,10.0,9.0
515,CHP01898,芥子,0.4338235294117647,136.0,136.0,59.0,55.0
516,CHP01273,贯众,0.43243243243243246,37.0,37.0,16.0,15.0
517,CHP00315,草豆蔻,0.43243243243243246,37.0,37.0,16.0,14.0
518,CHP00441,刺柏,0.43243243243243246,37.0,37.0,16.0,13.0
519,CHP00071,白饭豆,0.43137254901960786,51.0,51.0,22.0,22.0
520,CHP01334,海带,0.4307692307692308,65.0,65.0,28.0,26.0
521,CHP03213,荞麦,0.42857142857142855,14.0,14.0,6.0,6.0
522,CHP02510,萝藦,0.42857142857142855,14.0,14.0,6.0,6.0
523,CHP03020,牛尾蒿,0.42857142857142855,14.0,14.0,6.0,5.0
524,CHP01506,厚皮香,0.42857142857142855,7.0,7.0,3.0,3.0
525,CHP01702,黄麻叶,0.42857142857142855,7.0,7.0,3.0,3.0
526,CHP01598,华桑,0.42857142857142855,14.0,14.0,6.0,3.0
527,CHP02463,鹿角菜,0.42857142857142855,7.0,7.0,3.0,3.0
528,CHP01235,枸杞叶,0.42857142857142855,14.0,14.0,6.0,6.0
529,CHP01573,花叶假杜鹃,0.42857142857142855,7.0,7.0,3.0,3.0
530,CHP01907,金粉蕨,0.42857142857142855,7.0,7.0,3.0,2.0
531,CHP01739,黄菀,0.42857142857142855,7.0,7.0,3.0,3.0
532,CHP00672,地耳草,0.42857142857142855,98.0,98.0,42.0,29.0
533,CHP00728,灯油藤子,0.42857142857142855,7.0,7.0,3.0,3.0
534,CHP01338,海金砂,0.42857142857142855,28.0,28.0,12.0,9.0
535,CHP03434,桑枝,0.42857142857142855,35.0,35.0,15.0,13.0
536,CHP05221,油茶根皮,0.42857142857142855,7.0,7.0,3.0,3.0
537,CHP03132,葡萄柚,0.42857142857142855,7.0,7.0,3.0,2.0
538,CHP05183,银线草,0.42857142857142855,7.0,7.0,3.0,3.0
539,CHP03981,苏铁,0.42857142857142855,7.0,7.0,3.0,2.0
540,CHP04995,洋蓍草,0.42857142857142855,7.0,7.0,3.0,3.0
541,CHP04886,亚罗椿,0.42857142857142855,7.0,7.0,3.0,3.0
542,CHP04290,万寿菊,0.42857142857142855,7.0,7.0,3.0,3.0
543,CHP04363,巫山淫羊藿,0.42857142857142855,7.0,7.0,3.0,3.0
544,CHP03910,水仙,0.42857142857142855,7.0,7.0,3.0,1.0
545,CHP04485,细叶桉叶,0.42857142857142855,7.0,7.0,3.0,3.0
546,CHP00496,大风子,0.42857142857142855,28.0,28.0,12.0,6.0
547,CHP00485,大丁草,0.42857142857142855,28.0,28.0,12.0,8.0
548,CHP02172,辣椒,0.42592592592592593,108.0,108.0,46.0,37.0
549,CHP04083,天冬,0.42592592592592593,54.0,54.0,23.0,22.0
550,CHP00186,柏子仁,0.425531914893617,47.0,47.0,20.0,13.0
551,CHP00140,白首乌,0.425,40.0,40.0,17.0,17.0
552,CHP04807,绣线菊,0.42424242424242425,33.0,33.0,14.0,13.0
553,CHP01608,化橘红,0.42424242424242425,33.0,33.0,14.0,10.0
554,CHP00300,苍耳子,0.4225352112676056,71.0,71.0,30.0,24.0
555,CHP02756,梅花,0.421875,64.0,64.0,27.0,20.0
556,CHP04042,太子参,0.42105263157894735,19.0,19.0,8.0,7.0
557,CHP03867,水蓼,0.4166666666666667,12.0,12.0,5.0,5.0
558,CHP02310,莲叶橐吾,0.4166666666666667,12.0,12.0,5.0,5.0
559,CHP04084,天胡荽,0.4166666666666667,12.0,12.0,5.0,5.0
560,CHP00313,草苁蓉,0.4166666666666667,36.0,36.0,15.0,15.0
561,CHP00486,大豆,0.4166666666666667,12.0,12.0,5.0,5.0
562,CHP04902,芫荽子,0.4117647058823529,17.0,17.0,7.0,7.0
563,CHP01019,飞燕草,0.4117647058823529,17.0,17.0,7.0,7.0
564,CHP00816,冬瓜子,0.41025641025641024,39.0,39.0,16.0,14.0
565,CHP06091,茯苓皮,0.41025641025641024,39.0,39.0,16.0,16.0
566,CHP01543,槲寄生,0.4098360655737705,61.0,61.0,25.0,24.0
567,CHP00191,斑鸠菊,0.4090909090909091,22.0,22.0,9.0,9.0
568,CHP02418,龙血树,0.4090909090909091,22.0,22.0,9.0,8.0
569,CHP00997,番泻叶,0.4090909090909091,22.0,22.0,9.0,6.0
570,CHP00258,扁豆,0.40860215053763443,93.0,93.0,38.0,31.0
571,CHP01681,黄荆子,0.4077669902912621,103.0,103.0,42.0,41.0
572,CHP00660,稻草,0.4074074074074074,27.0,27.0,11.0,11.0
573,CHP04225,土茯苓,0.4074074074074074,27.0,27.0,11.0,11.0
574,CHP00806,东风橘根,0.4074074074074074,27.0,27.0,11.0,5.0
575,CHP03104,啤酒花,0.4074074074074074,54.0,54.0,22.0,17.0
576,CHP00039,巴戟天,0.40522875816993464,153.0,153.0,62.0,38.0
577,CHP02057,蕨菜,0.40425531914893614,47.0,47.0,19.0,18.0
578,CHP01477,红芪,0.40425531914893614,47.0,47.0,19.0,16.0
579,CHP00455,刺桐,0.40384615384615385,104.0,104.0,42.0,22.0
580,CHP00470,翠雀花,0.40384615384615385,52.0,52.0,21.0,19.0
581,CHP01416,红豆杉,0.4032846715328467,548.0,548.0,221.0,211.0
582,CHP00812,冬瓜皮,0.40229885057471265,174.0,174.0,70.0,54.0
583,CHP04682,小蓟,0.4,5.0,5.0,2.0,2.0
584,CHP04958,羊角拗,0.4,10.0,10.0,4.0,4.0
585,CHP04822,萱草根,0.4,5.0,5.0,2.0,2.0
586,CHP00482,大巢菜,0.4,5.0,5.0,2.0,2.0
587,CHP00448,刺梨,0.4,5.0,5.0,2.0,1.0
588,CHP04816,徐长卿,0.4,15.0,15.0,6.0,4.0
589,CHP00213,榜嘎,0.4,5.0,5.0,2.0,2.0
590,CHP01558,虎掌草,0.4,5.0,5.0,2.0,2.0
591,CHP04591,香橼,0.4,10.0,10.0,4.0,4.0
592,CHP01840,假百合,0.4,5.0,5.0,2.0,2.0
593,CHP02898,木天蓼,0.4,25.0,25.0,10.0,10.0
594,CHP01181,戈壁天门冬,0.4,10.0,10.0,4.0,4.0
595,CHP03027,牛心茄子,0.4,5.0,5.0,2.0,2.0
596,CHP04276,豌豆,0.4,10.0,10.0,4.0,3.0
597,CHP04285,万年青根,0.4,10.0,10.0,4.0,4.0
598,CHP00770,调经草,0.4,5.0,5.0,2.0,2.0
599,CHP00670,地胆草,0.4,10.0,10.0,4.0,4.0
600,CHP02065,看麦娘状莎草,0.4,15.0,15.0,6.0,5.0
601,CHP03647,蛇根草,0.4,10.0,10.0,4.0,4.0
602,CHP03589,山小橘,0.4,5.0,5.0,2.0,2.0
603,CHP03561,山柰,0.4,20.0,20.0,8.0,7.0
604,CHP03518,山胡椒,0.4,5.0,5.0,2.0,2.0
605,CHP01042,风轮菜,0.4,40.0,40.0,16.0,16.0
606,CHP01813,吉祥草,0.4,20.0,20.0,8.0,8.0
607,CHP00331,茶树根,0.4,5.0,5.0,2.0,2.0
608,CHP05309,圆滑番荔枝,0.4,5.0,5.0,2.0,2.0
609,CHP05572,竹沥,0.4,15.0,15.0,6.0,5.0
610,CHP05582,竹叶椒,0.4,10.0,10.0,4.0,3.0
611,CHP05486,蜘蛛香,0.4,10.0,10.0,4.0,0.0
612,CHP01740,黄心果,0.4,15.0,15.0,6.0,5.0
613,CHP04962,羊角藤,0.4,5.0,5.0,2.0,2.0
614,CHP01884,角蒿,0.4,10.0,10.0,4.0,2.0
615,CHP01412,红椿,0.4,5.0,5.0,2.0,2.0
616,CHP00103,白金果榄,0.4,10.0,10.0,4.0,3.0
617,CHP02216,榔榆皮,0.4,5.0,5.0,2.0,1.0
618,CHP05831,龟甲,0.4,5.0,5.0,2.0,1.0
619,CHP02340,列当,0.4,5.0,5.0,2.0,2.0
620,CHP02639,芒果核,0.4,5.0,5.0,2.0,2.0
621,CHP02934,南山藤,0.4,5.0,5.0,2.0,2.0
622,CHP02814,绵枣儿,0.4,10.0,10.0,4.0,4.0
623,CHP02713,毛蕊花,0.4,5.0,5.0,2.0,2.0
624,CHP02675,毛冬青,0.4,5.0,5.0,2.0,1.0
625,CHP00231,北玄参,0.4,15.0,15.0,6.0,5.0
626,CHP00206,半边苏,0.4,35.0,35.0,14.0,12.0
627,CHP00098,白花油麻藤,0.4,5.0,5.0,2.0,2.0
628,CHP01035,粉葛,0.4,5.0,5.0,2.0,2.0
629,CHP00853,毒芹根,0.4,10.0,10.0,4.0,4.0
630,CHP04313,尾叶香茶菜,0.4,35.0,35.0,14.0,14.0
631,CHP03806,鼠曲草,0.4,10.0,10.0,4.0,2.0
632,CHP03871,水龙骨,0.4,25.0,25.0,10.0,10.0
633,CHP02137,苦玄参,0.4,20.0,20.0,8.0,8.0
634,CHP03565,山萩,0.4,5.0,5.0,2.0,2.0
635,CHP03503,山矾,0.4,5.0,5.0,2.0,2.0
636,CHP00849,豆油,0.4,10.0,10.0,4.0,4.0
637,CHP00722,灯笼草,0.4,10.0,10.0,4.0,4.0
638,CHP00742,滇黄芩,0.4,10.0,10.0,4.0,2.0
639,CHP03097,皮哨子,0.4,5.0,5.0,2.0,2.0
640,CHP02420,龙牙楤木,0.4,5.0,5.0,2.0,2.0
641,CHP02514,骆驼蓬,0.4,5.0,5.0,2.0,2.0
642,CHP01345,海州骨碎补,0.4,10.0,10.0,4.0,4.0
643,CHP00014,艾叶,0.3979848866498741,397.0,397.0,158.0,127.0
644,CHP01834,夹竹桃,0.39655172413793105,58.0,58.0,23.0,22.0
645,CHP00076,白附子,0.39655172413793105,58.0,58.0,23.0,19.0
646,CHP05255,余甘子,0.3958333333333333,48.0,48.0,19.0,19.0
647,CHP03397,三七,0.39316239316239315,117.0,117.0,46.0,37.0
648,CHP00305,藏边大黄,0.39285714285714285,28.0,28.0,11.0,9.0
649,CHP01771,藿香,0.3888888888888889,72.0,72.0,28.0,19.0
650,CHP02638,芒果,0.3888888888888889,36.0,36.0,14.0,13.0
651,CHP00458,葱白,0.38571428571428573,70.0,70.0,27.0,21.0
652,CHP02440,漏芦,0.38461538461538464,26.0,26.0,10.0,10.0
653,CHP04523,夏至草,0.38461538461538464,13.0,13.0,5.0,5.0
654,CHP02612,麦芽,0.38461538461538464,26.0,26.0,10.0,5.0
655,CHP02676,毛萼香茶菜,0.38461538461538464,39.0,39.0,15.0,12.0
656,CHP00872,独一味,0.38461538461538464,26.0,26.0,10.0,10.0
657,CHP05377,泽漆,0.38461538461538464,39.0,39.0,15.0,14.0
658,CHP05286,玉米须,0.38461538461538464,13.0,13.0,5.0,5.0
659,CHP00323,草乌叶,0.38461538461538464,13.0,13.0,5.0,5.0
660,CHP04893,烟草,0.38461538461538464,13.0,13.0,5.0,5.0
661,CHP00274,槟榔,0.38372093023255816,172.0,172.0,66.0,54.0
662,CHP01357,何首乌,0.38235294117647056,34.0,34.0,13.0,11.0
663,CHP04552,香茶菜,0.38228941684665224,463.0,463.0,177.0,173.0
664,CHP05704,紫玉盘,0.38095238095238093,21.0,21.0,8.0,7.0
665,CHP05615,梓叶,0.38095238095238093,21.0,21.0,8.0,8.0
666,CHP03657,蛇葡萄,0.38095238095238093,21.0,21.0,8.0,8.0
667,CHP01515,胡椒,0.3805970149253731,134.0,134.0,51.0,47.0
668,CHP01508,厚朴,0.38016528925619836,121.0,121.0,46.0,30.0
669,CHP02063,开口箭,0.38,50.0,50.0,19.0,18.0
670,CHP03491,山慈菇,0.38,50.0,50.0,19.0,16.0
671,CHP00416,川木香,0.3793103448275862,29.0,29.0,11.0,11.0
672,CHP01656,黄花夹竹桃,0.3783783783783784,37.0,37.0,14.0,13.0
673,CHP02297,连钱草,0.3770491803278688,61.0,61.0,23.0,21.0
674,CHP05157,益母草,0.37681159420289856,69.0,69.0,26.0,24.0
675,CHP00355,车前草,0.3756345177664975,197.0,197.0,74.0,63.0
676,CHP03334,榕树,0.375,16.0,16.0,6.0,6.0
677,CHP00945,多穗石柯叶,0.375,8.0,8.0,3.0,3.0
678,CHP00612,代代花,0.375,96.0,96.0,36.0,34.0
679,CHP05662,紫茉莉,0.375,8.0,8.0,3.0,3.0
680,CHP00466,粗榧子,0.375,8.0,8.0,3.0,3.0
681,CHP05634,紫红獐牙菜,0.375,8.0,8.0,3.0,2.0
682,CHP04574,香排草,0.375,8.0,8.0,3.0,3.0
683,CHP01846,假蒟子,0.375,8.0,8.0,3.0,3.0
684,CHP06129,松蕈,0.375,8.0,8.0,3.0,3.0
685,CHP01693,黄龙胆,0.375,16.0,16.0,6.0,6.0
686,CHP04643,小飞蓬,0.375,8.0,8.0,3.0,3.0
687,CHP01316,桂花,0.375,8.0,8.0,3.0,3.0
688,CHP01288,光叶巴豆,0.375,24.0,24.0,9.0,8.0
689,CHP01256,关白附,0.375,16.0,16.0,6.0,5.0
690,CHP01346,含羞草,0.375,8.0,8.0,3.0,3.0
691,CHP02439,耧斗菜,0.375,16.0,16.0,6.0,6.0
692,CHP02566,马齿苋,0.375,64.0,64.0,24.0,24.0
693,CHP01424,红厚壳,0.375,40.0,40.0,15.0,6.0
694,CHP01272,贯叶连翘,0.375,32.0,32.0,12.0,8.0
695,CHP04390,梧桐,0.375,8.0,8.0,3.0,2.0
696,CHP03753,石蒜,0.375,16.0,16.0,6.0,6.0
697,CHP00859,独角莲,0.375,8.0,8.0,3.0,3.0
698,CHP03705,石莼,0.375,8.0,8.0,3.0,3.0
699,CHP04002,酸石榴,0.375,8.0,8.0,3.0,3.0
700,CHP00424,垂盆草,0.373134328358209,67.0,67.0,25.0,19.0
701,CHP00088,白花菜子,0.3723404255319149,94.0,94.0,35.0,31.0
702,CHP01185,葛根,0.37209302325581395,43.0,43.0,16.0,16.0
703,CHP01356,合欢皮,0.37142857142857144,35.0,35.0,13.0,10.0
704,CHP02901,木通,0.3709677419354839,62.0,62.0,23.0,22.0
705,CHP02400,龙胆草,0.36923076923076925,65.0,65.0,24.0,23.0
706,CHP02219,莨菪叶,0.3684210526315789,38.0,38.0,14.0,13.0
707,CHP01936,金雀花,0.3684210526315789,19.0,19.0,7.0,6.0
708,CHP03695,蓍实,0.3684210526315789,19.0,19.0,7.0,7.0
709,CHP01326,桂枝,0.3684210526315789,57.0,57.0,21.0,16.0
710,CHP02889,木榄,0.3684210526315789,19.0,19.0,7.0,7.0
711,CHP00209,半夏,0.36774193548387096,155.0,155.0,57.0,51.0
712,CHP00048,菝葜,0.36666666666666664,90.0,90.0,33.0,26.0
713,CHP03444,沙棘,0.36666666666666664,90.0,90.0,33.0,24.0
714,CHP05782,蟾酥,0.36619718309859156,71.0,71.0,26.0,26.0
715,CHP00106,白蜡树皮,0.36585365853658536,82.0,82.0,30.0,25.0
716,CHP02030,橘红,0.36538461538461536,52.0,52.0,19.0,15.0
717,CHP00519,大戟,0.3644859813084112,107.0,107.0,39.0,32.0
718,CHP05132,一年蓬,0.36363636363636365,22.0,22.0,8.0,7.0
719,CHP01968,金盏菊,0.36363636363636365,44.0,44.0,16.0,16.0
720,CHP00347,常春藤,0.36363636363636365,11.0,11.0,4.0,4.0
721,CHP04629,小檗,0.36363636363636365,11.0,11.0,4.0,4.0
722,CHP04599,响铃草,0.36363636363636365,11.0,11.0,4.0,3.0
723,CHP00454,刺楸树皮,0.36363636363636365,11.0,11.0,4.0,4.0
724,CHP06117,蘑菇,0.36363636363636365,11.0,11.0,4.0,4.0
725,CHP02308,莲生桂子花,0.36363636363636365,11.0,11.0,4.0,4.0
726,CHP01207,钩吻,0.36363636363636365,77.0,77.0,28.0,18.0
727,CHP00974,耳草,0.36363636363636365,11.0,11.0,4.0,4.0
728,CHP02892,木麻黄,0.36363636363636365,11.0,11.0,4.0,4.0
729,CHP01015,飞廉,0.36363636363636365,11.0,11.0,4.0,4.0
730,CHP01309,鬼箭锦鸡儿,0.36363636363636365,11.0,11.0,4.0,4.0
731,CHP03263,清风藤,0.36363636363636365,11.0,11.0,4.0,4.0
732,CHP01965,金鱼藤,0.36363636363636365,11.0,11.0,4.0,4.0
733,CHP00019,安息香,0.36257309941520466,171.0,171.0,62.0,48.0
734,CHP01367,核桃仁,0.3620689655172414,58.0,58.0,21.0,17.0
735,CHP05805,蜂胶,0.3614457831325301,83.0,83.0,30.0,22.0
736,CHP00303,苍术,0.36036036036036034,111.0,111.0,40.0,35.0
737,CHP00875,杜茎山,0.36,25.0,25.0,9.0,8.0
738,CHP01756,茴芹,0.36,25.0,25.0,9.0,9.0
739,CHP01741,黄杨,0.36,25.0,25.0,9.0,9.0
740,CHP02604,买麻藤,0.358974358974359,39.0,39.0,14.0,13.0
741,CHP02855,木鳖子,0.35714285714285715,14.0,14.0,5.0,4.0
742,CHP03013,牛舌草,0.35714285714285715,14.0,14.0,5.0,5.0
743,CHP00445,刺槐花,0.35714285714285715,14.0,14.0,5.0,5.0
744,CHP05338,云南甘草,0.35714285714285715,14.0,14.0,5.0,5.0
745,CHP05687,紫菀,0.35714285714285715,28.0,28.0,10.0,9.0
746,CHP02602,马醉木,0.35714285714285715,14.0,14.0,5.0,5.0
747,CHP03186,千屈菜,0.35714285714285715,28.0,28.0,10.0,7.0
748,CHP00386,赤杨,0.3548387096774194,31.0,31.0,11.0,9.0
749,CHP02125,苦木,0.3548387096774194,62.0,62.0,22.0,22.0
750,CHP05557,猪鬃草,0.35294117647058826,17.0,17.0,6.0,6.0
751,CHP05061,野马追,0.35294117647058826,17.0,17.0,6.0,6.0
752,CHP02055,决明,0.35294117647058826,17.0,17.0,6.0,5.0
753,CHP03843,水红花子,0.35294117647058826,17.0,17.0,6.0,5.0
754,CHP00678,地骨皮,0.35294117647058826,34.0,34.0,12.0,10.0
755,CHP02305,莲花,0.35294117647058826,17.0,17.0,6.0,5.0
756,CHP01118,甘草,0.3519061583577713,341.0,341.0,120.0,82.0
757,CHP03178,千斤拔,0.35135135135135137,37.0,37.0,13.0,9.0
758,CHP00037,巴豆,0.35036496350364965,137.0,137.0,48.0,35.0
759,CHP06113,马勃,0.35,20.0,20.0,7.0,5.0
760,CHP02630,蔓荆,0.35,20.0,20.0,7.0,6.0
761,CHP00361,陈皮,0.34951456310679613,103.0,103.0,36.0,24.0
762,CHP05104,野芝麻,0.3488372093023256,43.0,43.0,15.0,7.0
763,CHP04469,喜树,0.34782608695652173,23.0,23.0,8.0,4.0
764,CHP01933,金荞麦,0.34782608695652173,23.0,23.0,8.0,5.0
765,CHP02750,玫瑰花,0.3469387755102041,49.0,49.0,17.0,13.0
766,CHP02131,苦树皮,0.3448275862068966,58.0,58.0,20.0,19.0
767,CHP00316,草果,0.3448275862068966,29.0,29.0,10.0,9.0
768,CHP03605,山楂叶,0.3448275862068966,29.0,29.0,10.0,9.0
769,CHP03461,砂仁,0.34375,64.0,64.0,22.0,20.0
770,CHP00417,川乌,0.34328358208955223,268.0,268.0,92.0,86.0
771,CHP03997,酸浆,0.34285714285714286,35.0,35.0,12.0,11.0
772,CHP02272,藜芦,0.34210526315789475,38.0,38.0,13.0,13.0
773,CHP05676,紫苏,0.34210526315789475,38.0,38.0,13.0,11.0
774,CHP00797,东北雷公藤,0.34210526315789475,38.0,38.0,13.0,10.0
775,CHP01809,积雪草,0.34146341463414637,41.0,41.0,14.0,14.0
776,CHP00608,大枣,0.34146341463414637,164.0,164.0,56.0,49.0
777,CHP01780,鸡骨草,0.3404255319148936,47.0,47.0,16.0,16.0
778,CHP00121,白毛藤,0.33884297520661155,121.0,121.0,41.0,37.0
779,CHP00241,萆薢,0.33783783783783783,74.0,74.0,25.0,23.0
780,CHP00013,艾实,0.3333333333333333,12.0,12.0,4.0,3.0
781,CHP00854,毒蛆草,0.3333333333333333,3.0,3.0,1.0,1.0
782,CHP05834,蛤蚧,0.3333333333333333,3.0,3.0,1.0,1.0
783,CHP00015,安哥拉八角枫,0.3333333333333333,9.0,9.0,3.0,1.0
784,CHP02085,苦芺,0.3333333333333333,3.0,3.0,1.0,1.0
785,CHP00803,东方荚果蕨,0.3333333333333333,9.0,9.0,3.0,2.0
786,CHP00940,多穗蓼,0.3333333333333333,6.0,6.0,2.0,2.0
787,CHP00936,多裂委陵菜,0.3333333333333333,3.0,3.0,1.0,1.0
788,CHP00802,东方狗脊,0.3333333333333333,12.0,12.0,4.0,4.0
789,CHP02494,罗锅底,0.3333333333333333,9.0,9.0,3.0,3.0
790,CHP05548,猪毛蒿,0.3333333333333333,3.0,3.0,1.0,1.0
791,CHP03863,水苦荬,0.3333333333333333,6.0,6.0,2.0,2.0
792,CHP01350,旱芹,0.3333333333333333,27.0,27.0,9.0,7.0
793,CHP02456,陆地棉,0.3333333333333333,3.0,3.0,1.0,0.0
794,CHP01310,鬼箭羽,0.3333333333333333,42.0,42.0,14.0,11.0
795,CHP01327,桂竹香,0.3333333333333333,3.0,3.0,1.0,1.0
796,CHP00256,鞭叶铁线蕨,0.3333333333333333,12.0,12.0,4.0,4.0
797,CHP02025,菊芋,0.3333333333333333,6.0,6.0,2.0,2.0
798,CHP03853,水黄连,0.3333333333333333,6.0,6.0,2.0,2.0
799,CHP00969,鄂报春,0.3333333333333333,3.0,3.0,1.0,1.0
800,CHP00902,断节参,0.3333333333333333,3.0,3.0,1.0,1.0
801,CHP03306,拳参,0.3333333333333333,3.0,3.0,1.0,1.0
802,CHP01985,荆芥穗,0.3333333333333333,6.0,6.0,2.0,2.0
803,CHP02501,罗汉松叶,0.3333333333333333,9.0,9.0,3.0,2.0
804,CHP05320,月桂叶,0.3333333333333333,6.0,6.0,2.0,2.0
805,CHP01261,关木通,0.3333333333333333,12.0,12.0,4.0,4.0
806,CHP01822,蕺叶秋海棠,0.3333333333333333,3.0,3.0,1.0,1.0
807,CHP05174,银柴胡,0.3333333333333333,6.0,6.0,2.0,2.0
808,CHP03099,枇杷核,0.3333333333333333,6.0,6.0,2.0,2.0
809,CHP03107,偏翅唐松草,0.3333333333333333,3.0,3.0,1.0,1.0
810,CHP03050,欧当归,0.3333333333333333,3.0,3.0,1.0,0.0
811,CHP00708,地刷子,0.3333333333333333,15.0,15.0,5.0,5.0
812,CHP03116,萍蓬草,0.3333333333333333,6.0,6.0,2.0,2.0
813,CHP03120,婆罗门皂荚,0.3333333333333333,9.0,9.0,3.0,2.0
814,CHP04127,甜叶菊,0.3333333333333333,3.0,3.0,1.0,1.0
815,CHP01230,枸橘,0.3333333333333333,12.0,12.0,4.0,3.0
816,CHP04165,铁丝七,0.3333333333333333,6.0,6.0,2.0,2.0
817,CHP04268,娃儿藤,0.3333333333333333,6.0,6.0,2.0,2.0
818,CHP01366,核桃楸果仁,0.3333333333333333,6.0,6.0,2.0,1.0
819,CHP01946,金挖耳,0.3333333333333333,3.0,3.0,1.0,1.0
820,CHP03270,苘麻子,0.3333333333333333,3.0,3.0,1.0,0.0
821,CHP03273,秋枫木,0.3333333333333333,3.0,3.0,1.0,1.0
822,CHP01953,金腰,0.3333333333333333,3.0,3.0,1.0,1.0
823,CHP01931,金钱草,0.3333333333333333,27.0,27.0,9.0,7.0
824,CHP03187,千日红,0.3333333333333333,12.0,12.0,4.0,4.0
825,CHP03202,羌活,0.3333333333333333,102.0,102.0,34.0,31.0
826,CHP03905,水团花,0.3333333333333333,6.0,6.0,2.0,2.0
827,CHP03194,芡实,0.3333333333333333,3.0,3.0,1.0,0.0
828,CHP03907,水蜈蚣,0.3333333333333333,3.0,3.0,1.0,1.0
829,CHP03784,手参,0.3333333333333333,12.0,12.0,4.0,3.0
830,CHP02371,柳穿鱼,0.3333333333333333,9.0,9.0,3.0,2.0
831,CHP02375,柳杉,0.3333333333333333,21.0,21.0,7.0,6.0
832,CHP04449,西瓜,0.3333333333333333,15.0,15.0,5.0,3.0
833,CHP04527,仙人掌,0.3333333333333333,3.0,3.0,1.0,1.0
834,CHP04473,细葛缕子,0.3333333333333333,30.0,30.0,10.0,10.0
835,CHP04571,香茅,0.3333333333333333,3.0,3.0,1.0,1.0
836,CHP02935,南蛇竻,0.3333333333333333,12.0,12.0,4.0,3.0
837,CHP00998,翻白草,0.3333333333333333,15.0,15.0,5.0,5.0
838,CHP02997,牛耳枫子,0.3333333333333333,6.0,6.0,2.0,2.0
839,CHP01054,枫香寄生,0.3333333333333333,3.0,3.0,1.0,0.0
840,CHP00638,当归,0.3333333333333333,171.0,171.0,57.0,45.0
841,CHP04431,五爪龙,0.3333333333333333,6.0,6.0,2.0,1.0
842,CHP00514,大黄花,0.3333333333333333,9.0,9.0,3.0,3.0
843,CHP04326,文殊兰,0.3333333333333333,60.0,60.0,20.0,10.0
844,CHP00573,大叶柴胡,0.3333333333333333,9.0,9.0,3.0,3.0
845,CHP04170,铁仔,0.3333333333333333,3.0,3.0,1.0,1.0
846,CHP02582,马蔺子,0.3333333333333333,3.0,3.0,1.0,1.0
847,CHP05012,野百合,0.3333333333333333,3.0,3.0,1.0,1.0
848,CHP02847,木半夏根,0.3333333333333333,3.0,3.0,1.0,1.0
849,CHP01132,肝风草,0.3333333333333333,18.0,18.0,6.0,5.0
850,CHP01172,高山唐松草,0.3333333333333333,3.0,3.0,1.0,1.0
851,CHP01864,姜黄,0.3333333333333333,48.0,48.0,16.0,13.0
852,CHP02913,苜蓿,0.3333333333333333,6.0,6.0,2.0,2.0
853,CHP01159,杠香藤,0.3333333333333333,3.0,3.0,1.0,1.0
854,CHP04583,香唐松草,0.3333333333333333,3.0,3.0,1.0,1.0
855,CHP04460,西洋梨,0.3333333333333333,3.0,3.0,1.0,1.0
856,CHP01430,红花龙胆,0.3333333333333333,3.0,3.0,1.0,1.0
857,CHP01414,红豆蔻,0.3333333333333333,42.0,42.0,14.0,11.0
858,CHP01387,黑水翠雀,0.3333333333333333,3.0,3.0,1.0,1.0
859,CHP05087,野鸦椿,0.3333333333333333,3.0,3.0,1.0,1.0
860,CHP01776,鸡蛋花,0.3333333333333333,15.0,15.0,5.0,5.0
861,CHP00308,藏青果,0.3333333333333333,3.0,3.0,1.0,1.0
862,CHP02562,马鞭草,0.3333333333333333,42.0,42.0,14.0,12.0
863,CHP02159,昆明鸡血藤,0.3333333333333333,3.0,3.0,1.0,1.0
864,CHP04904,岩败酱,0.3333333333333333,3.0,3.0,1.0,1.0
865,CHP04903,岩白菜,0.3333333333333333,3.0,3.0,1.0,1.0
866,CHP01460,红毛七,0.3333333333333333,9.0,9.0,3.0,3.0
867,CHP00472,打碗花,0.3333333333333333,3.0,3.0,1.0,1.0
868,CHP04616,橡实,0.3333333333333333,6.0,6.0,2.0,2.0
869,CHP04900,芫花根,0.3333333333333333,3.0,3.0,1.0,1.0
870,CHP00444,刺果苏木,0.3333333333333333,36.0,36.0,12.0,12.0
871,CHP04736,小叶贯众,0.3333333333333333,6.0,6.0,2.0,2.0
872,CHP01876,胶质鼠尾草,0.3333333333333333,3.0,3.0,1.0,1.0
873,CHP00415,川木通,0.3333333333333333,96.0,96.0,32.0,20.0
874,CHP00987,番木瓜,0.3333333333333333,24.0,24.0,8.0,8.0
875,CHP00381,赤麻,0.3333333333333333,3.0,3.0,1.0,1.0
876,CHP00397,臭梧桐,0.3333333333333333,18.0,18.0,6.0,6.0
877,CHP04984,杨梅,0.3333333333333333,9.0,9.0,3.0,3.0
878,CHP02670,毛大丁草,0.3333333333333333,9.0,9.0,3.0,1.0
879,CHP04896,烟窝草,0.3333333333333333,9.0,9.0,3.0,3.0
880,CHP02121,苦楝叶,0.3333333333333333,3.0,3.0,1.0,1.0
881,CHP02119,苦楝皮,0.3333333333333333,87.0,87.0,29.0,28.0
882,CHP03360,蕤仁,0.3333333333333333,3.0,3.0,1.0,1.0
883,CHP05689,紫葳茎叶,0.3333333333333333,6.0,6.0,2.0,2.0
884,CHP03576,山莴苣,0.3333333333333333,6.0,6.0,2.0,2.0
885,CHP06033,乌梢蛇,0.3333333333333333,3.0,3.0,1.0,1.0
886,CHP03449,沙塘木,0.3333333333333333,9.0,9.0,3.0,0.0
887,CHP03532,山姜,0.3333333333333333,18.0,18.0,6.0,5.0
888,CHP05955,蜜蜡,0.3333333333333333,3.0,3.0,1.0,0.0
889,CHP05881,鸡内金,0.3333333333333333,3.0,3.0,1.0,1.0
890,CHP02333,亮叶桦皮,0.3333333333333333,3.0,3.0,1.0,1.0
891,CHP00189,斑草,0.3333333333333333,15.0,15.0,5.0,4.0
892,CHP02270,藜草,0.3333333333333333,3.0,3.0,1.0,1.0
893,CHP01630,黄柏,0.3333333333333333,54.0,54.0,18.0,17.0
894,CHP00208,半枫荷,0.3333333333333333,3.0,3.0,1.0,1.0
895,CHP00183,柏树叶,0.3333333333333333,6.0,6.0,2.0,1.0
896,CHP00543,板蓝根,0.3316062176165803,193.0,193.0,64.0,50.0
897,CHP00003,阿魏,0.3308270676691729,133.0,133.0,44.0,38.0
898,CHP01623,槐花,0.33035714285714285,112.0,112.0,37.0,30.0
899,CHP00212,半枝莲,0.3274336283185841,113.0,113.0,37.0,31.0
900,CHP01516,胡芦巴,0.3263888888888889,144.0,144.0,47.0,45.0
901,CHP01519,胡萝卜子,0.32558139534883723,43.0,43.0,14.0,11.0
902,CHP00412,川贝母,0.32456140350877194,228.0,228.0,74.0,66.0
903,CHP00246,蓖麻子,0.32432432432432434,37.0,37.0,12.0,10.0
904,CHP03716,石斛,0.32432432432432434,74.0,74.0,24.0,21.0
905,CHP01514,胡黄连,0.32432432432432434,74.0,74.0,24.0,24.0
906,CHP03609,山茱萸,0.323943661971831,71.0,71.0,23.0,15.0
907,CHP01603,华泽兰,0.3235294117647059,34.0,34.0,11.0,11.0
908,CHP02541,葎草,0.3225806451612903,31.0,31.0,10.0,6.0
909,CHP00326,侧柏叶,0.32222222222222224,90.0,90.0,29.0,21.0
910,CHP00170,百合,0.32116788321167883,137.0,137.0,44.0,36.0
911,CHP02808,绵萆薢,0.32075471698113206,53.0,53.0,17.0,17.0
912,CHP00457,葱,0.32,25.0,25.0,8.0,3.0
913,CHP00030,八角茴香,0.31954887218045114,266.0,266.0,85.0,75.0
914,CHP00689,地黄,0.3192982456140351,285.0,285.0,91.0,81.0
915,CHP00984,番荔枝,0.3192982456140351,285.0,285.0,91.0,80.0
916,CHP00032,八角莲,0.3188405797101449,138.0,138.0,44.0,35.0
917,CHP02161,昆明山海棠,0.3181818181818182,44.0,44.0,14.0,13.0
918,CHP00443,刺果甘草,0.3181818181818182,22.0,22.0,7.0,7.0
919,CHP05186,银杏叶,0.3181818181818182,44.0,44.0,14.0,13.0
920,CHP02546,麻黄,0.3181818181818182,88.0,88.0,28.0,21.0
921,CHP05427,长管香茶菜,0.3181818181818182,22.0,22.0,7.0,6.0
922,CHP00513,大黄,0.3170731707317073,205.0,205.0,65.0,47.0
923,CHP00775,丁公藤,0.31666666666666665,60.0,60.0,19.0,15.0
924,CHP05140,一枝黄花,0.3157894736842105,19.0,19.0,6.0,6.0
925,CHP05962,牛黄,0.3157894736842105,19.0,19.0,6.0,6.0
926,CHP03182,千里光,0.3142857142857143,35.0,35.0,11.0,9.0
927,CHP00306,藏红花,0.31343283582089554,134.0,134.0,42.0,35.0
928,CHP03698,十大功劳叶,0.31343283582089554,67.0,67.0,21.0,21.0
929,CHP00162,白芷,0.3127035830618892,307.0,307.0,96.0,67.0
930,CHP00772,跌打老,0.3125,16.0,16.0,5.0,5.0
931,CHP00500,大果大戟,0.3125,16.0,16.0,5.0,5.0
932,CHP03486,山沉香,0.3125,16.0,16.0,5.0,4.0
933,CHP03389,三棱,0.3125,16.0,16.0,5.0,5.0
934,CHP04546,相思藤,0.3125,16.0,16.0,5.0,5.0
935,CHP00146,白头翁,0.3118279569892473,93.0,93.0,29.0,22.0
936,CHP02060,爵床,0.3103448275862069,29.0,29.0,9.0,8.0
937,CHP04095,天南星,0.30952380952380953,42.0,42.0,13.0,11.0
938,CHP02353,灵香草,0.3076923076923077,26.0,26.0,8.0,7.0
939,CHP01815,棘豆,0.3076923076923077,13.0,13.0,4.0,4.0
940,CHP04863,荨麻,0.3076923076923077,13.0,13.0,4.0,4.0
941,CHP04918,岩椒草,0.3076923076923077,13.0,13.0,4.0,2.0
942,CHP03527,山黄皮,0.3076923076923077,26.0,26.0,8.0,5.0
943,CHP05205,迎春花,0.3076923076923077,13.0,13.0,4.0,4.0
944,CHP03687,省沽油,0.3076923076923077,13.0,13.0,4.0,4.0
945,CHP00099,白及,0.3076923076923077,78.0,78.0,24.0,10.0
946,CHP05512,肿柄菊,0.3076923076923077,13.0,13.0,4.0,4.0
947,CHP03175,千层塔,0.3076923076923077,65.0,65.0,20.0,20.0
948,CHP03176,千打锤,0.3076923076923077,26.0,26.0,8.0,6.0
949,CHP02568,马兜铃,0.3058823529411765,85.0,85.0,26.0,25.0
950,CHP04065,桃仁,0.3055555555555556,72.0,72.0,22.0,21.0
951,CHP00142,白术,0.3050847457627119,118.0,118.0,36.0,32.0
952,CHP02939,南蛇藤根,0.30434782608695654,23.0,23.0,7.0,5.0
953,CHP01065,凤尾草,0.30357142857142855,56.0,56.0,17.0,16.0
954,CHP02357,凌霄花,0.30303030303030304,33.0,33.0,10.0,7.0
955,CHP04565,香加皮,0.3018867924528302,106.0,106.0,32.0,32.0
956,CHP05992,人中白,0.30120481927710846,83.0,83.0,25.0,18.0
957,CHP04057,桃儿七,0.3,10.0,10.0,3.0,3.0
958,CHP01600,华山矾,0.3,10.0,10.0,3.0,3.0
959,CHP00040,巴拿马山石榴,0.3,10.0,10.0,3.0,3.0
960,CHP01783,鸡骨常山,0.3,10.0,10.0,3.0,2.0
961,CHP00819,冬葵果,0.3,80.0,80.0,24.0,23.0
962,CHP00973,儿茶钩藤,0.3,10.0,10.0,3.0,2.0
963,CHP05319,远志,0.3,120.0,120.0,36.0,33.0
964,CHP04008,算盘子,0.3,20.0,20.0,6.0,6.0
965,CHP00557,大蒜,0.3,80.0,80.0,24.0,18.0
966,CHP02023,菊苣,0.3,70.0,70.0,21.0,20.0
967,CHP01425,红花,0.2982456140350877,114.0,114.0,34.0,31.0
968,CHP03372,赛莨菪,0.29545454545454547,44.0,44.0,13.0,13.0
969,CHP03193,前胡,0.29411764705882354,85.0,85.0,25.0,18.0
970,CHP04167,铁苋,0.29411764705882354,17.0,17.0,5.0,5.0
971,CHP02175,辣蓼草,0.29411764705882354,17.0,17.0,5.0,5.0
972,CHP00396,臭山羊,0.29411764705882354,17.0,17.0,5.0,3.0
973,CHP00779,丁香,0.291970802919708,137.0,137.0,40.0,36.0
974,CHP02940,南蛇藤果,0.2916666666666667,24.0,24.0,7.0,7.0
975,CHP01374,黑豆,0.2916666666666667,120.0,120.0,35.0,27.0
976,CHP03229,青蒿,0.2916666666666667,120.0,120.0,35.0,35.0
977,CHP02405,龙葵,0.2909090909090909,55.0,55.0,16.0,16.0
978,CHP03630,商陆,0.2903225806451613,93.0,93.0,27.0,26.0
979,CHP00520,大蓟,0.2898550724637681,69.0,69.0,20.0,17.0
980,CHP00360,沉香,0.28957528957528955,259.0,259.0,75.0,57.0
981,CHP03838,水飞蓟,0.2894736842105263,38.0,38.0,11.0,3.0
982,CHP01344,海藻,0.2894736842105263,38.0,38.0,11.0,9.0
983,CHP01923,金莲花,0.2894736842105263,38.0,38.0,11.0,11.0
984,CHP03704,石菖蒲,0.28888888888888886,45.0,45.0,13.0,9.0
985,CHP00384,赤小豆,0.28846153846153844,52.0,52.0,15.0,15.0
986,CHP00857,独活,0.28703703703703703,108.0,108.0,31.0,18.0
987,CHP01717,黄芪,0.28654970760233917,171.0,171.0,49.0,46.0
988,CHP05612,梓木,0.2857142857142857,7.0,7.0,2.0,0.0
989,CHP03344,肉桂,0.2857142857142857,21.0,21.0,6.0,5.0
990,CHP01403,衡州乌药,0.2857142857142857,7.0,7.0,2.0,2.0
991,CHP01376,黑杠柳,0.2857142857142857,7.0,7.0,2.0,2.0
992,CHP01549,蝴蝶花,0.2857142857142857,7.0,7.0,2.0,2.0
993,CHP00483,大车前,0.2857142857142857,21.0,21.0,6.0,6.0
994,CHP00314,草地黄芩,0.2857142857142857,7.0,7.0,2.0,2.0
995,CHP01896,芥菜,0.2857142857142857,7.0,7.0,2.0,2.0
996,CHP01551,虎耳草,0.2857142857142857,7.0,7.0,2.0,2.0
997,CHP05922,鹿茸,0.2857142857142857,7.0,7.0,2.0,2.0
998,CHP03679,肾子草,0.2857142857142857,7.0,7.0,2.0,2.0
999,CHP00571,大叶桉叶,0.2857142857142857,7.0,7.0,2.0,0.0
1000,CHP03977,苏合香,0.2857142857142857,21.0,21.0,6.0,6.0
1001,CHP00327,侧柏枝节,0.2857142857142857,42.0,42.0,12.0,10.0
1002,CHP01727,黄三七,0.2857142857142857,7.0,7.0,2.0,2.0
1003,CHP00245,蓖麻油,0.2857142857142857,7.0,7.0,2.0,2.0
1004,CHP03088,蟛蜞菊,0.2857142857142857,7.0,7.0,2.0,2.0
1005,CHP05360,芸香,0.2857142857142857,42.0,42.0,12.0,6.0
1006,CHP04033,台湾泽兰,0.2857142857142857,7.0,7.0,2.0,2.0
1007,CHP00350,常山,0.2835820895522388,67.0,67.0,19.0,15.0
1008,CHP02098,苦丁茶,0.28346456692913385,127.0,127.0,36.0,35.0
1009,CHP00948,莪术,0.2831858407079646,226.0,226.0,64.0,58.0
1010,CHP00989,番茄,0.2830188679245283,53.0,53.0,15.0,15.0
1011,CHP00216,薄荷,0.28174603174603174,252.0,252.0,71.0,57.0
1012,CHP01801,鸡血藤,0.28125,96.0,96.0,27.0,19.0
1013,CHP01745,黄药子,0.28125,64.0,64.0,18.0,13.0
1014,CHP00201,半边莲,0.28125,96.0,96.0,27.0,23.0
1015,CHP03601,山楂,0.28,25.0,25.0,7.0,6.0
1016,CHP01138,橄榄,0.28,25.0,25.0,7.0,5.0
1017,CHP04368,无花果,0.28,25.0,25.0,7.0,6.0
1018,CHP03423,桑白皮,0.2789115646258503,147.0,147.0,41.0,21.0
1019,CHP05190,淫羊藿,0.2787878787878788,165.0,165.0,46.0,36.0
1020,CHP00322,草乌,0.27848101265822783,79.0,79.0,22.0,21.0
1021,CHP03498,山地香茶菜,0.2777777777777778,18.0,18.0,5.0,5.0
1022,CHP05754,斑蝥,0.2777777777777778,18.0,18.0,5.0,4.0
1023,CHP02443,芦荟,0.27692307692307694,65.0,65.0,18.0,17.0
1024,CHP01871,降香,0.2765957446808511,94.0,94.0,26.0,15.0
1025,CHP02896,木棉花,0.2765957446808511,47.0,47.0,13.0,9.0
1026,CHP04306,威灵仙,0.275,40.0,40.0,11.0,9.0
1027,CHP01146,干姜,0.27358490566037735,106.0,106.0,29.0,26.0
1028,CHP02450,芦竹根,0.2727272727272727,11.0,11.0,3.0,2.0
1029,CHP01905,金钗凤尾蕨,0.2727272727272727,11.0,11.0,3.0,3.0
1030,CHP02469,鹿衔草,0.2727272727272727,11.0,11.0,3.0,2.0
1031,CHP04547,相思子,0.2727272727272727,11.0,11.0,3.0,3.0
1032,CHP03429,桑椹,0.2727272727272727,33.0,33.0,9.0,6.0
1033,CHP05730,总状升麻,0.2727272727272727,11.0,11.0,3.0,3.0
1034,CHP01171,高山龙胆,0.2727272727272727,11.0,11.0,3.0,3.0
1035,CHP06133,蛹虫草,0.2727272727272727,11.0,11.0,3.0,3.0
1036,CHP04093,天麻,0.2727272727272727,11.0,11.0,3.0,3.0
1037,CHP00923,盾叶薯蓣,0.2727272727272727,11.0,11.0,3.0,3.0
1038,CHP00791,定木香,0.2727272727272727,22.0,22.0,6.0,6.0
1039,CHP04018,娑罗子,0.2727272727272727,11.0,11.0,3.0,3.0
1040,CHP00756,颠茄,0.2727272727272727,11.0,11.0,3.0,2.0
1041,CHP04795,杏仁,0.2727272727272727,11.0,11.0,3.0,3.0
1042,CHP00309,糙苏,0.2727272727272727,11.0,11.0,3.0,3.0
1043,CHP00288,补骨脂,0.27071823204419887,181.0,181.0,49.0,34.0
1044,CHP01206,钩藤,0.27011494252873564,174.0,174.0,47.0,45.0
1045,CHP00135,白前,0.2692307692307692,78.0,78.0,21.0,16.0
1046,CHP04466,豨莶草,0.26785714285714285,56.0,56.0,15.0,11.0
1047,CHP04525,仙茅,0.26666666666666666,60.0,60.0,16.0,14.0
1048,CHP01818,蒺藜,0.26666666666666666,75.0,75.0,20.0,17.0
1049,CHP01312,鬼针草,0.26666666666666666,15.0,15.0,4.0,3.0
1050,CHP02279,荔枝核,0.2631578947368421,19.0,19.0,5.0,5.0
1051,CHP00469,催吐萝芙木,0.2631578947368421,19.0,19.0,5.0,5.0
1052,CHP03070,胖大海,0.2631578947368421,19.0,19.0,5.0,3.0
1053,CHP02904,木香,0.2619047619047619,42.0,42.0,11.0,8.0
1054,CHP06111,灵芝,0.26148409893992935,283.0,283.0,74.0,68.0
1055,CHP06128,松萝,0.25925925925925924,27.0,27.0,7.0,2.0
1056,CHP00150,白薇,0.25882352941176473,85.0,85.0,22.0,18.0
1057,CHP00710,地梭罗,0.2571428571428571,35.0,35.0,9.0,4.0
1058,CHP00151,白鲜皮,0.2564102564102564,117.0,117.0,30.0,29.0
1059,CHP04173,葶苈子,0.2564102564102564,39.0,39.0,10.0,10.0
1060,CHP03771,柿蒂,0.2564102564102564,39.0,39.0,10.0,8.0
1061,CHP02495,罗汉果,0.2549019607843137,102.0,102.0,26.0,19.0
1062,CHP03082,佩兰,0.2542372881355932,59.0,59.0,15.0,8.0
1063,CHP03808,鼠尾草,0.2542372881355932,59.0,59.0,15.0,12.0
1064,CHP00238,荜茇,0.25333333333333335,75.0,75.0,19.0,15.0
1065,CHP00431,椿皮,0.25263157894736843,95.0,95.0,24.0,23.0
1066,CHP03049,女贞子,0.2523364485981308,107.0,107.0,27.0,19.0
1067,CHP01763,火索麻,0.25,8.0,8.0,2.0,1.0
1068,CHP02908,木贼,0.25,16.0,16.0,4.0,1.0
1069,CHP05139,一枝蒿,0.25,4.0,4.0,1.0,1.0
1070,CHP01382,黑老虎,0.25,48.0,48.0,12.0,11.0
1071,CHP01008,防风草,0.25,4.0,4.0,1.0,1.0
1072,CHP03010,牛奶树,0.25,4.0,4.0,1.0,1.0
1073,CHP05042,野花椒叶,0.25,4.0,4.0,1.0,0.0
1074,CHP04914,岩黄连,0.25,4.0,4.0,1.0,1.0
1075,CHP00364,澄茄子,0.25,4.0,4.0,1.0,1.0
1076,CHP01716,黄皮叶,0.25,4.0,4.0,1.0,1.0
1077,CHP00376,赤瓟,0.25,8.0,8.0,2.0,2.0
1078,CHP04851,血竭,0.25,4.0,4.0,1.0,1.0
1079,CHP02240,老鼠簕,0.25,20.0,20.0,5.0,5.0
1080,CHP05804,蜂房,0.25,4.0,4.0,1.0,1.0
1081,CHP02296,痢止蒿,0.25,4.0,4.0,1.0,0.0
1082,CHP02209,狼毒,0.25,36.0,36.0,9.0,7.0
1083,CHP03416,三钻风,0.25,4.0,4.0,1.0,1.0
1084,CHP02258,棱子芹,0.25,4.0,4.0,1.0,0.0
1085,CHP05679,紫苏叶,0.25,12.0,12.0,3.0,3.0
1086,CHP04959,羊角拗子,0.25,4.0,4.0,1.0,1.0
1087,CHP04839,雪莲花,0.25,4.0,4.0,1.0,0.0
1088,CHP04898,延龄草,0.25,12.0,12.0,3.0,3.0
1089,CHP01431,红花鹿蹄草,0.25,8.0,8.0,2.0,2.0
1090,CHP02947,南天竹叶,0.25,4.0,4.0,1.0,1.0
1091,CHP03162,漆大姑,0.25,4.0,4.0,1.0,1.0
1092,CHP03135,蒲黄,0.25,12.0,12.0,3.0,1.0
1093,CHP04055,糖荠,0.25,8.0,8.0,2.0,2.0
1094,CHP04108,田葱,0.25,4.0,4.0,1.0,1.0
1095,CHP04098,天茄子,0.25,4.0,4.0,1.0,1.0
1096,CHP01759,茴香茎叶,0.25,4.0,4.0,1.0,1.0
1097,CHP05169,茵陈,0.25,16.0,16.0,4.0,4.0
1098,CHP05294,玉竹,0.25,12.0,12.0,3.0,2.0
1099,CHP01232,枸橘核,0.25,4.0,4.0,1.0,0.0
1100,CHP01242,谷精草,0.25,20.0,20.0,5.0,5.0
1101,CHP01241,古柯,0.25,12.0,12.0,3.0,3.0
1102,CHP02517,落花生,0.25,24.0,24.0,6.0,6.0
1103,CHP00234,贝加尔唐松草,0.25,4.0,4.0,1.0,1.0
1104,CHP04223,土当归,0.25,12.0,12.0,3.0,3.0
1105,CHP04329,问荆,0.25,4.0,4.0,1.0,0.0
1106,CHP00576,大叶骨碎补,0.25,4.0,4.0,1.0,1.0
1107,CHP03051,欧活血丹,0.25,8.0,8.0,2.0,2.0
1108,CHP05565,竹节参,0.25,12.0,12.0,3.0,3.0
1109,CHP01996,九节茶,0.25,12.0,12.0,3.0,2.0
1110,CHP01945,金铁锁,0.25,12.0,12.0,3.0,3.0
1111,CHP03762,石竹,0.25,8.0,8.0,2.0,2.0
1112,CHP03754,石韦,0.25,4.0,4.0,1.0,1.0
1113,CHP00244,蓖麻叶,0.25,4.0,4.0,1.0,1.0
1114,CHP00243,蓖麻根,0.25,8.0,8.0,2.0,1.0
1115,CHP00269,遍地金,0.25,4.0,4.0,1.0,1.0
1116,CHP05409,樟树皮,0.25,4.0,4.0,1.0,1.0
1117,CHP01299,广西莪术,0.25,12.0,12.0,3.0,2.0
1118,CHP05428,长果荜茇,0.25,4.0,4.0,1.0,1.0
1119,CHP01916,金鸡纳,0.25,24.0,24.0,6.0,2.0
1120,CHP05547,猪毛菜,0.25,4.0,4.0,1.0,1.0
1121,CHP02056,决明子,0.25,56.0,56.0,14.0,10.0
1122,CHP00970,鄂北贝母,0.25,8.0,8.0,2.0,2.0
1123,CHP00026,八角枫,0.25,4.0,4.0,1.0,1.0
1124,CHP00020,桉叶,0.25,28.0,28.0,7.0,3.0
1125,CHP00061,白刺,0.25,4.0,4.0,1.0,0.0
1126,CHP00078,白果根,0.25,16.0,16.0,4.0,4.0
1127,CHP01983,荆芥,0.24691358024691357,81.0,81.0,20.0,15.0
1128,CHP02019,菊花,0.24691358024691357,81.0,81.0,20.0,18.0
1129,CHP01958,金银花,0.2465753424657534,146.0,146.0,36.0,31.0
1130,CHP01408,红参,0.24528301886792453,53.0,53.0,13.0,12.0
1131,CHP00114,白蔹,0.24509803921568626,102.0,102.0,25.0,20.0
1132,CHP00341,柴胡,0.24414715719063546,299.0,299.0,73.0,60.0
1133,CHP00972,儿茶,0.24390243902439024,41.0,41.0,10.0,7.0
1134,CHP01180,藁本,0.24324324324324326,37.0,37.0,9.0,6.0
1135,CHP03383,三尖杉,0.24324324324324326,37.0,37.0,9.0,8.0
1136,CHP03635,芍药,0.24299065420560748,107.0,107.0,26.0,22.0
1137,CHP01682,黄精,0.24242424242424243,33.0,33.0,8.0,7.0
1138,CHP00844,豆蔻,0.24242424242424243,66.0,66.0,16.0,13.0
1139,CHP01486,红藤,0.2413793103448276,29.0,29.0,7.0,7.0
1140,CHP02298,连翘,0.2413793103448276,116.0,116.0,28.0,24.0
1141,CHP02543,麻风树,0.24,25.0,25.0,6.0,4.0
1142,CHP03323,人参叶,0.24,75.0,75.0,18.0,15.0
1143,CHP01836,荚蒾,0.24,25.0,25.0,6.0,5.0
1144,CHP00683,地瓜子,0.24,25.0,25.0,6.0,4.0
1145,CHP01073,凤仙透骨草,0.2391304347826087,46.0,46.0,11.0,9.0
1146,CHP02176,辣木,0.23728813559322035,118.0,118.0,28.0,22.0
1147,CHP00419,川芎,0.23622047244094488,127.0,127.0,30.0,21.0
1148,CHP01351,诃子,0.23529411764705882,34.0,34.0,8.0,7.0
1149,CHP03946,四季青,0.23529411764705882,17.0,17.0,4.0,4.0
1150,CHP01091,佛手,0.23529411764705882,51.0,51.0,12.0,9.0
1151,CHP02254,雷公藤,0.23346303501945526,257.0,257.0,60.0,55.0
1152,CHP02657,猫眼草,0.23333333333333334,30.0,30.0,7.0,6.0
1153,CHP02323,两面针,0.23255813953488372,43.0,43.0,10.0,6.0
1154,CHP00673,地枫皮,0.23214285714285715,56.0,56.0,13.0,12.0
1155,CHP03353,入地蜈蚣,0.23076923076923078,13.0,13.0,3.0,2.0
1156,CHP00628,胆木,0.23076923076923078,13.0,13.0,3.0,2.0
1157,CHP01999,九里香,0.23076923076923078,104.0,104.0,24.0,17.0
1158,CHP01973,筋骨草,0.23076923076923078,39.0,39.0,9.0,9.0
1159,CHP00480,大驳骨,0.23076923076923078,13.0,13.0,3.0,2.0
1160,CHP00083,白鹤灵芝,0.23076923076923078,13.0,13.0,3.0,2.0
1161,CHP03500,山豆根,0.23076923076923078,52.0,52.0,12.0,12.0
1162,CHP02406,龙葵根,0.22916666666666666,48.0,48.0,11.0,9.0
1163,CHP01795,鸡屎藤,0.22857142857142856,35.0,35.0,8.0,6.0
1164,CHP01644,黄瓜,0.22727272727272727,22.0,22.0,5.0,5.0
1165,CHP01751,灰叶根,0.22727272727272727,22.0,22.0,5.0,5.0
1166,CHP02621,曼陀罗,0.22727272727272727,44.0,44.0,10.0,10.0
1167,CHP04818,续断,0.2268041237113402,97.0,97.0,22.0,20.0
1168,CHP00362,柽柳,0.22641509433962265,53.0,53.0,12.0,9.0
1169,CHP00456,刺五加,0.22641509433962265,53.0,53.0,12.0,12.0
1170,CHP01236,枸杞子,0.22627737226277372,137.0,137.0,31.0,20.0
1171,CHP06015,水蛭,0.2222222222222222,9.0,9.0,2.0,2.0
1172,CHP03256,青葙子,0.2222222222222222,18.0,18.0,4.0,4.0
1173,CHP01988,粳米,0.2222222222222222,9.0,9.0,2.0,2.0
1174,CHP01964,金樱子,0.2222222222222222,45.0,45.0,10.0,8.0
1175,CHP01432,红花绿绒蒿,0.2222222222222222,9.0,9.0,2.0,0.0
1176,CHP04948,眼子菜,0.2222222222222222,9.0,9.0,2.0,1.0
1177,CHP02520,落葵花,0.2222222222222222,9.0,9.0,2.0,2.0
1178,CHP00165,白珠树,0.2222222222222222,18.0,18.0,4.0,1.0
1179,CHP06131,香蕈,0.2222222222222222,9.0,9.0,2.0,2.0
1180,CHP03759,石枣子,0.2222222222222222,9.0,9.0,2.0,2.0
1181,CHP02015,救必应,0.2222222222222222,9.0,9.0,2.0,2.0
1182,CHP04303,望江南,0.2222222222222222,9.0,9.0,2.0,1.0
1183,CHP03663,射干,0.2222222222222222,63.0,63.0,14.0,10.0
1184,CHP00874,杜衡,0.2222222222222222,9.0,9.0,2.0,2.0
1185,CHP00422,穿心莲,0.22,100.0,100.0,22.0,16.0
1186,CHP03226,青果,0.21428571428571427,14.0,14.0,3.0,3.0
1187,CHP01260,关黄柏,0.21428571428571427,70.0,70.0,15.0,13.0
1188,CHP01753,回回豆,0.21428571428571427,14.0,14.0,3.0,3.0
1189,CHP02412,龙舌兰,0.21428571428571427,28.0,28.0,6.0,5.0
1190,CHP02507,萝芙木,0.21428571428571427,28.0,28.0,6.0,5.0
1191,CHP04164,铁丝灵仙,0.21428571428571427,14.0,14.0,3.0,3.0
1192,CHP01757,茴香,0.21428571428571427,14.0,14.0,3.0,3.0
1193,CHP01560,虎杖,0.21428571428571427,14.0,14.0,3.0,3.0
1194,CHP01045,风藤,0.21348314606741572,89.0,89.0,19.0,14.0
1195,CHP05646,紫金牛,0.21311475409836064,122.0,122.0,26.0,24.0
1196,CHP01930,金牛草,0.21052631578947367,19.0,19.0,4.0,4.0
1197,CHP04293,王不留行,0.21052631578947367,19.0,19.0,4.0,4.0
1198,CHP00694,地锦草,0.21052631578947367,38.0,38.0,8.0,8.0
1199,CHP02631,蔓荆子,0.21052631578947367,38.0,38.0,8.0,5.0
1200,CHP01690,黄连,0.20833333333333334,24.0,24.0,5.0,5.0
1201,CHP00228,北豆根,0.20833333333333334,72.0,72.0,15.0,12.0
1202,CHP00292,布渣叶,0.2,20.0,20.0,4.0,3.0
1203,CHP00359,车桑仔叶,0.2,5.0,5.0,1.0,0.0
1204,CHP05040,野花椒根,0.2,5.0,5.0,1.0,1.0
1205,CHP02785,猕猴桃根,0.2,5.0,5.0,1.0,1.0
1206,CHP04994,洋蒲桃叶,0.2,10.0,10.0,2.0,2.0
1207,CHP02166,腊梅花,0.2,5.0,5.0,1.0,1.0
1208,CHP05117,叶下珠,0.2,15.0,15.0,3.0,3.0
1209,CHP02516,落地生根,0.2,5.0,5.0,1.0,1.0
1210,CHP01728,黄山药,0.2,5.0,5.0,1.0,1.0
1211,CHP01246,瓜蒌,0.2,90.0,90.0,18.0,14.0
1212,CHP05218,永宁独活,0.2,5.0,5.0,1.0,1.0
1213,CHP03317,荛花,0.2,5.0,5.0,1.0,1.0
1214,CHP02410,龙脑膏香,0.2,15.0,15.0,3.0,3.0
1215,CHP00042,巴西胡桐,0.2,10.0,10.0,2.0,0.0
1216,CHP05807,蜂蜜,0.2,5.0,5.0,1.0,0.0
1217,CHP04826,悬钩子,0.2,5.0,5.0,1.0,1.0
1218,CHP01568,花楸,0.2,5.0,5.0,1.0,1.0
1219,CHP04374,无患子皮,0.2,5.0,5.0,1.0,1.0
1220,CHP01889,接骨木,0.2,10.0,10.0,2.0,2.0
1221,CHP04521,夏天无,0.2,5.0,5.0,1.0,1.0
1222,CHP02945,南天竹根,0.2,5.0,5.0,1.0,1.0
1223,CHP04765,薤白,0.2,40.0,40.0,8.0,8.0
1224,CHP03545,山莨菪,0.2,5.0,5.0,1.0,1.0
1225,CHP00676,地肤子,0.2,10.0,10.0,2.0,2.0
1226,CHP04085,天花粉,0.2,5.0,5.0,1.0,1.0
1227,CHP03283,秋水仙,0.2,5.0,5.0,1.0,1.0
1228,CHP03274,秋海棠,0.2,5.0,5.0,1.0,1.0
1229,CHP03991,粟米,0.2,5.0,5.0,1.0,1.0
1230,CHP03934,睡莲,0.2,5.0,5.0,1.0,1.0
1231,CHP03302,瞿麦,0.2,10.0,10.0,2.0,2.0
1232,CHP03251,青天葵,0.2,5.0,5.0,1.0,1.0
1233,CHP05403,樟梨,0.2,5.0,5.0,1.0,1.0
1234,CHP06120,绒白乳菇,0.2,15.0,15.0,3.0,3.0
1235,CHP04389,吴茱萸,0.19642857142857142,56.0,56.0,11.0,10.0
1236,CHP01161,高良姜,0.19607843137254902,51.0,51.0,10.0,8.0
1237,CHP00093,白花蛇舌草,0.1956521739130435,46.0,46.0,9.0,9.0
1238,CHP01011,防己,0.1951219512195122,41.0,41.0,8.0,7.0
1239,CHP01561,花椒,0.1927710843373494,83.0,83.0,16.0,10.0
1240,CHP01130,甘遂,0.19047619047619047,63.0,63.0,12.0,10.0
1241,CHP00356,车前子,0.19047619047619047,42.0,42.0,8.0,8.0
1242,CHP02155,款冬花,0.189873417721519,79.0,79.0,15.0,10.0
1243,CHP03198,茜草,0.1891891891891892,74.0,74.0,14.0,12.0
1244,CHP00884,杜仲,0.18823529411764706,85.0,85.0,16.0,12.0
1245,CHP00949,峨参,0.1875,16.0,16.0,3.0,3.0
1246,CHP04372,无患子,0.1875,16.0,16.0,3.0,3.0
1247,CHP03869,水流豆,0.1875,32.0,32.0,6.0,6.0
1248,CHP04006,酸枣仁,0.18518518518518517,27.0,27.0,5.0,3.0
1249,CHP02658,猫爪草,0.18181818181818182,22.0,22.0,4.0,3.0
1250,CHP06001,麝香,0.18181818181818182,33.0,33.0,6.0,6.0
1251,CHP01992,景天三七,0.18181818181818182,22.0,22.0,4.0,1.0
1252,CHP02716,毛桐,0.18181818181818182,11.0,11.0,2.0,2.0
1253,CHP04259,菟丝子,0.18181818181818182,11.0,11.0,2.0,2.0
1254,CHP00119,白马骨,0.18181818181818182,11.0,11.0,2.0,2.0
1255,CHP04524,仙鹤草,0.18181818181818182,11.0,11.0,2.0,2.0
1256,CHP03139,蒲桃,0.18181818181818182,33.0,33.0,6.0,6.0
1257,CHP01016,飞龙掌血,0.18181818181818182,11.0,11.0,2.0,2.0
1258,CHP02090,苦参,0.18085106382978725,94.0,94.0,17.0,10.0
1259,CHP03102,枇杷叶,0.1797752808988764,89.0,89.0,16.0,11.0
1260,CHP03192,牵牛子,0.1794871794871795,39.0,39.0,7.0,7.0
1261,CHP02842,牡丹皮,0.1791044776119403,67.0,67.0,12.0,11.0
1262,CHP03204,枪刀药,0.17857142857142858,28.0,28.0,5.0,2.0
1263,CHP04828,旋覆花,0.17857142857142858,28.0,28.0,5.0,5.0
1264,CHP00406,楮实子,0.17777777777777778,45.0,45.0,8.0,5.0
1265,CHP00168,百部,0.17679558011049723,181.0,181.0,32.0,27.0
1266,CHP03884,水茄,0.17647058823529413,17.0,17.0,3.0,3.0
1267,CHP01168,高山火绒草,0.17647058823529413,17.0,17.0,3.0,3.0
1268,CHP01187,葛花,0.1746031746031746,63.0,63.0,11.0,6.0
1269,CHP01723,黄芩,0.17391304347826086,46.0,46.0,8.0,8.0
1270,CHP04556,香附,0.17307692307692307,52.0,52.0,9.0,7.0
1271,CHP02017,桔梗,0.1717171717171717,99.0,99.0,17.0,15.0
1272,CHP02606,麦冬,0.17142857142857143,70.0,70.0,12.0,12.0
1273,CHP02803,密蒙花,0.17142857142857143,35.0,35.0,6.0,6.0
1274,CHP04231,土槿皮,0.16901408450704225,71.0,71.0,12.0,8.0
1275,CHP01625,槐角,0.16666666666666666,18.0,18.0,3.0,2.0
1276,CHP01599,华山参,0.16666666666666666,12.0,12.0,2.0,1.0
1277,CHP00349,常春卫矛,0.16666666666666666,6.0,6.0,1.0,1.0
1278,CHP01897,芥蓝,0.16666666666666666,6.0,6.0,1.0,1.0
1279,CHP06047,熊胆,0.16666666666666666,6.0,6.0,1.0,1.0
1280,CHP04667,小花鬼针草,0.16666666666666666,6.0,6.0,1.0,0.0
1281,CHP01167,高山黄华,0.16666666666666666,6.0,6.0,1.0,1.0
1282,CHP03547,山里红,0.16666666666666666,6.0,6.0,1.0,1.0
1283,CHP04866,鸦胆子,0.16666666666666666,12.0,12.0,2.0,2.0
1284,CHP04693,小连翘,0.16666666666666666,6.0,6.0,1.0,1.0
1285,CHP03431,桑叶,0.16666666666666666,42.0,42.0,7.0,5.0
1286,CHP02545,麻花,0.16666666666666666,6.0,6.0,1.0,1.0
1287,CHP03969,松香,0.16666666666666666,6.0,6.0,1.0,1.0
1288,CHP02537,绿绒蒿,0.16666666666666666,30.0,30.0,5.0,3.0
1289,CHP04139,铁海棠,0.16666666666666666,6.0,6.0,1.0,0.0
1290,CHP02282,荔枝叶,0.16666666666666666,6.0,6.0,1.0,1.0
1291,CHP02133,苦檀子,0.16666666666666666,6.0,6.0,1.0,1.0
1292,CHP03732,石榴皮,0.16666666666666666,18.0,18.0,3.0,3.0
1293,CHP02796,米仔兰,0.16666666666666666,12.0,12.0,2.0,2.0
1294,CHP03587,山香圆,0.16666666666666666,6.0,6.0,1.0,1.0
1295,CHP05229,油柑叶,0.16666666666666666,6.0,6.0,1.0,1.0
1296,CHP01163,高粱,0.16666666666666666,6.0,6.0,1.0,1.0
1297,CHP00252,萹蓄,0.1643835616438356,73.0,73.0,12.0,10.0
1298,CHP01364,荷叶,0.16129032258064516,31.0,31.0,5.0,4.0
1299,CHP01127,甘松,0.16,50.0,50.0,8.0,8.0
1300,CHP02048,卷柏,0.16,25.0,25.0,4.0,3.0
1301,CHP03342,肉豆蔻,0.15789473684210525,57.0,57.0,9.0,7.0
1302,CHP01096,浮萍,0.15789473684210525,38.0,38.0,6.0,6.0
1303,CHP02327,两头尖,0.15384615384615385,26.0,26.0,4.0,4.0
1304,CHP02557,麻叶,0.15384615384615385,13.0,13.0,2.0,1.0
1305,CHP05542,珠子草,0.15384615384615385,13.0,13.0,2.0,2.0
1306,CHP02837,墨旱莲,0.1509433962264151,53.0,53.0,8.0,7.0
1307,CHP04047,檀香,0.14814814814814814,27.0,27.0,4.0,3.0
1308,CHP03373,三白草,0.14705882352941177,34.0,34.0,5.0,4.0
1309,CHP03643,蛇床子,0.14545454545454545,55.0,55.0,8.0,3.0
1310,CHP05185,银杏,0.14285714285714285,42.0,42.0,6.0,5.0
1311,CHP00957,鹅不食草,0.14285714285714285,49.0,49.0,7.0,6.0
1312,CHP00887,短瓣花,0.14285714285714285,14.0,14.0,2.0,2.0
1313,CHP02114,苦苣,0.14285714285714285,7.0,7.0,1.0,1.0
1314,CHP06125,石花,0.14285714285714285,7.0,7.0,1.0,0.0
1315,CHP04858,血桐,0.14285714285714285,21.0,21.0,3.0,3.0
1316,CHP01398,黑种草,0.14285714285714285,7.0,7.0,1.0,0.0
1317,CHP00281,菠菜,0.14285714285714285,21.0,21.0,3.0,3.0
1318,CHP04985,杨梅根,0.14285714285714285,7.0,7.0,1.0,0.0
1319,CHP03962,松节,0.14285714285714285,7.0,7.0,1.0,1.0
1320,CHP03341,肉苁蓉,0.140625,64.0,64.0,9.0,9.0
1321,CHP01340,海南粗榧,0.1388888888888889,36.0,36.0,5.0,3.0
1322,CHP00641,党参,0.13846153846153847,65.0,65.0,9.0,9.0
1323,CHP02869,木蝴蝶,0.13636363636363635,22.0,22.0,3.0,3.0
1324,CHP05301,鸢尾,0.13513513513513514,37.0,37.0,5.0,2.0
1325,CHP01911,金果榄,0.13333333333333333,15.0,15.0,2.0,2.0
1326,CHP05477,知母,0.13186813186813187,91.0,91.0,12.0,10.0
1327,CHP00630,淡豆豉,0.13043478260869565,23.0,23.0,3.0,3.0
1328,CHP01679,黄荆叶,0.12903225806451613,31.0,31.0,4.0,4.0
1329,CHP00240,荜澄茄,0.12903225806451613,62.0,62.0,8.0,5.0
1330,CHP03682,升麻,0.12686567164179105,134.0,134.0,17.0,17.0
1331,CHP05417,长春花,0.12631578947368421,95.0,95.0,12.0,7.0
1332,CHP03319,人参,0.125,128.0,128.0,16.0,10.0
1333,CHP03214,茄子,0.125,8.0,8.0,1.0,1.0
1334,CHP05650,紫堇,0.125,8.0,8.0,1.0,1.0
1335,CHP01126,甘薯,0.125,8.0,8.0,1.0,1.0
1336,CHP04901,芫荽,0.125,8.0,8.0,1.0,1.0
1337,CHP04578,香薷,0.125,8.0,8.0,1.0,1.0
1338,CHP00227,北豆,0.125,16.0,16.0,2.0,1.0
1339,CHP06134,云芝,0.125,16.0,16.0,2.0,0.0
1340,CHP03328,忍冬藤,0.125,16.0,16.0,2.0,2.0
1341,CHP04216,土贝母,0.125,24.0,24.0,3.0,2.0
1342,CHP05778,蝉蜕,0.125,8.0,8.0,1.0,0.0
1343,CHP01750,灰叶,0.125,8.0,8.0,1.0,1.0
1344,CHP01517,胡萝卜,0.125,8.0,8.0,1.0,1.0
1345,CHP01381,黑壳楠,0.125,8.0,8.0,1.0,1.0
1346,CHP02031,橘络,0.125,8.0,8.0,1.0,0.0
1347,CHP00885,杜仲叶,0.1232876712328767,73.0,73.0,9.0,7.0
1348,CHP00668,地不容,0.12,25.0,25.0,3.0,1.0
1349,CHP00617,丹参,0.11914893617021277,235.0,235.0,28.0,21.0
1350,CHP03352,乳香,0.11688311688311688,77.0,77.0,9.0,7.0
1351,CHP02748,没药,0.11683848797250859,291.0,291.0,34.0,33.0
1352,CHP04106,天竺黄,0.11538461538461539,26.0,26.0,3.0,2.0
1353,CHP03218,秦艽,0.11538461538461539,26.0,26.0,3.0,3.0
1354,CHP01228,枸骨叶,0.11363636363636363,44.0,44.0,5.0,4.0
1355,CHP04061,桃金娘,0.1111111111111111,18.0,18.0,2.0,2.0
1356,CHP04409,五气朝阳草,0.1111111111111111,9.0,9.0,1.0,0.0
1357,CHP06136,猪苓,0.1111111111111111,9.0,9.0,1.0,1.0
1358,CHP01110,附子,0.1111111111111111,81.0,81.0,9.0,7.0
1359,CHP00947,多足蕨,0.1111111111111111,9.0,9.0,1.0,1.0
1360,CHP00595,大叶糖胶树,0.1111111111111111,45.0,45.0,5.0,3.0
1361,CHP04419,五味子,0.1087866108786611,239.0,239.0,26.0,23.0
1362,CHP03363,瑞香,0.10526315789473684,19.0,19.0,2.0,2.0
1363,CHP01007,防风,0.10526315789473684,38.0,38.0,4.0,2.0
1364,CHP03024,牛膝,0.10493827160493827,162.0,162.0,17.0,16.0
1365,CHP02585,马钱子,0.10256410256410256,39.0,39.0,4.0,3.0
1366,CHP04458,西洋参,0.10204081632653061,49.0,49.0,5.0,4.0
1367,CHP03180,千金子,0.1,10.0,10.0,1.0,1.0
1368,CHP01957,金叶子,0.1,10.0,10.0,1.0,1.0
1369,CHP04612,象皮木,0.1,10.0,10.0,1.0,1.0
1370,CHP02122,苦楝子,0.0967741935483871,31.0,31.0,3.0,2.0
1371,CHP00229,北沙参,0.09523809523809523,105.0,105.0,10.0,7.0
1372,CHP05283,玉兰,0.09090909090909091,44.0,44.0,4.0,4.0
1373,CHP02314,莲子心,0.09090909090909091,11.0,11.0,1.0,1.0
1374,CHP01663,黄花稔,0.09090909090909091,11.0,11.0,1.0,1.0
1375,CHP04519,夏枯草,0.08695652173913043,23.0,23.0,2.0,2.0
1376,CHP00124,白茅根,0.0847457627118644,59.0,59.0,5.0,4.0
1377,CHP03398,三七花,0.08333333333333333,24.0,24.0,2.0,2.0
1378,CHP03585,山香,0.08333333333333333,12.0,12.0,1.0,1.0
1379,CHP05159,益智,0.08333333333333333,12.0,12.0,1.0,1.0
1380,CHP03111,平贝母,0.08333333333333333,24.0,24.0,2.0,2.0
1381,CHP02488,罗布麻,0.08333333333333333,12.0,12.0,1.0,1.0
1382,CHP03591,山药,0.08,25.0,25.0,2.0,2.0
1383,CHP03683,生姜,0.08,75.0,75.0,6.0,4.0
1384,CHP03185,千年健,0.08,25.0,25.0,2.0,2.0
1385,CHP01099,浮叶眼子菜,0.07692307692307693,13.0,13.0,1.0,1.0
1386,CHP02077,刻裂紫堇,0.07692307692307693,13.0,13.0,1.0,1.0
1387,CHP02095,苦地丁,0.07407407407407407,27.0,27.0,2.0,1.0
1388,CHP03179,千金藤,0.07317073170731707,41.0,41.0,3.0,2.0
1389,CHP05163,翼首草,0.07142857142857142,14.0,14.0,1.0,0.0
1390,CHP02618,满山红,0.06976744186046512,43.0,43.0,3.0,2.0
1391,CHP00137,白屈菜,0.06896551724137931,58.0,58.0,4.0,1.0
1392,CHP02484,轮环藤,0.06666666666666667,15.0,15.0,1.0,1.0
1393,CHP04975,羊踯躅,0.06666666666666667,15.0,15.0,1.0,1.0
1394,CHP01222,狗牙花,0.06666666666666667,45.0,45.0,3.0,3.0
1395,CHP03975,松子仁,0.06666666666666667,15.0,15.0,1.0,1.0
1396,CHP00746,滇茜草,0.06451612903225806,31.0,31.0,2.0,2.0
1397,CHP00720,地榆,0.06315789473684211,95.0,95.0,6.0,6.0
1398,CHP01886,绞股蓝,0.06072874493927125,247.0,247.0,15.0,14.0
1399,CHP00824,冬凌草,0.06,50.0,50.0,3.0,1.0
1400,CHP05124,夜来香,0.058823529411764705,17.0,17.0,1.0,1.0
1401,CHP00729,灯盏细辛,0.058823529411764705,17.0,17.0,1.0,0.0
1402,CHP04150,铁力木,0.058823529411764705,17.0,17.0,1.0,0.0
1403,CHP01245,骨碎补,0.05405405405405406,37.0,37.0,2.0,2.0
1404,CHP04897,延胡索,0.05263157894736842,19.0,19.0,1.0,0.0
1405,CHP02985,牛蒡子,0.047619047619047616,21.0,21.0,1.0,1.0
1406,CHP05380,泽泻,0.041666666666666664,24.0,24.0,1.0,1.0
1407,CHP00642,刀豆,0.04,25.0,25.0,1.0,1.0
1408,CHP02416,龙须藤,0.03571428571428571,28.0,28.0,1.0,0.0
1409,CHP06090,茯苓,0.03333333333333333,30.0,30.0,1.0,1.0
1410,CHP04054,唐松草,0.029411764705882353,68.0,68.0,2.0,2.0
1411,CHP00225,暴马子皮,0.0,1.0,1.0,0.0,0.0
1412,CHP05692,紫薇花,0.0,1.0,1.0,0.0,0.0
1413,CHP05729,总状绿绒蒿,0.0,1.0,1.0,0.0,0.0
1414,CHP05753,斑鸠,0.0,1.0,1.0,0.0,0.0
1415,CHP05772,蚕蛾,0.0,1.0,1.0,0.0,0.0
1416,CHP05373,皂角刺,0.0,2.0,2.0,0.0,0.0
1417,CHP05835,蛤壳,0.0,1.0,1.0,0.0,0.0
1418,CHP05840,海马,0.0,3.0,3.0,0.0,0.0
1419,CHP05843,海燕,0.0,2.0,2.0,0.0,0.0
1420,CHP05853,猴枣,0.0,1.0,1.0,0.0,0.0
1421,CHP01665,黄花铁线莲,0.0,3.0,3.0,0.0,0.0
1422,CHP01675,黄堇,0.0,3.0,3.0,0.0,0.0
1423,CHP01708,黄缅桂,0.0,2.0,2.0,0.0,0.0
1424,CHP02941,南蛇藤叶,0.0,1.0,1.0,0.0,0.0
1425,CHP02946,南天竹梗,0.0,1.0,1.0,0.0,0.0
1426,CHP02971,柠檬根,0.0,2.0,2.0,0.0,0.0
1427,CHP02983,牛蒡根,0.0,3.0,3.0,0.0,0.0
1428,CHP02987,牛扁,0.0,3.0,3.0,0.0,0.0
1429,CHP02998,牛角瓜,0.0,2.0,2.0,0.0,0.0
1430,CHP01012,防己叶菝葜,0.0,1.0,1.0,0.0,0.0
1431,CHP00583,大叶蒟,0.0,2.0,2.0,0.0,0.0
1432,CHP00586,大叶马尾连,0.0,13.0,13.0,0.0,0.0
1433,CHP00599,大叶香薷,0.0,1.0,1.0,0.0,0.0
1434,CHP00629,胆南星,0.0,1.0,1.0,0.0,0.0
1435,CHP00635,淡竹叶,0.0,1.0,1.0,0.0,0.0
1436,CHP00649,倒吊笔,0.0,2.0,2.0,0.0,0.0
1437,CHP04404,五加皮,0.0,3.0,3.0,0.0,0.0
1438,CHP05621,紫菜,0.0,2.0,2.0,0.0,0.0
1439,CHP05663,紫茉莉根,0.0,3.0,3.0,0.0,0.0
1440,CHP05670,紫萁,0.0,2.0,2.0,0.0,0.0
1441,CHP06039,象胆,0.0,1.0,1.0,0.0,0.0
1442,CHP00176,百蕊草,0.0,1.0,1.0,0.0,0.0
1443,CHP06130,太白花,0.0,1.0,1.0,0.0,0.0
1444,CHP00079,白果槲寄生,0.0,4.0,4.0,0.0,0.0
1445,CHP04379,无漏子,0.0,1.0,1.0,0.0,0.0
1446,CHP00254,鞭打绣球,0.0,1.0,1.0,0.0,0.0
1447,CHP00261,扁桃斑鸠菊,0.0,2.0,2.0,0.0,0.0
1448,CHP00265,扁竹根,0.0,1.0,1.0,0.0,0.0
1449,CHP00272,滨海前胡,0.0,2.0,2.0,0.0,0.0
1450,CHP00286,博落回,0.0,3.0,3.0,0.0,0.0
1451,CHP00294,菜蓟,0.0,4.0,4.0,0.0,0.0
1452,CHP05592,苎麻根,0.0,1.0,1.0,0.0,0.0
1453,CHP04334,窝儿七,0.0,2.0,2.0,0.0,0.0
1454,CHP04340,乌骨藤,0.0,1.0,1.0,0.0,0.0
1455,CHP04352,乌蔹莓,0.0,1.0,1.0,0.0,0.0
1456,CHP04359,乌药,0.0,19.0,19.0,0.0,0.0
1457,CHP04367,无根藤,0.0,4.0,4.0,0.0,0.0
1458,CHP03002,牛筋果,0.0,7.0,7.0,0.0,0.0
1459,CHP03018,牛尾菜,0.0,1.0,1.0,0.0,0.0
1460,CHP04459,西洋接骨木,0.0,4.0,4.0,0.0,0.0
1461,CHP01594,华南皂荚,0.0,1.0,1.0,0.0,0.0
1462,CHP01596,华千金藤,0.0,8.0,8.0,0.0,0.0
1463,CHP01918,金锦香,0.0,1.0,1.0,0.0,0.0
1464,CHP04297,王孙,0.0,1.0,1.0,0.0,0.0
1465,CHP04322,榅桲,0.0,1.0,1.0,0.0,0.0
1466,CHP04324,文冠果,0.0,4.0,4.0,0.0,0.0
1467,CHP04328,文竹,0.0,1.0,1.0,0.0,0.0
1468,CHP04330,蕹菜,0.0,2.0,2.0,0.0,0.0
1469,CHP02074,榼藤子,0.0,5.0,5.0,0.0,0.0
1470,CHP02084,苦艾,0.0,2.0,2.0,0.0,0.0
1471,CHP03770,柿,0.0,1.0,1.0,0.0,0.0
1472,CHP03881,水木草,0.0,1.0,1.0,0.0,0.0
1473,CHP01570,花生油,0.0,3.0,3.0,0.0,0.0
1474,CHP01580,华东膜蕨,0.0,25.0,25.0,0.0,0.0
1475,CHP01013,飞机草,0.0,2.0,2.0,0.0,0.0
1476,CHP01029,肺形草,0.0,5.0,5.0,0.0,0.0
1477,CHP01030,分心木,0.0,4.0,4.0,0.0,0.0
1478,CHP01050,风箱树叶,0.0,1.0,1.0,0.0,0.0
1479,CHP01076,凤眼草,0.0,8.0,8.0,0.0,0.0
1480,CHP02012,酒饼叶,0.0,7.0,7.0,0.0,0.0
1481,CHP02032,橘皮,0.0,7.0,7.0,0.0,0.0
1482,CHP02049,卷丹,0.0,1.0,1.0,0.0,0.0
1483,CHP04666,小花盾叶薯蓣,0.0,1.0,1.0,0.0,0.0
1484,CHP00428,春福寿草,0.0,3.0,3.0,0.0,0.0
1485,CHP00430,椿白皮,0.0,1.0,1.0,0.0,0.0
1486,CHP00463,楤木,0.0,4.0,4.0,0.0,0.0
1487,CHP04717,小通草,0.0,14.0,14.0,0.0,0.0
1488,CHP04753,小芸木,0.0,4.0,4.0,0.0,0.0
1489,CHP04869,鸭儿芹,0.0,1.0,1.0,0.0,0.0
1490,CHP01156,岗松,0.0,1.0,1.0,0.0,0.0
1491,CHP01170,高山辣根菜,0.0,1.0,1.0,0.0,0.0
1492,CHP02925,南瓜,0.0,3.0,3.0,0.0,0.0
1493,CHP01520,胡麻仁,0.0,1.0,1.0,0.0,0.0
1494,CHP01546,槲叶,0.0,1.0,1.0,0.0,0.0
1495,CHP01563,花椒簕,0.0,1.0,1.0,0.0,0.0
1496,CHP01566,花锚,0.0,4.0,4.0,0.0,0.0
1497,CHP04622,小百部,0.0,1.0,1.0,0.0,0.0
1498,CHP01885,角茴香,0.0,4.0,4.0,0.0,0.0
1499,CHP02861,木防己,0.0,13.0,13.0,0.0,0.0
1500,CHP02872,木姜子,0.0,8.0,8.0,0.0,0.0
1501,CHP02878,木槿花,0.0,3.0,3.0,0.0,0.0
1502,CHP01111,阜康阿魏根,0.0,7.0,7.0,0.0,0.0
1503,CHP01123,甘菊,0.0,2.0,2.0,0.0,0.0
1504,CHP04461,菥蓂,0.0,1.0,1.0,0.0,0.0
1505,CHP04465,溪黄草,0.0,7.0,7.0,0.0,0.0
1506,CHP04475,细果角茴香,0.0,1.0,1.0,0.0,0.0
1507,CHP04550,香柏,0.0,3.0,3.0,0.0,0.0
1508,CHP04558,香根芹,0.0,2.0,2.0,0.0,0.0
1509,CHP01847,假连翘,0.0,6.0,6.0,0.0,0.0
1510,CHP01856,见血飞,0.0,3.0,3.0,0.0,0.0
1511,CHP01868,浆果苋,0.0,1.0,1.0,0.0,0.0
1512,CHP00939,多伞阿魏,0.0,12.0,12.0,0.0,0.0
1513,CHP00965,鹅掌楸,0.0,12.0,12.0,0.0,0.0
1514,CHP02007,韭菜,0.0,4.0,4.0,0.0,0.0
1515,CHP03541,山蒟,0.0,2.0,2.0,0.0,0.0
1516,CHP03552,山萝卜,0.0,1.0,1.0,0.0,0.0
1517,CHP03568,山稔叶,0.0,1.0,1.0,0.0,0.0
1518,CHP03569,山珊瑚,0.0,1.0,1.0,0.0,0.0
1519,CHP04163,铁树叶,0.0,1.0,1.0,0.0,0.0
1520,CHP04174,通草,0.0,24.0,24.0,0.0,0.0
1521,CHP04181,通脉丹,0.0,2.0,2.0,0.0,0.0
1522,CHP04208,透骨草,0.0,2.0,2.0,0.0,0.0
1523,CHP04224,土丁桂,0.0,1.0,1.0,0.0,0.0
1524,CHP04238,土木香,0.0,2.0,2.0,0.0,0.0
1525,CHP04270,瓦松,0.0,2.0,2.0,0.0,0.0
1526,CHP04283,碗蕨,0.0,2.0,2.0,0.0,0.0
1527,CHP03081,炮姜,0.0,1.0,1.0,0.0,0.0
1528,CHP03094,披针叶野决明,0.0,5.0,5.0,0.0,0.0
1529,CHP03110,飘拂草,0.0,1.0,1.0,0.0,0.0
1530,CHP03113,苹果,0.0,1.0,1.0,0.0,0.0
1531,CHP03124,破布木,0.0,5.0,5.0,0.0,0.0
1532,CHP03148,铺地蜈蚣,0.0,14.0,14.0,0.0,0.0
1533,CHP03159,桤木,0.0,3.0,3.0,0.0,0.0
1534,CHP04899,芫花,0.0,1.0,1.0,0.0,0.0
1535,CHP04920,岩筋菜,0.0,4.0,4.0,0.0,0.0
1536,CHP04933,岩乌头,0.0,1.0,1.0,0.0,0.0
1537,CHP01472,红楠,0.0,6.0,6.0,0.0,0.0
1538,CHP03520,山胡椒叶,0.0,2.0,2.0,0.0,0.0
1539,CHP03056,藕节,0.0,1.0,1.0,0.0,0.0
1540,CHP03075,泡桐,0.0,4.0,4.0,0.0,0.0
1541,CHP03077,泡桐果,0.0,2.0,2.0,0.0,0.0
1542,CHP02831,魔芋,0.0,1.0,1.0,0.0,0.0
1543,CHP02844,牡蒿,0.0,2.0,2.0,0.0,0.0
1544,CHP04960,羊角棉,0.0,2.0,2.0,0.0,0.0
1545,CHP04972,羊蹄草,0.0,1.0,1.0,0.0,0.0
1546,CHP02427,龙眼肉,0.0,1.0,1.0,0.0,0.0
1547,CHP00372,齿瓣延胡索,0.0,2.0,2.0,0.0,0.0
1548,CHP00394,臭牡丹,0.0,4.0,4.0,0.0,0.0
1549,CHP05005,药用倒提壶,0.0,3.0,3.0,0.0,0.0
1550,CHP02659,毛八角枫,0.0,1.0,1.0,0.0,0.0
1551,CHP02697,毛莲蒿,0.0,1.0,1.0,0.0,0.0
1552,CHP02707,毛葡萄,0.0,1.0,1.0,0.0,0.0
1553,CHP02739,茅膏菜,0.0,3.0,3.0,0.0,0.0
1554,CHP02777,蒙自草胡椒,0.0,9.0,9.0,0.0,0.0
1555,CHP02782,迷果芹,0.0,1.0,1.0,0.0,0.0
1556,CHP02784,猕猴桃,0.0,2.0,2.0,0.0,0.0
1557,CHP02813,绵藤,0.0,1.0,1.0,0.0,0.0
1558,CHP00807,东莨菪,0.0,2.0,2.0,0.0,0.0
1559,CHP01348,蔊菜,0.0,2.0,2.0,0.0,0.0
1560,CHP00882,杜松,0.0,17.0,17.0,0.0,0.0
1561,CHP03696,十大功劳,0.0,12.0,12.0,0.0,0.0
1562,CHP03718,石荠苎,0.0,8.0,8.0,0.0,0.0
1563,CHP01480,红雀珊瑚,0.0,2.0,2.0,0.0,0.0
1564,CHP01499,红直獐牙菜,0.0,1.0,1.0,0.0,0.0
1565,CHP02640,芒果叶,0.0,2.0,2.0,0.0,0.0
1566,CHP03649,蛇菰,0.0,19.0,19.0,0.0,0.0
1567,CHP03650,蛇果黄堇,0.0,2.0,2.0,0.0,0.0
1568,CHP03656,蛇婆子,0.0,3.0,3.0,0.0,0.0
1569,CHP03673,肾茶,0.0,27.0,27.0,0.0,0.0
1570,CHP01359,河套大黄,0.0,2.0,2.0,0.0,0.0
1571,CHP03689,胜红蓟,0.0,1.0,1.0,0.0,0.0
1572,CHP00795,东北蛔蒿,0.0,3.0,3.0,0.0,0.0
1573,CHP00799,东北延胡索,0.0,4.0,4.0,0.0,0.0
1574,CHP01829,蓟罂粟,0.0,7.0,7.0,0.0,0.0
1575,CHP01362,荷梗,0.0,1.0,1.0,0.0,0.0
1576,CHP05170,茵芋,0.0,2.0,2.0,0.0,0.0
1577,CHP05171,银背藤,0.0,1.0,1.0,0.0,0.0
1578,CHP05173,银不换,0.0,1.0,1.0,0.0,0.0
1579,CHP05188,银叶树,0.0,1.0,1.0,0.0,0.0
1580,CHP05191,淫羊藿根,0.0,1.0,1.0,0.0,0.0
1581,CHP00928,多花蒿,0.0,10.0,10.0,0.0,0.0
1582,CHP01748,黄紫堇,0.0,3.0,3.0,0.0,0.0
1583,CHP01758,茴香根,0.0,1.0,1.0,0.0,0.0
1584,CHP01764,火炭母草,0.0,1.0,1.0,0.0,0.0
1585,CHP01788,鸡冠子,0.0,1.0,1.0,0.0,0.0
1586,CHP01797,鸡嗉子,0.0,4.0,4.0,0.0,0.0
1587,CHP01802,鸡眼草,0.0,2.0,2.0,0.0,0.0
1588,CHP01810,姬蕨,0.0,6.0,6.0,0.0,0.0
1589,CHP01811,吉林乌头,0.0,1.0,1.0,0.0,0.0
1590,CHP02609,麦瓶草,0.0,1.0,1.0,0.0,0.0
1591,CHP01369,鹤草芽,0.0,3.0,3.0,0.0,0.0
1592,CHP01420,红根草,0.0,6.0,6.0,0.0,0.0
1593,CHP05096,野罂粟,0.0,6.0,6.0,0.0,0.0
1594,CHP05121,夜合花,0.0,2.0,2.0,0.0,0.0
1595,CHP02459,鹿葱,0.0,1.0,1.0,0.0,0.0
1596,CHP00318,草胡椒,0.0,1.0,1.0,0.0,0.0
1597,CHP01733,黄蜀葵花,0.0,1.0,1.0,0.0,0.0
1598,CHP05009,椰子皮,0.0,1.0,1.0,0.0,0.0
1599,CHP05032,野菰,0.0,1.0,1.0,0.0,0.0
1600,CHP05041,野花椒皮,0.0,2.0,2.0,0.0,0.0
1601,CHP05066,野茉莉,0.0,12.0,12.0,0.0,0.0
1602,CHP02547,麻黄根,0.0,21.0,21.0,0.0,0.0
1603,CHP02561,马比木,0.0,1.0,1.0,0.0,0.0
1604,CHP02589,马桑根,0.0,1.0,1.0,0.0,0.0
1605,CHP02591,马桑叶,0.0,4.0,4.0,0.0,0.0
1606,CHP02511,萝藦子,0.0,5.0,5.0,0.0,0.0
1607,CHP02519,落葵,0.0,1.0,1.0,0.0,0.0
1608,CHP01201,功劳子,0.0,1.0,1.0,0.0,0.0
1609,CHP01216,狗屎花,0.0,1.0,1.0,0.0,0.0
1610,CHP02472,路路通,0.0,10.0,10.0,0.0,0.0
1611,CHP01226,枸骨根,0.0,1.0,1.0,0.0,0.0
1612,CHP05383,泽珍珠菜,0.0,2.0,2.0,0.0,0.0
1613,CHP01262,观音草,0.0,1.0,1.0,0.0,0.0
1614,CHP05435,长尾复叶耳蕨,0.0,1.0,1.0,0.0,0.0
1615,CHP05450,照山白,0.0,2.0,2.0,0.0,0.0
1616,CHP00768,钓樟枝叶,0.0,1.0,1.0,0.0,0.0
1617,CHP03053,欧鼠李,0.0,2.0,2.0,0.0,0.0
1618,CHP05192,印度九里香,0.0,1.0,1.0,0.0,0.0
1619,CHP05194,罂粟,0.0,7.0,7.0,0.0,0.0
1620,CHP05195,罂粟壳,0.0,3.0,3.0,0.0,0.0
1621,CHP02504,罗勒子,0.0,1.0,1.0,0.0,0.0
1622,CHP05456,浙贝母,0.0,3.0,3.0,0.0,0.0
1623,CHP04113,甜菜,0.0,3.0,3.0,0.0,0.0
1624,CHP04119,甜瓜蒂,0.0,4.0,4.0,0.0,0.0
1625,CHP05461,鹧鸪菜,0.0,1.0,1.0,0.0,0.0
1626,CHP00662,稻芽,0.0,2.0,2.0,0.0,0.0
1627,CHP00667,地柏枝,0.0,1.0,1.0,0.0,0.0
1628,CHP00671,地丁,0.0,1.0,1.0,0.0,0.0
1629,CHP05467,真藓,0.0,1.0,1.0,0.0,0.0
1630,CHP02000,九里香根,0.0,2.0,2.0,0.0,0.0
1631,CHP03889,水芹,0.0,2.0,2.0,0.0,0.0
1632,CHP03911,水仙根,0.0,6.0,6.0,0.0,0.0
1633,CHP03918,水杨梅,0.0,2.0,2.0,0.0,0.0
1634,CHP03933,睡菜根,0.0,1.0,1.0,0.0,0.0
1635,CHP05481,栀子叶,0.0,1.0,1.0,0.0,0.0
1636,CHP04021,锁阳,0.0,2.0,2.0,0.0,0.0
1637,CHP04052,唐古特青兰,0.0,2.0,2.0,0.0,0.0
1638,CHP05539,珠芽半支,0.0,2.0,2.0,0.0,0.0
1639,CHP03201,茜草藤,0.0,1.0,1.0,0.0,0.0
1640,CHP03212,乔木紫珠,0.0,1.0,1.0,0.0,0.0
1641,CHP03216,窃衣,0.0,1.0,1.0,0.0,0.0
1642,CHP03257,青羊参,0.0,2.0,2.0,0.0,0.0
1643,CHP03258,青叶胆,0.0,19.0,19.0,0.0,0.0
1644,CHP03266,清明花,0.0,5.0,5.0,0.0,0.0
1645,CHP05795,地龙,0.0,1.0,1.0,0.0,0.0
1646,CHP02178,莱菔,0.0,5.0,5.0,0.0,0.0
1647,CHP02250,了哥王根,0.0,7.0,7.0,0.0,0.0
1648,CHP02284,栗柄金粉蕨,0.0,1.0,1.0,0.0,0.0
1649,CHP02304,莲房,0.0,5.0,5.0,0.0,0.0
1650,CHP02339,蓼实,0.0,2.0,2.0,0.0,0.0
1651,CHP05591,苎麻,0.0,3.0,3.0,0.0,0.0
1652,CHP01935,金雀根,0.0,1.0,1.0,0.0,0.0
1653,CHP01963,金樱叶,0.0,1.0,1.0,0.0,0.0
1654,CHP05329,越橘叶,0.0,3.0,3.0,0.0,0.0
1655,CHP05353,云实,0.0,1.0,1.0,0.0,0.0
1656,CHP05790,虫白蜡,0.0,4.0,4.0,0.0,0.0
1657,CHP05791,穿山甲,0.0,3.0,3.0,0.0,0.0
1658,CHP05866,鲩鱼,0.0,1.0,1.0,0.0,0.0
1659,CHP05877,鸡胆,0.0,2.0,2.0,0.0,0.0
1660,CHP05882,鸡肉,0.0,1.0,1.0,0.0,0.0
1661,CHP01505,厚皮树,0.0,5.0,5.0,0.0,0.0
1662,CHP02544,麻根,0.0,6.0,6.0,0.0,0.0
1663,CHP05267,鱼腥草,0.0,1.0,1.0,0.0,0.0
1664,CHP05274,榆树,0.0,1.0,1.0,0.0,0.0
1665,CHP05280,禹州漏芦,0.0,6.0,6.0,0.0,0.0
1666,CHP05295,芋头,0.0,4.0,4.0,0.0,0.0
1667,CHP05304,圆柏,0.0,5.0,5.0,0.0,0.0
1668,CHP05306,圆萼刺参,0.0,2.0,2.0,0.0,0.0
1669,CHP05325,月见草,0.0,2.0,2.0,0.0,0.0
1670,CHP00069,白椴,0.0,1.0,1.0,0.0,0.0
1671,CHP00057,白草莓,0.0,2.0,2.0,0.0,0.0
1672,CHP05824,狗肉,0.0,1.0,1.0,0.0,0.0
1673,CHP00050,白八角莲,0.0,1.0,1.0,0.0,0.0
1674,CHP00086,白花菜,0.0,2.0,2.0,0.0,0.0
1675,CHP06060,原蚕沙,0.0,6.0,6.0,0.0,0.0
1676,CHP00004,阿育魏实,0.0,1.0,1.0,0.0,0.0
1677,CHP00038,巴豆霜,0.0,1.0,1.0,0.0,0.0
1678,CHP00239,荜茇根,0.0,3.0,3.0,0.0,0.0
1679,CHP00247,薜荔,0.0,2.0,2.0,0.0,0.0
1680,CHP00250,篦子三尖杉,0.0,1.0,1.0,0.0,0.0
1681,CHP00104,白菊花根,0.0,1.0,1.0,0.0,0.0
1682,CHP06099,红曲,0.0,2.0,2.0,0.0,0.0
1683,CHP01604,华中瘤足蕨,0.0,1.0,1.0,0.0,0.0
1684,CHP01614,桦树皮,0.0,5.0,5.0,0.0,0.0
1685,CHP01724,黄秦艽,0.0,2.0,2.0,0.0,0.0
1686,CHP03425,桑根,0.0,2.0,2.0,0.0,0.0
1687,CHP03440,沙冬青,0.0,2.0,2.0,0.0,0.0
1688,CHP03453,沙枣,0.0,1.0,1.0,0.0,0.0
1689,CHP03464,砂生槐,0.0,1.0,1.0,0.0,0.0
1690,CHP03487,山橙,0.0,6.0,6.0,0.0,0.0
1691,CHP05355,云实叶,0.0,1.0,1.0,0.0,0.0
1692,CHP05361,芸香草,0.0,4.0,4.0,0.0,0.0
1693,CHP05364,仔榄树,0.0,2.0,2.0,0.0,0.0
1694,CHP05800,鹅臎,0.0,1.0,1.0,0.0,0.0
1695,CHP02130,苦绳,0.0,3.0,3.0,0.0,0.0
1696,CHP00988,番木瓜叶,0.0,1.0,1.0,0.0,0.0
1697,CHP00991,番石榴干,0.0,1.0,1.0,0.0,0.0
1698,CHP00993,番石榴皮,0.0,2.0,2.0,0.0,0.0
1699,CHP00994,番石榴叶,0.0,3.0,3.0,0.0,0.0
1700,CHP03364,瑞香根,0.0,4.0,4.0,0.0,0.0
1701,CHP03375,三叉凤尾蕨,0.0,1.0,1.0,0.0,0.0
