rank,CHP_ID,Chinese_herbal_pieces,adj_avg_score,total_compounds,effective_count,high_quality_count,ultra_high_count
1,CHP01104,福寿草,0.7575433869382121,20.0,20.0,18.0,18.0
2,CHP01193,葛蕈,0.7542453736210141,16.0,16.0,15.0,15.0
3,CHP01143,干地黄,0.73443927335956,21.0,21.0,17.0,17.0
4,CHP00793,东北刺人参,0.7228139951594756,16.0,16.0,14.0,14.0
5,CHP01211,狗脊,0.6909919063627273,29.0,29.0,21.0,15.0
6,CHP00408,楮树根,0.6856761463776139,46.0,46.0,27.0,20.0
7,CHP02909,木竹子,0.678474664001978,64.0,64.0,35.0,23.0
8,CHP04595,香樟,0.6779697973658547,15.0,15.0,11.0,9.0
9,CHP03767,莳萝子,0.6753185368970203,8.0,8.0,8.0,8.0
10,CHP03665,伸筋草,0.6752222111501203,43.0,43.0,29.0,25.0
11,CHP05322,月季花,0.6642293859117316,11.0,11.0,10.0,10.0
12,CHP05680,紫苏子,0.652521569817074,22.0,22.0,13.0,11.0
13,CHP05105,野芝麻根,0.6499338780081314,8.0,8.0,8.0,7.0
14,CHP00413,川滇淫羊藿,0.6431839118970203,8.0,8.0,6.0,6.0
15,CHP00990,番石榴,0.6406780991884712,12.0,12.0,9.0,8.0
16,CHP04824,玄参,0.6356750985531086,21.0,21.0,15.0,14.0
17,CHP02397,龙船花,0.6308668763879223,11.0,11.0,7.0,5.0
18,CHP02982,牛蒡,0.6282211424611984,12.0,12.0,8.0,7.0
19,CHP01449,红景天,0.6276080423582661,44.0,44.0,26.0,23.0
20,CHP04848,血风藤,0.6247371489573184,10.0,10.0,9.0,7.0
21,CHP01470,红木香,0.6229833656430167,12.0,12.0,7.0,6.0
22,CHP05682,紫檀,0.6163996393292689,36.0,36.0,19.0,17.0
23,CHP04325,文冠木,0.6139685536097578,5.0,5.0,5.0,5.0
24,CHP00809,东一号剑麻,0.6116353475866508,9.0,9.0,6.0,6.0
25,CHP06100,猴头菇,0.6108792600474608,19.0,19.0,10.0,8.0
26,CHP00778,丁茄,0.6100921302182298,9.0,9.0,7.0,7.0
27,CHP02470,路边姜,0.6079186789430912,5.0,5.0,5.0,5.0
28,CHP05647,紫金牛根,0.5995687249497861,7.0,7.0,6.0,4.0
29,CHP02863,木瓜,0.5987951382499288,41.0,41.0,18.0,15.0
30,CHP05261,鱼藤,0.5973883482029273,40.0,40.0,20.0,14.0
31,CHP00068,白杜鹃花,0.5963959126480844,18.0,18.0,10.0,9.0
32,CHP00924,盾叶唐松草,0.5944348497073182,10.0,10.0,6.0,4.0
33,CHP05402,獐牙菜,0.5901152471946035,37.0,37.0,19.0,17.0
34,CHP00806,东风橘根,0.5900544038417936,27.0,27.0,11.0,5.0
35,CHP00414,川鄂淫羊藿,0.590048641197446,11.0,11.0,8.0,8.0
36,CHP06089,冬虫夏草,0.5899950668202358,17.0,17.0,11.0,11.0
37,CHP01296,广金钱草,0.5894214460047216,21.0,21.0,13.0,9.0
38,CHP00455,刺桐,0.58784716275567,104.0,104.0,42.0,22.0
39,CHP00726,灯心草,0.5876280282584332,37.0,37.0,18.0,14.0
40,CHP05007,椰子,0.5863030217247404,4.0,4.0,4.0,4.0
41,CHP01849,假细锥香茶菜,0.586054555296169,4.0,4.0,4.0,4.0
42,CHP00368,橙子,0.5838213546747981,8.0,8.0,4.0,2.0
43,CHP05248,柚花,0.5830996794563345,21.0,21.0,12.0,12.0
44,CHP03130,葡萄,0.5825571288248349,12.0,12.0,7.0,7.0
45,CHP04838,雪莲,0.581656824587399,26.0,26.0,16.0,16.0
46,CHP04390,梧桐,0.5808390068970203,8.0,8.0,3.0,2.0
47,CHP00090,白花丹,0.579407085680843,45.0,45.0,21.0,16.0
48,CHP00187,败酱草,0.5794028020018297,70.0,70.0,38.0,31.0
49,CHP05070,野木瓜,0.5789136036341479,6.0,6.0,5.0,5.0
50,CHP06096,鬼盖,0.5776233821341479,6.0,6.0,4.0,3.0
51,CHP01814,极美云实,0.5770985028498088,9.0,9.0,6.0,5.0
52,CHP04834,雪胆,0.5753896700858546,15.0,15.0,10.0,10.0
53,CHP04272,歪脖子果,0.5749507290091478,6.0,6.0,5.0,3.0
54,CHP02527,吕宋楸毛,0.5733398696341478,6.0,6.0,4.0,4.0
55,CHP03970,松叶,0.5731809410104548,4.0,4.0,4.0,4.0
56,CHP03979,苏木,0.5722008101191062,50.0,50.0,22.0,15.0
57,CHP01824,荠菜,0.5713728925483011,51.0,51.0,26.0,25.0
58,CHP04602,向日葵,0.5692777671341478,6.0,6.0,5.0,4.0
59,CHP00173,百里香,0.5691309752165566,23.0,23.0,12.0,9.0
60,CHP04880,鸭跖草,0.5684850281533118,4.0,4.0,3.0,3.0
61,CHP00458,葱白,0.5671917384174546,70.0,70.0,27.0,21.0
62,CHP01508,厚朴,0.5660883435148577,121.0,121.0,46.0,30.0
63,CHP00076,白附子,0.5654835285153876,58.0,58.0,23.0,19.0
64,CHP02918,南板蓝根,0.5649521031533118,4.0,4.0,4.0,2.0
65,CHP04075,藤黄,0.5647469489249657,96.0,96.0,43.0,24.0
66,CHP05623,紫草,0.5627762773382121,20.0,20.0,9.0,8.0
67,CHP01424,红厚壳,0.5622765667029274,40.0,40.0,15.0,6.0
68,CHP00312,草本威灵仙,0.561181727292684,11.0,11.0,6.0,5.0
69,CHP03657,蛇葡萄,0.5610947230369795,21.0,21.0,8.0,8.0
70,CHP00333,茶叶,0.5600082603433064,125.0,125.0,58.0,51.0
71,CHP00011,艾纳香,0.5599487346837987,18.0,18.0,9.0,9.0
72,CHP02972,柠檬皮,0.559364037134148,6.0,6.0,4.0,4.0
73,CHP00672,地耳草,0.5577060887172812,98.0,98.0,42.0,29.0
74,CHP05690,紫薇,0.5571677010975621,12.0,12.0,6.0,5.0
75,CHP05675,紫杉,0.5568619817423783,102.0,102.0,54.0,54.0
76,CHP01342,海南买麻藤,0.5563801436585376,13.0,13.0,6.0,5.0
77,CHP00883,杜松实,0.5549375678909627,7.0,7.0,5.0,2.0
78,CHP03449,沙塘木,0.5542817517971772,9.0,9.0,3.0,0.0
79,CHP02816,棉花根,0.5541997378498088,9.0,9.0,5.0,5.0
80,CHP03134,蒲公英,0.5533475387533264,34.0,34.0,18.0,14.0
81,CHP05286,玉米须,0.5521896816585377,13.0,13.0,5.0,5.0
82,CHP00605,大叶醉鱼草,0.552109320296169,4.0,4.0,3.0,2.0
83,CHP01578,华北白前,0.5518019509628853,13.0,13.0,7.0,7.0
84,CHP01234,枸杞,0.5512071990058546,15.0,15.0,8.0,6.0
85,CHP02120,苦楝实,0.551162671088182,3.0,3.0,3.0,3.0
86,CHP00485,大丁草,0.5510705292854305,28.0,28.0,12.0,8.0
87,CHP02061,君迁子,0.5510549861262568,7.0,7.0,4.0,4.0
88,CHP00175,百脉根,0.5503322977658546,15.0,15.0,8.0,6.0
89,CHP05073,野漆树,0.5496999522764244,5.0,5.0,3.0,2.0
90,CHP02009,韭菜子,0.5496627809015989,19.0,19.0,10.0,9.0
91,CHP06116,蜜环菌,0.5489039321341479,6.0,6.0,4.0,2.0
92,CHP00080,白果紫草,0.5488849474831603,11.0,11.0,6.0,6.0
93,CHP00108,白兰花,0.5485922081937448,63.0,63.0,32.0,14.0
94,CHP03768,使君子,0.5484203371956105,25.0,25.0,14.0,9.0
95,CHP01302,广西九里香,0.5475993790091479,6.0,6.0,3.0,2.0
96,CHP03527,山黄皮,0.5471299196707324,26.0,26.0,8.0,5.0
97,CHP03217,芹花,0.5467295484128284,17.0,17.0,8.0,6.0
98,CHP04577,香青兰,0.5465704333958743,3.0,3.0,3.0,3.0
99,CHP00876,杜鹃花,0.5463704858641126,11.0,11.0,7.0,6.0
100,CHP03992,粟米草,0.5453939268970203,8.0,8.0,4.0,4.0
101,CHP05499,枳椇子,0.5453884602764243,5.0,5.0,4.0,3.0
102,CHP05541,珠子参,0.5450942002764243,5.0,5.0,4.0,3.0
103,CHP00203,半边旗,0.5449548736097577,5.0,5.0,3.0,3.0
104,CHP02033,橘叶,0.544566826574798,8.0,8.0,5.0,5.0
105,CHP01550,虎刺,0.544443342931347,17.0,17.0,10.0,4.0
106,CHP02182,兰花,0.5441641480112589,3.0,3.0,3.0,3.0
107,CHP02604,买麻藤,0.5440933871254361,39.0,39.0,14.0,13.0
108,CHP00640,当药,0.5438154072420281,3.0,3.0,3.0,2.0
109,CHP02683,毛贯众,0.5423947374390261,4.0,4.0,3.0,0.0
110,CHP02037,蒟蒻薯,0.5422394070511897,71.0,71.0,37.0,37.0
111,CHP03104,啤酒花,0.5422001946225995,54.0,54.0,22.0,17.0
112,CHP05478,栀子,0.5420818580594201,48.0,48.0,23.0,23.0
113,CHP00071,白饭豆,0.5414750942155141,51.0,51.0,22.0,22.0
114,CHP00496,大风子,0.5414526901354307,28.0,28.0,12.0,6.0
115,CHP03439,沙参,0.5411868759508586,44.0,44.0,22.0,19.0
116,CHP03685,生漆,0.5406806133958744,3.0,3.0,3.0,2.0
117,CHP04862,寻骨风,0.5391162653313469,17.0,17.0,10.0,7.0
118,CHP06128,松萝,0.5389053797877397,27.0,27.0,7.0,2.0
119,CHP00403,除虫菊,0.5388499162760141,16.0,16.0,9.0,9.0
120,CHP01409,红车轴草,0.538268438811173,21.0,21.0,11.0,6.0
121,CHP02523,落新妇,0.5356239830766558,18.0,18.0,8.0,2.0
122,CHP00298,苍耳,0.5355570609313468,17.0,17.0,10.0,8.0
123,CHP04647,小构树,0.5354509267014957,21.0,21.0,12.0,10.0
124,CHP01273,贯众,0.5349824514073694,37.0,37.0,16.0,15.0
125,CHP01942,金丝桃,0.5348862857073182,10.0,10.0,5.0,4.0
126,CHP02355,铃兰,0.5346608472715455,20.0,20.0,10.0,10.0
127,CHP02222,老鹳草,0.5339468145045739,22.0,22.0,10.0,9.0
128,CHP03199,茜草根,0.5333072508164937,11.0,11.0,7.0,7.0
129,CHP00330,茶花,0.5330432264727973,3.0,3.0,2.0,2.0
130,CHP02789,米皮糠,0.5328454991073184,10.0,10.0,5.0,4.0
131,CHP00421,穿龙薯蓣,0.5327218615775822,37.0,37.0,17.0,13.0
132,CHP06122,桑黄,0.5326750461594756,16.0,16.0,7.0,6.0
133,CHP06080,豹皮菇,0.5322034787804897,3.0,3.0,2.0,2.0
134,CHP01326,桂枝,0.532068011375319,57.0,57.0,21.0,16.0
135,CHP00305,藏边大黄,0.5319324398459571,28.0,28.0,11.0,9.0
136,CHP03395,三面刀,0.5319202351727652,14.0,14.0,7.0,7.0
137,CHP00274,槟榔,0.5313317258177384,172.0,172.0,66.0,54.0
138,CHP05482,蜘蛛抱蛋,0.5313138095497204,3.0,3.0,2.0,2.0
139,CHP05169,茵陈,0.5312817640056295,16.0,16.0,4.0,4.0
140,CHP04463,锡生藤,0.5309823112708614,9.0,9.0,4.0,1.0
141,CHP01230,枸橘,0.5308443106430166,12.0,12.0,4.0,3.0
142,CHP04482,细辛,0.5305026890477686,23.0,23.0,12.0,8.0
143,CHP00235,贝母兰,0.5304048546341479,6.0,6.0,3.0,1.0
144,CHP01598,华桑,0.5303195010060985,14.0,14.0,6.0,3.0
145,CHP01719,黄杞,0.5301206252303536,8.0,8.0,4.0,1.0
146,CHP00415,川木通,0.5298576459832677,96.0,96.0,32.0,20.0
147,CHP02057,蕨菜,0.5296827257394099,47.0,47.0,19.0,18.0
148,CHP04987,杨梅树皮,0.5295887215531085,21.0,21.0,10.0,10.0
149,CHP05967,牛靥,0.5293418933841478,6.0,6.0,3.0,3.0
150,CHP02970,柠檬桉叶,0.5288634562764244,5.0,5.0,3.0,3.0
151,CHP02216,榔榆皮,0.5285836116097576,5.0,5.0,2.0,1.0
152,CHP05634,紫红獐牙菜,0.5272654318970204,8.0,8.0,3.0,2.0
153,CHP05805,蜂胶,0.526976919422004,83.0,83.0,30.0,22.0
154,CHP01367,核桃仁,0.5260866362036231,58.0,58.0,21.0,17.0
155,CHP01469,红母鸡草,0.525765699097446,11.0,11.0,5.0,4.0
156,CHP02749,玫瑰,0.5255353941651051,3.0,3.0,2.0,2.0
157,CHP04951,燕麦,0.5252864280573183,10.0,10.0,6.0,6.0
158,CHP00099,白及,0.5252069259221179,78.0,78.0,24.0,10.0
159,CHP01114,覆盆子,0.5250804709378447,52.0,52.0,23.0,17.0
160,CHP03353,入地蜈蚣,0.5246461375715812,13.0,13.0,3.0,2.0
161,CHP05051,野菊花,0.5240001310560369,54.0,54.0,25.0,25.0
162,CHP02630,蔓荆,0.5231827218048789,20.0,20.0,7.0,6.0
163,CHP03780,匙羹藤,0.522814265296169,4.0,4.0,3.0,3.0
164,CHP01131,甘西鼠尾草,0.5224980410048788,20.0,20.0,9.0,7.0
165,CHP02528,绿豆,0.5215923312238827,38.0,38.0,18.0,15.0
166,CHP00100,白胶香,0.5215649425915456,20.0,20.0,10.0,10.0
167,CHP00220,宝盖草,0.5213296866430167,12.0,12.0,7.0,6.0
168,CHP00062,白刺花,0.5210282271885924,21.0,21.0,10.0,9.0
169,CHP01912,金合欢,0.5207562941498269,11.0,11.0,5.0,5.0
170,CHP05360,芸香,0.5207146510797378,42.0,42.0,12.0,6.0
171,CHP03450,沙糖根,0.5205627407859093,8.0,8.0,5.0,4.0
172,CHP02716,毛桐,0.5202929063355413,11.0,11.0,2.0,2.0
173,CHP02588,马桑,0.5202030357658546,15.0,15.0,7.0,7.0
174,CHP00331,茶树根,0.5201010742764244,5.0,5.0,2.0,2.0
175,CHP01043,风毛菊,0.5199468548414647,8.0,8.0,5.0,5.0
176,CHP01338,海金砂,0.5195114928801675,28.0,28.0,12.0,9.0
177,CHP05463,珍珠菜,0.5193593728455305,2.0,2.0,2.0,2.0
178,CHP05964,牛肾,0.5192651227591478,6.0,6.0,4.0,4.0
179,CHP04842,雪山林,0.5190524466764563,39.0,39.0,19.0,19.0
180,CHP04543,线叶金鸡菊,0.5190005678455305,2.0,2.0,2.0,2.0
181,CHP00251,边缘鳞盖蕨,0.5189216319227653,14.0,14.0,7.0,7.0
182,CHP00039,巴戟天,0.5188926908597937,153.0,153.0,62.0,38.0
183,CHP01058,蜂斗菜,0.5186653469340997,94.0,94.0,41.0,34.0
184,CHP05370,皂荚,0.5184057065045738,22.0,22.0,12.0,12.0
185,CHP03803,鼠李,0.5183313719466478,6.0,6.0,4.0,4.0
186,CHP05345,云南菟丝子,0.5182821770121971,2.0,2.0,2.0,2.0
187,CHP01334,海带,0.5174889440245783,65.0,65.0,28.0,26.0
188,CHP02356,凌霄,0.5174770755716479,6.0,6.0,4.0,4.0
189,CHP02539,绿笋片,0.5171422511788638,2.0,2.0,2.0,2.0
190,CHP03215,茄子根,0.5171358615104547,4.0,4.0,3.0,3.0
191,CHP05555,猪殃殃,0.5169716345121972,2.0,2.0,2.0,2.0
192,CHP00023,暗紫贝母,0.5166572602926841,11.0,11.0,6.0,5.0
193,CHP00762,吊干麻,0.5163398177608239,22.0,22.0,12.0,10.0
194,CHP04449,西瓜,0.5162483167258547,15.0,15.0,5.0,3.0
195,CHP02172,辣椒,0.5158749702005625,108.0,108.0,46.0,37.0
196,CHP04244,土三七,0.5153984272058547,15.0,15.0,8.0,6.0
197,CHP01681,黄荆子,0.5152893325614722,103.0,103.0,42.0,41.0
198,CHP04378,无距耧斗菜,0.5151590787804896,3.0,3.0,2.0,2.0
199,CHP03772,柿根,0.5146697778455305,2.0,2.0,2.0,2.0
200,CHP05489,止泻木皮,0.514237537908422,43.0,43.0,22.0,19.0
201,CHP04178,通关藤,0.5142229088756891,21.0,21.0,11.0,11.0
202,CHP00710,地梭罗,0.5142034804479192,35.0,35.0,9.0,4.0
203,CHP02293,栗树皮,0.5140519028455305,2.0,2.0,2.0,2.0
204,CHP00091,白花灯笼,0.5137744908498088,9.0,9.0,5.0,5.0
205,CHP00467,粗叶悬钩子,0.5137407630047216,21.0,21.0,10.0,8.0
206,CHP02554,麻牛膝,0.5134417178458547,15.0,15.0,8.0,8.0
207,CHP00094,白花射干,0.513091144060335,9.0,9.0,4.0,2.0
208,CHP03589,山小橘,0.5130406609430911,5.0,5.0,2.0,2.0
209,CHP03177,千解草,0.5128533431533119,4.0,4.0,2.0,0.0
210,CHP01834,夹竹桃,0.5126916682095054,58.0,58.0,23.0,22.0
211,CHP04777,新疆藁本,0.5122432595121972,2.0,2.0,2.0,2.0
212,CHP01740,黄心果,0.5116930833658546,15.0,15.0,6.0,5.0
213,CHP05572,竹沥,0.5116453431658546,15.0,15.0,6.0,5.0
214,CHP05780,蟾皮,0.5114552267247404,4.0,4.0,2.0,2.0
215,CHP04807,绣线菊,0.5111342050731712,33.0,33.0,14.0,13.0
216,CHP02137,苦玄参,0.5107489347382121,20.0,20.0,8.0,8.0
217,CHP02337,辽东楤木,0.5106165540050471,19.0,19.0,10.0,10.0
218,CHP03127,破叶莲,0.5105929673403031,11.0,11.0,6.0,6.0
219,CHP00812,冬瓜皮,0.5099854835890563,174.0,174.0,70.0,54.0
220,CHP05582,竹叶椒,0.5099448202473182,10.0,10.0,4.0,3.0
221,CHP00963,鹅绒藤,0.5099203615091479,6.0,6.0,3.0,2.0
222,CHP01555,虎尾兰,0.5097140103455305,2.0,2.0,2.0,1.0
223,CHP01936,金雀花,0.5093359317636678,19.0,19.0,7.0,6.0
224,CHP06127,树舌,0.509277272913328,46.0,46.0,22.0,21.0
225,CHP03664,麝香草,0.5090639767143988,21.0,21.0,10.0,10.0
226,CHP01066,凤尾茶,0.5087119767247403,4.0,4.0,2.0,1.0
227,CHP01310,鬼箭羽,0.5085270145797378,42.0,42.0,14.0,11.0
228,CHP03778,柿叶,0.5083889898181818,14.0,14.0,8.0,5.0
229,CHP02756,梅花,0.5083884030320049,64.0,64.0,27.0,20.0
230,CHP02623,曼陀罗叶,0.5083431946310987,14.0,14.0,7.0,7.0
231,CHP04764,缬草,0.5078341474669844,31.0,31.0,15.0,13.0
232,CHP04643,小飞蓬,0.5076005404525759,8.0,8.0,3.0,3.0
233,CHP05112,叶底珠,0.5072215317552274,18.0,18.0,8.0,8.0
234,CHP02034,橘叶巴戟,0.5065482520121972,2.0,2.0,2.0,1.0
235,CHP03434,桑枝,0.5063891929810304,35.0,35.0,15.0,13.0
236,CHP05766,鳖甲,0.5063413436788639,2.0,2.0,2.0,1.0
237,CHP01593,华南吴茱萸,0.5061320303675976,4.0,4.0,3.0,2.0
238,CHP00106,白蜡树皮,0.5057802636472432,82.0,82.0,30.0,25.0
239,CHP01534,葫芦茶,0.5054060287793802,12.0,12.0,6.0,4.0
240,CHP00206,半边苏,0.5048463718639191,35.0,35.0,14.0,12.0
241,CHP01786,鸡冠花,0.5046818411966478,6.0,6.0,3.0,2.0
242,CHP00998,翻白草,0.5045389242418546,15.0,15.0,5.0,5.0
243,CHP01450,红筷子,0.5043508187804897,3.0,3.0,2.0,2.0
244,CHP03083,蓬莪术,0.5042178019591479,6.0,6.0,3.0,3.0
245,CHP02515,骆驼蓬子,0.5041542678455305,2.0,2.0,2.0,1.0
246,CHP02583,马铃薯,0.503720347343091,5.0,5.0,3.0,3.0
247,CHP03010,牛奶树,0.5034118981533119,4.0,4.0,1.0,1.0
248,CHP00293,菜豆树,0.503107006197446,11.0,11.0,6.0,4.0
249,CHP02207,狼把草,0.5027355364846247,13.0,13.0,6.0,5.0
250,CHP00258,扁豆,0.502224441710159,93.0,93.0,38.0,31.0
251,CHP01693,黄龙胆,0.5021517285056294,16.0,16.0,6.0,6.0
252,CHP00336,茶子,0.5021458611367985,13.0,13.0,7.0,7.0
253,CHP00597,大叶仙茅,0.5020900399454814,24.0,24.0,11.0,11.0
254,CHP05515,重楼,0.5019610866377162,31.0,31.0,14.0,14.0
255,CHP02418,龙血树,0.5019605980670739,22.0,22.0,9.0,8.0
256,CHP05160,益智仁,0.5017361540097577,5.0,5.0,3.0,3.0
257,CHP01002,繁缕,0.5015109312708613,9.0,9.0,4.0,4.0
258,CHP01176,高乌头,0.5014010902764243,5.0,5.0,3.0,3.0
259,CHP01366,核桃楸果仁,0.5010820133841478,6.0,6.0,2.0,1.0
260,CHP02441,芦根,0.5009031187101872,24.0,24.0,12.0,10.0
261,CHP05790,虫白蜡,0.5007294695818832,4.0,4.0,0.0,0.0
262,CHP00441,刺柏,0.50072316927971,37.0,37.0,16.0,13.0
263,CHP01183,茖葱,0.5003746285091478,6.0,6.0,3.0,3.0
264,CHP05465,珍珠梅,0.5003654261788638,2.0,2.0,1.0,1.0
265,CHP01118,甘草,0.500351741914662,341.0,341.0,120.0,82.0
266,CHP00186,柏子仁,0.5003306397803923,47.0,47.0,20.0,13.0
267,CHP03595,山银柴胡,0.5002953061788639,2.0,2.0,1.0,1.0
268,CHP02109,苦蒿,0.4998083887793802,12.0,12.0,6.0,6.0
269,CHP01608,化橘红,0.49974270677084576,33.0,33.0,14.0,10.0
270,CHP01676,黄荆,0.4997180506298545,15.0,15.0,8.0,6.0
271,CHP00048,菝葜,0.4996174456564637,90.0,90.0,33.0,26.0
272,CHP00401,樗叶花椒,0.4995787708321392,7.0,7.0,4.0,4.0
273,CHP04995,洋蓍草,0.49955652100860976,7.0,7.0,3.0,3.0
274,CHP02896,木棉花,0.49903375749905904,47.0,47.0,13.0,9.0
275,CHP04083,天冬,0.4989606812882244,54.0,54.0,23.0,22.0
276,CHP04467,喜旱莲子草,0.4988290731850803,7.0,7.0,4.0,4.0
277,CHP01235,枸杞叶,0.4988069678810985,14.0,14.0,6.0,6.0
278,CHP00221,保山乌头,0.4983308128641126,11.0,11.0,5.0,5.0
279,CHP05470,枕材,0.49803762784553046,2.0,2.0,1.0,1.0
280,CHP03659,蛇藤,0.4980163672420282,3.0,3.0,2.0,2.0
281,CHP00853,毒芹根,0.49795889085731826,10.0,10.0,4.0,4.0
282,CHP02930,南瓜子,0.4972774047889725,13.0,13.0,6.0,5.0
283,CHP05635,紫花地丁,0.49695649993902613,4.0,4.0,2.0,2.0
284,CHP05296,郁金香,0.49670565869191396,9.0,9.0,5.0,5.0
285,CHP03020,牛尾蒿,0.49665804592276525,14.0,14.0,6.0,5.0
286,CHP02498,罗汉松,0.4957612703623702,18.0,18.0,9.0,8.0
287,CHP01477,红芪,0.4955178411446731,47.0,47.0,19.0,16.0
288,CHP00997,番泻叶,0.49513992467644896,22.0,22.0,9.0,6.0
289,CHP02131,苦树皮,0.49510140431097593,58.0,58.0,20.0,19.0
290,CHP01524,胡桃树皮,0.49498940803035374,8.0,8.0,4.0,4.0
291,CHP02391,六棱菊,0.49481978742490434,28.0,28.0,13.0,13.0
292,CHP03784,手参,0.4946942035521076,12.0,12.0,4.0,3.0
293,CHP00102,白芥子,0.49467211133379874,18.0,18.0,8.0,4.0
294,CHP05975,青蛙,0.49466536815331186,4.0,4.0,2.0,2.0
295,CHP00683,地瓜子,0.4944129666613247,25.0,25.0,6.0,4.0
296,CHP00059,白菖,0.494293495959808,61.0,61.0,27.0,23.0
297,CHP00742,滇黄芩,0.4941900807073183,10.0,10.0,4.0,2.0
298,CHP02514,骆驼蓬,0.49409915894309103,5.0,5.0,2.0,2.0
299,CHP01775,鸡蛋果,0.4932768595121972,2.0,2.0,1.0,1.0
300,CHP01669,黄花远志,0.4932185107143988,21.0,21.0,11.0,8.0
301,CHP02035,橘子,0.49290051713414784,6.0,6.0,3.0,1.0
302,CHP02839,母菊,0.4928381660073183,10.0,10.0,5.0,5.0
303,CHP01774,鸡蛋参,0.49270786451219717,2.0,2.0,1.0,1.0
304,CHP01244,骨节草,0.49260036275914787,6.0,6.0,3.0,3.0
305,CHP00828,冬珊瑚,0.49235110180975766,5.0,5.0,3.0,3.0
306,CHP00724,灯笼泡,0.4922582040097577,5.0,5.0,3.0,3.0
307,CHP00019,安息香,0.4920190741364441,171.0,171.0,62.0,48.0
308,CHP03853,水黄连,0.49197138875914787,6.0,6.0,2.0,2.0
309,CHP00767,钓樟根皮,0.49181165534146476,8.0,8.0,4.0,3.0
310,CHP00314,草地黄芩,0.4915333139497862,7.0,7.0,2.0,2.0
311,CHP06037,五灵脂,0.4914930961966479,6.0,6.0,3.0,3.0
312,CHP01695,黄栌,0.49142760694309107,5.0,5.0,3.0,2.0
313,CHP00269,遍地金,0.49131574601045475,4.0,4.0,1.0,1.0
314,CHP03709,石刁柏,0.49116892523392575,12.0,12.0,6.0,6.0
315,CHP01083,扶桑花,0.49112257108818197,3.0,3.0,2.0,2.0
316,CHP01702,黄麻叶,0.4909333214203744,7.0,7.0,3.0,3.0
317,CHP00445,刺槐花,0.4907892714644319,14.0,14.0,5.0,5.0
318,CHP04918,岩椒草,0.49072277278897247,13.0,13.0,4.0,2.0
319,CHP02082,孔雀草,0.49053222364731824,10.0,10.0,5.0,5.0
320,CHP02342,裂果薯,0.4901975981535691,17.0,17.0,8.0,8.0
321,CHP00296,蚕豆,0.4898539512909092,19.0,19.0,9.0,8.0
322,CHP00095,白花藤,0.4896789933958743,3.0,3.0,2.0,2.0
323,CHP05337,云南榧树,0.4895625041651051,3.0,3.0,2.0,2.0
324,CHP02656,猫须草,0.48951583842620955,49.0,49.0,22.0,22.0
325,CHP03178,千斤拔,0.48942941253502903,37.0,37.0,13.0,9.0
326,CHP05612,梓木,0.4891814541262568,7.0,7.0,2.0,0.0
327,CHP01346,含羞草,0.4889330894525759,8.0,8.0,3.0,3.0
328,CHP05174,银柴胡,0.48889223150914785,6.0,6.0,2.0,2.0
329,CHP03981,苏铁,0.48884248318508033,7.0,7.0,3.0,2.0
330,CHP02306,莲蓬草,0.48878889031895123,3.0,3.0,2.0,1.0
331,CHP00014,艾叶,0.48847227627072826,397.0,397.0,158.0,127.0
332,CHP05302,元宝草,0.48833136373035363,8.0,8.0,4.0,1.0
333,CHP03038,糯稻根,0.4883177251802767,13.0,13.0,6.0,6.0
334,CHP02661,毛白杨,0.4883071880498421,13.0,13.0,7.0,6.0
335,CHP01871,降香,0.48829911905909973,94.0,94.0,26.0,15.0
336,CHP00315,草豆蔻,0.4881906066818375,37.0,37.0,16.0,14.0
337,CHP06033,乌梢蛇,0.48749530339587427,3.0,3.0,1.0,1.0
338,CHP00053,白背叶,0.48741098570272734,7.0,7.0,4.0,0.0
339,CHP02055,决明,0.4872287911313468,17.0,17.0,6.0,5.0
340,CHP04888,亚麻子,0.48707343712974044,4.0,4.0,2.0,2.0
341,CHP01323,桂皮,0.48691110693268413,11.0,11.0,5.0,5.0
342,CHP03213,荞麦,0.4863958307019319,14.0,14.0,6.0,6.0
343,CHP04316,卫矛,0.486343706088182,3.0,3.0,2.0,2.0
344,CHP00140,白首乌,0.48629902880292725,40.0,40.0,17.0,17.0
345,CHP00286,博落回,0.48629078339587434,3.0,3.0,0.0,0.0
346,CHP02685,毛诃子,0.4859951636097577,5.0,5.0,3.0,3.0
347,CHP01896,芥菜,0.48599427036743326,7.0,7.0,2.0,2.0
348,CHP02478,露水草,0.4859160877073183,10.0,10.0,5.0,5.0
349,CHP04092,天罗水,0.48573667623392575,12.0,12.0,6.0,6.0
350,CHP01773,鸡肠狼毒,0.48566288189808454,18.0,18.0,9.0,8.0
351,CHP02063,开口箭,0.485626659669106,50.0,50.0,19.0,18.0
352,CHP03309,雀梅藤,0.4855930945121972,2.0,2.0,1.0,1.0
353,CHP03314,蘘荷,0.4854487668164937,11.0,11.0,6.0,6.0
354,CHP01853,剪秋罗,0.48543101724202814,3.0,3.0,2.0,2.0
355,CHP05224,油茶子,0.4853460046341479,6.0,6.0,3.0,3.0
356,CHP01990,景天,0.48532805502309107,5.0,5.0,3.0,2.0
357,CHP00284,播娘蒿,0.48483542192276524,14.0,14.0,7.0,6.0
358,CHP00049,霸王鞭,0.48481513797154546,20.0,20.0,9.0,8.0
359,CHP00101,白芥,0.4843135513958743,3.0,3.0,2.0,2.0
360,CHP00660,稻草,0.48404801280341536,27.0,27.0,11.0,11.0
361,CHP04821,萱草,0.48404599300770346,9.0,9.0,4.0,4.0
362,CHP04000,酸模,0.48394713117886384,2.0,2.0,1.0,1.0
363,CHP01185,葛根,0.48392459845559177,43.0,43.0,16.0,16.0
364,CHP00433,莼菜,0.48389852724202814,3.0,3.0,2.0,2.0
365,CHP01089,佛甲草,0.48379340550813144,8.0,8.0,4.0,3.0
366,CHP02239,老鼠瓜,0.4836863062764244,5.0,5.0,3.0,3.0
367,CHP04809,绣线菊叶,0.48356361811296666,9.0,9.0,4.0,4.0
368,CHP00288,补骨脂,0.4834638624358449,181.0,181.0,49.0,34.0
369,CHP02824,明党参,0.4833692115818833,4.0,4.0,2.0,1.0
370,CHP03518,山胡椒,0.48286408960975774,5.0,5.0,2.0,2.0
371,CHP00178,百眼藤,0.4828385096097577,5.0,5.0,3.0,1.0
372,CHP01016,飞龙掌血,0.4828007087688746,11.0,11.0,2.0,2.0
373,CHP00060,白车轴草,0.48266086505962125,26.0,26.0,12.0,8.0
374,CHP04326,文殊兰,0.4825972143306624,60.0,60.0,20.0,10.0
375,CHP05287,玉蜀黍,0.48251042243902614,4.0,4.0,2.0,2.0
376,CHP01261,关木通,0.48250002877028936,12.0,12.0,4.0,4.0
377,CHP00533,大麻叶泽兰,0.48221375346368706,8.0,8.0,4.0,4.0
378,CHP00239,荜茇根,0.481776844165105,3.0,3.0,0.0,0.0
379,CHP03653,蛇莓,0.4812097957035666,3.0,3.0,2.0,2.0
380,CHP04042,太子参,0.4811200792119437,19.0,19.0,8.0,7.0
381,CHP01122,甘葛藤根,0.4810355203189512,3.0,3.0,2.0,1.0
382,CHP02500,罗汉松实,0.480703436042458,17.0,17.0,8.0,8.0
383,CHP03506,山矾叶,0.4806402024390261,4.0,4.0,2.0,2.0
384,CHP00974,耳草,0.4804188734355413,11.0,11.0,4.0,4.0
385,CHP04225,土茯苓,0.4803501254309829,27.0,27.0,11.0,11.0
386,CHP05880,鸡脑,0.480245863088182,3.0,3.0,2.0,2.0
387,CHP04816,徐长卿,0.48022852596585464,15.0,15.0,6.0,4.0
388,CHP05186,银杏叶,0.4801351369490067,44.0,44.0,14.0,13.0
389,CHP00906,堆心菊,0.4801164824327533,25.0,25.0,11.0,10.0
390,CHP02541,葎草,0.4798889755889358,31.0,31.0,10.0,6.0
391,CHP02244,老鸦柿,0.47987909213414787,6.0,6.0,3.0,3.0
392,CHP03084,蓬莱草,0.4797878288764244,5.0,5.0,3.0,2.0
393,CHP01620,槐,0.4796971249194072,13.0,13.0,6.0,5.0
394,CHP05841,海螵蛸,0.47932573534553047,2.0,2.0,1.0,1.0
395,CHP01780,鸡骨草,0.4792022117569538,47.0,47.0,16.0,16.0
396,CHP04962,羊角藤,0.47909053494309106,5.0,5.0,2.0,2.0
397,CHP01543,槲寄生,0.47892917131051227,61.0,61.0,25.0,24.0
398,CHP01015,飞廉,0.47891869600696985,11.0,11.0,4.0,4.0
399,CHP05983,全蝎,0.4789070320852589,3.0,3.0,2.0,2.0
400,CHP04608,向日葵叶,0.4787318086260174,11.0,11.0,5.0,5.0
401,CHP00373,齿叶草,0.47859291493433587,3.0,3.0,2.0,1.0
402,CHP05142,伊贝母,0.47826155617886384,2.0,2.0,1.0,1.0
403,CHP04313,尾叶香茶菜,0.4781734931588081,35.0,35.0,14.0,14.0
404,CHP00313,草苁蓉,0.47816793478579045,36.0,36.0,15.0,15.0
405,CHP02305,莲花,0.47816028956097656,17.0,17.0,6.0,5.0
406,CHP00162,白芷,0.47802428943983083,307.0,307.0,96.0,67.0
407,CHP04683,小接筋草,0.4779149160968451,7.0,7.0,4.0,3.0
408,CHP01813,吉祥草,0.4775948811715455,20.0,20.0,8.0,8.0
409,CHP04523,夏至草,0.4775820635715811,13.0,13.0,5.0,5.0
410,CHP00859,独角莲,0.47745621700813146,8.0,8.0,3.0,3.0
411,CHP02638,芒果,0.4774538116553558,36.0,36.0,14.0,13.0
412,CHP02054,绢毛蔷薇,0.4773715418574127,3.0,3.0,2.0,1.0
413,CHP00016,安徽贝母,0.47735088605458886,11.0,11.0,5.0,5.0
414,CHP06092,茯神,0.4771273387804897,3.0,3.0,2.0,2.0
415,CHP05553,猪屎豆,0.4770534012420281,3.0,3.0,2.0,2.0
416,CHP02429,龙眼叶,0.47695303138414785,6.0,6.0,3.0,3.0
417,CHP05501,枳实,0.47688301150914786,6.0,6.0,3.0,3.0
418,CHP03605,山楂叶,0.4768820104909325,29.0,29.0,10.0,9.0
419,CHP04485,细叶桉叶,0.47677703259684506,7.0,7.0,3.0,3.0
420,CHP04280,晚香玉,0.4767066570740126,19.0,19.0,9.0,9.0
421,CHP05255,余甘子,0.4766130926232132,48.0,48.0,19.0,19.0
422,CHP05837,海参,0.4764410431042151,1.0,1.0,1.0,1.0
423,CHP05683,紫藤,0.4764069567405787,1.0,1.0,1.0,1.0
424,CHP06040,象骨,0.4763539249223969,1.0,1.0,1.0,1.0
425,CHP00763,吊兰,0.47633893764966967,1.0,1.0,1.0,1.0
426,CHP04598,香樟叶,0.47632379764966964,1.0,1.0,1.0,1.0
427,CHP05495,枳椇根,0.47631857946785144,1.0,1.0,1.0,1.0
428,CHP04604,向日葵花,0.47630481128603325,1.0,1.0,1.0,1.0
429,CHP02525,驴蹄草,0.4762579831042151,1.0,1.0,1.0,1.0
430,CHP04215,土百部,0.47623380674057875,1.0,1.0,1.0,1.0
431,CHP01086,芙蓉花,0.4762332976496696,1.0,1.0,1.0,1.0
432,CHP05162,薏苡仁,0.47619653338414786,6.0,6.0,3.0,2.0
433,CHP04992,洋葱,0.4761770431042151,1.0,1.0,1.0,1.0
434,CHP03741,石楠,0.47617161583148776,1.0,1.0,1.0,1.0
435,CHP06157,琥珀,0.47611349764966965,1.0,1.0,1.0,1.0
436,CHP01063,凤凰木,0.47600194310421506,1.0,1.0,1.0,1.0
437,CHP04059,桃根,0.47598981128603324,1.0,1.0,1.0,1.0
438,CHP05004,药西瓜,0.47595423855876057,1.0,1.0,1.0,1.0
439,CHP05796,灯心柳珊瑚,0.47592972492239694,1.0,1.0,1.0,1.0
440,CHP05198,鹰不泊,0.47592223037694237,1.0,1.0,1.0,1.0
441,CHP04385,芜菁甘蓝,0.475882734013306,1.0,1.0,1.0,1.0
442,CHP05638,紫花景天,0.4758480352420281,3.0,3.0,2.0,1.0
443,CHP00351,朝鲜白头翁,0.47578125878048966,3.0,3.0,2.0,1.0
444,CHP03299,驱虫斑鸠菊,0.475717834013306,1.0,1.0,1.0,1.0
445,CHP05694,紫薇叶,0.47563798855876055,1.0,1.0,1.0,1.0
446,CHP03567,山棯叶,0.47563241128603323,1.0,1.0,1.0,1.0
447,CHP05610,姊妹树,0.47552550219512413,1.0,1.0,1.0,1.0
448,CHP02815,棉花,0.4754933749223969,1.0,1.0,1.0,1.0
449,CHP02296,痢止蒿,0.4754637095818833,4.0,4.0,1.0,0.0
450,CHP01072,凤仙花,0.4754415067405787,1.0,1.0,1.0,1.0
451,CHP03423,桑白皮,0.4754397505805501,147.0,147.0,41.0,21.0
452,CHP00130,白牛胆,0.475434134013306,1.0,1.0,1.0,1.0
453,CHP00366,橙皮,0.4753535736266435,3.0,3.0,2.0,2.0
454,CHP01403,衡州乌药,0.4752782551262568,7.0,7.0,2.0,2.0
455,CHP04481,细香葱,0.47525714037694233,1.0,1.0,1.0,1.0
456,CHP05408,樟脑,0.475080104013306,1.0,1.0,1.0,1.0
457,CHP05848,黑蚂蚁,0.4749940558314878,1.0,1.0,1.0,1.0
458,CHP01641,黄甘草,0.4749560067247404,4.0,4.0,2.0,1.0
459,CHP03015,牛舌头,0.4748279758314878,1.0,1.0,1.0,1.0
460,CHP04772,心叶荆芥,0.47469065985741277,3.0,3.0,2.0,2.0
461,CHP00969,鄂报春,0.4745845957035666,3.0,3.0,1.0,1.0
462,CHP05992,人中白,0.4744336390765201,83.0,83.0,25.0,18.0
463,CHP01460,红毛七,0.474394366691914,9.0,9.0,3.0,3.0
464,CHP05154,异叶梁王茶,0.4743326268970203,8.0,8.0,4.0,4.0
465,CHP01858,见血清,0.47423975585741274,3.0,3.0,2.0,2.0
466,CHP03810,薯莨,0.4742129249223969,1.0,1.0,1.0,1.0
467,CHP03184,千年艾,0.4740910885587606,1.0,1.0,1.0,1.0
468,CHP01414,红豆蔻,0.47407323511050703,42.0,42.0,14.0,11.0
469,CHP03491,山慈菇,0.4739901860024395,50.0,50.0,19.0,16.0
470,CHP01125,甘青铁线莲,0.47394035207164786,6.0,6.0,3.0,3.0
471,CHP02781,迷迭香,0.4739325730073182,10.0,10.0,5.0,5.0
472,CHP02526,吕宋果,0.4737595858073183,10.0,10.0,5.0,5.0
473,CHP01771,藿香,0.4737443260261752,72.0,72.0,28.0,19.0
474,CHP02639,芒果核,0.47368230454309107,5.0,5.0,2.0,2.0
475,CHP02180,莱菔子,0.47355505088969013,34.0,34.0,15.0,13.0
476,CHP01941,金丝梅,0.47353546128603324,1.0,1.0,1.0,1.0
477,CHP05887,鸡子白,0.47352365219512416,1.0,1.0,1.0,1.0
478,CHP00371,秤钩风,0.4735128945573182,10.0,10.0,5.0,4.0
479,CHP01028,榧子,0.47348253128603324,1.0,1.0,1.0,1.0
480,CHP04958,羊角拗,0.4734029933073183,10.0,10.0,4.0,4.0
481,CHP04363,巫山淫羊藿,0.4733299308321392,7.0,7.0,3.0,3.0
482,CHP02149,块茎糙苏,0.47332286128603324,1.0,1.0,1.0,1.0
483,CHP00098,白花油麻藤,0.4732478922764244,5.0,5.0,2.0,2.0
484,CHP01030,分心木,0.47324290386759754,4.0,4.0,0.0,0.0
485,CHP04462,锡兰肉桂,0.473119025965105,3.0,3.0,2.0,2.0
486,CHP00470,翠雀花,0.47303982909913483,52.0,52.0,21.0,19.0
487,CHP06118,木耳,0.4729898121951242,1.0,1.0,1.0,1.0
488,CHP01610,化香树果,0.47293905219512417,1.0,1.0,1.0,1.0
489,CHP04190,桐油,0.47286174009731835,10.0,10.0,5.0,5.0
490,CHP00897,短小蛇根草,0.4728230067405787,1.0,1.0,1.0,1.0
491,CHP00418,川西獐牙菜,0.4727651761788638,2.0,2.0,1.0,1.0
492,CHP02313,莲子草,0.47275011167479813,8.0,8.0,4.0,4.0
493,CHP02951,南烛,0.47266100243902615,4.0,4.0,2.0,2.0
494,CHP01430,红花龙胆,0.47255267185741273,3.0,3.0,1.0,1.0
495,CHP00396,臭山羊,0.4724872675980136,17.0,17.0,5.0,3.0
496,CHP01269,管花肉苁蓉,0.4724706165573183,10.0,10.0,5.0,5.0
497,CHP03670,神黄豆,0.47246568201045464,4.0,4.0,2.0,2.0
498,CHP04115,甜茶藤,0.47241177286759756,4.0,4.0,2.0,2.0
499,CHP00648,倒地铃,0.4723446676496696,1.0,1.0,1.0,1.0
500,CHP04616,橡实,0.47228997613414786,6.0,6.0,2.0,2.0
501,CHP00604,大叶紫珠,0.47215349495507186,9.0,9.0,4.0,3.0
502,CHP00361,陈皮,0.47200703236855196,103.0,103.0,36.0,24.0
503,CHP00030,八角茴香,0.4719200252675593,266.0,266.0,85.0,75.0
504,CHP03098,枇杷,0.4717927190091479,6.0,6.0,3.0,3.0
505,CHP00289,补血草,0.4717127121951242,1.0,1.0,1.0,1.0
506,CHP03105,辟汗草,0.47131089764966966,1.0,1.0,1.0,1.0
507,CHP04069,桃枝,0.47127147954549425,13.0,13.0,6.0,4.0
508,CHP00292,布渣叶,0.47122139553807885,20.0,20.0,4.0,3.0
509,CHP02477,露蕊乌头,0.47110107807642443,5.0,5.0,3.0,1.0
510,CHP04233,土连翘,0.4709284431042151,1.0,1.0,1.0,1.0
511,CHP05782,蟾酥,0.47052089313267115,71.0,71.0,26.0,26.0
512,CHP01751,灰叶根,0.47044306872332387,22.0,22.0,5.0,5.0
513,CHP00209,半夏,0.4700884291831902,155.0,155.0,57.0,51.0
514,CHP01753,回回豆,0.4700694184019319,14.0,14.0,3.0,3.0
515,CHP03254,青葙,0.4698637267574127,3.0,3.0,2.0,2.0
516,CHP05779,蟾蜍,0.4695509875307793,11.0,11.0,5.0,5.0
517,CHP05297,郁金香根,0.4694577885587605,1.0,1.0,1.0,1.0
518,CHP05211,瘿花香茶菜,0.46942638988414787,6.0,6.0,3.0,3.0
519,CHP00486,大豆,0.46941328632483476,12.0,12.0,5.0,5.0
520,CHP02456,陆地棉,0.4692714326266435,3.0,3.0,1.0,0.0
521,CHP00044,芭蕉花,0.46911935821822975,9.0,9.0,4.0,4.0
522,CHP05379,泽藓,0.46905724946785143,1.0,1.0,1.0,1.0
523,CHP00816,冬瓜子,0.46901598703155845,39.0,39.0,16.0,14.0
524,CHP05040,野花椒根,0.46898760294309105,5.0,5.0,1.0,1.0
525,CHP00285,伯乐树,0.46890248855876054,1.0,1.0,1.0,1.0
526,CHP04110,田旋花,0.4688508612860333,1.0,1.0,1.0,1.0
527,CHP00243,蓖麻根,0.46884327411924254,8.0,8.0,2.0,1.0
528,CHP04413,五色梅,0.46872341254988986,23.0,23.0,10.0,9.0
529,CHP01907,金粉蕨,0.468320583479198,7.0,7.0,3.0,2.0
530,CHP05889,鸡子壳,0.4682669567405787,1.0,1.0,1.0,1.0
531,CHP03245,青钱柳,0.4681600467247404,4.0,4.0,2.0,2.0
532,CHP01623,槐花,0.46815370423562597,112.0,112.0,37.0,30.0
533,CHP03132,葡萄柚,0.4680481271850803,7.0,7.0,3.0,2.0
534,CHP04798,杏子,0.4678248158314878,1.0,1.0,1.0,1.0
535,CHP00612,代代花,0.46779279183987144,96.0,96.0,36.0,34.0
536,CHP03707,石胆草,0.46779147632164786,6.0,6.0,3.0,3.0
537,CHP02582,马蔺子,0.4674634057035666,3.0,3.0,1.0,1.0
538,CHP03119,婆罗门参,0.4673279353414648,8.0,8.0,4.0,3.0
539,CHP00872,独一味,0.46719060553184355,26.0,26.0,10.0,10.0
540,CHP00149,白土茯苓,0.4669389794678514,1.0,1.0,1.0,0.0
541,CHP00457,葱,0.46687108581846765,25.0,25.0,8.0,3.0
542,CHP01309,鬼箭锦鸡儿,0.46685588924506505,11.0,11.0,4.0,4.0
543,CHP04477,细茎石斛,0.46677075886759756,4.0,4.0,2.0,2.0
544,CHP03243,青皮,0.46667312617886375,2.0,2.0,1.0,0.0
545,CHP04535,咸酸蔃,0.466653584013306,1.0,1.0,1.0,0.0
546,CHP00571,大叶桉叶,0.46656845612625686,7.0,7.0,2.0,0.0
547,CHP05955,蜜蜡,0.4662780287804897,3.0,3.0,1.0,0.0
548,CHP06156,红粉,0.46625028219512415,1.0,1.0,1.0,0.0
549,CHP01347,韩信草,0.46614842315331184,4.0,4.0,2.0,2.0
550,CHP00208,半枫荷,0.4660819672420281,3.0,3.0,1.0,1.0
551,CHP01898,芥子,0.4659595100215505,136.0,136.0,59.0,55.0
552,CHP00731,棣棠花,0.4659489997248347,12.0,12.0,6.0,5.0
553,CHP01035,粉葛,0.4659073596097577,5.0,5.0,2.0,2.0
554,CHP03871,水龙骨,0.4657647623184676,25.0,25.0,10.0,10.0
555,CHP00321,草问荆,0.4657310910104547,4.0,4.0,2.0,2.0
556,CHP03596,山樱桃,0.4656833498675975,4.0,4.0,2.0,2.0
557,CHP05712,紫珠,0.46545404310421506,1.0,1.0,1.0,0.0
558,CHP05042,野花椒叶,0.46527948029616895,4.0,4.0,1.0,0.0
559,CHP02920,南川升麻,0.46525274784553045,2.0,2.0,1.0,0.0
560,CHP00223,抱茎獐牙菜,0.4649656787303537,8.0,8.0,4.0,4.0
561,CHP01809,积雪草,0.46478580328522284,41.0,41.0,14.0,14.0
562,CHP02026,橘白,0.4645746703769424,1.0,1.0,1.0,0.0
563,CHP03002,牛筋果,0.46446299165566857,7.0,7.0,0.0,0.0
564,CHP00088,白花菜子,0.46445416987544585,94.0,94.0,35.0,31.0
565,CHP00355,车前草,0.4642913136164076,197.0,197.0,74.0,63.0
566,CHP05301,鸢尾,0.4642478337158801,37.0,37.0,5.0,2.0
567,CHP03753,石蒜,0.46407064973639867,16.0,16.0,6.0,6.0
568,CHP04971,羊蹄,0.4639720310104547,4.0,4.0,2.0,2.0
569,CHP01739,黄菀,0.46395716876743326,7.0,7.0,3.0,3.0
570,CHP06038,犀角,0.46394883451219715,2.0,2.0,1.0,1.0
571,CHP01020,飞扬草,0.4639147285587605,1.0,1.0,1.0,0.0
572,CHP03716,石斛,0.46373494413269484,74.0,74.0,24.0,21.0
573,CHP04167,铁苋,0.4637205425609765,17.0,17.0,5.0,5.0
574,CHP03087,蓬子菜,0.4636280131533118,4.0,4.0,2.0,2.0
575,CHP00678,地骨皮,0.46321855361900827,34.0,34.0,12.0,10.0
576,CHP03898,水苏,0.46319902886759756,4.0,4.0,2.0,2.0
577,CHP05252,柚子,0.4631698794678514,1.0,1.0,1.0,0.0
578,CHP01909,金冠鳞毛蕨,0.4631423431042151,1.0,1.0,1.0,0.0
579,CHP04179,通花根,0.46313128201219717,2.0,2.0,1.0,1.0
580,CHP01416,红豆杉,0.4631013260387927,548.0,548.0,221.0,211.0
581,CHP05175,银粉背蕨,0.4630269431042151,1.0,1.0,1.0,0.0
582,CHP01357,何首乌,0.4629326585033265,34.0,34.0,13.0,11.0
583,CHP00519,大戟,0.4627144753662083,107.0,107.0,39.0,32.0
584,CHP04170,铁仔,0.46244957878048965,3.0,3.0,1.0,1.0
585,CHP01425,红花,0.46189113323343844,114.0,114.0,34.0,31.0
586,CHP01171,高山龙胆,0.4618418234355412,11.0,11.0,3.0,3.0
587,CHP00693,地锦,0.46183013542164786,6.0,6.0,3.0,3.0
588,CHP01337,海红豆,0.46180950488414785,6.0,6.0,3.0,3.0
589,CHP03921,水杨枝叶,0.46166470674057875,1.0,1.0,1.0,0.0
590,CHP00389,臭柏,0.461659600296169,4.0,4.0,2.0,2.0
591,CHP05563,竹柏根,0.4615373738675976,4.0,4.0,2.0,2.0
592,CHP01345,海州骨碎补,0.4615045210073182,10.0,10.0,4.0,4.0
593,CHP04552,香茶菜,0.461467523910413,463.0,463.0,177.0,173.0
594,CHP01432,红花绿绒蒿,0.46134649495507185,9.0,9.0,2.0,0.0
595,CHP03401,三色堇,0.46119150037694234,1.0,1.0,1.0,0.0
596,CHP02159,昆明鸡血藤,0.46117116262664354,3.0,3.0,1.0,1.0
597,CHP02633,蔓性千斤拔,0.4611042801651051,3.0,3.0,2.0,1.0
598,CHP02898,木天蓼,0.4609254302927533,25.0,25.0,10.0,10.0
599,CHP00276,柄果槲寄生,0.46090384855876054,1.0,1.0,1.0,0.0
600,CHP00513,大黄,0.46087148705602965,205.0,205.0,65.0,47.0
601,CHP01349,旱莲花,0.46081653117886384,2.0,2.0,1.0,0.0
602,CHP00103,白金果榄,0.46078588155731826,10.0,10.0,4.0,3.0
603,CHP04422,五桠果,0.46072848172474046,4.0,4.0,2.0,2.0
604,CHP01876,胶质鼠尾草,0.4605796641651051,3.0,3.0,1.0,1.0
605,CHP02060,爵床,0.46048047508067597,29.0,29.0,9.0,8.0
606,CHP01515,胡椒,0.46032222042928034,134.0,134.0,51.0,47.0
607,CHP03425,桑根,0.46031948117886384,2.0,2.0,0.0,0.0
608,CHP01540,湖北黄精,0.46030050009332024,13.0,13.0,6.0,6.0
609,CHP05170,茵芋,0.4600206728455305,2.0,2.0,0.0,0.0
610,CHP01288,光叶巴豆,0.45999969359254017,24.0,24.0,9.0,8.0
611,CHP03120,婆罗门皂荚,0.459990564691914,9.0,9.0,3.0,2.0
612,CHP03444,沙棘,0.45997142470086366,90.0,90.0,33.0,24.0
613,CHP04851,血竭,0.4599526681533118,4.0,4.0,1.0,1.0
614,CHP01888,接骨丹,0.4599426103769424,1.0,1.0,1.0,0.0
615,CHP02489,罗布麻叶,0.4597643023413247,25.0,25.0,11.0,9.0
616,CHP01741,黄杨,0.45971054376132475,25.0,25.0,9.0,9.0
617,CHP01370,鹤虱,0.45958381514477853,29.0,29.0,13.0,10.0
618,CHP06167,硫磺,0.4592794961788638,2.0,2.0,1.0,1.0
619,CHP00300,苍耳子,0.4587579999232884,71.0,71.0,30.0,24.0
620,CHP03601,山楂,0.45874997871846757,25.0,25.0,7.0,6.0
621,CHP01999,九里香,0.45863996467347695,104.0,104.0,24.0,17.0
622,CHP04902,芫荽子,0.4583044179313469,17.0,17.0,7.0,7.0
623,CHP02670,毛大丁草,0.45826098811296656,9.0,9.0,3.0,1.0
624,CHP02967,柠檬,0.45820422300813146,8.0,8.0,4.0,2.0
625,CHP03751,石刷把,0.45811741315331184,4.0,4.0,2.0,2.0
626,CHP02510,萝藦,0.45805665867276524,14.0,14.0,6.0,6.0
627,CHP03022,牛西西,0.4579571131129666,9.0,9.0,4.0,4.0
628,CHP02663,毛草龙,0.4579529408841479,6.0,6.0,3.0,2.0
629,CHP03486,山沉香,0.45788042342870633,16.0,16.0,5.0,4.0
630,CHP05289,玉叶金花,0.4576872859593508,11.0,11.0,5.0,5.0
631,CHP05171,银背藤,0.4576001312860333,1.0,1.0,0.0,0.0
632,CHP06117,蘑菇,0.45743844919744603,11.0,11.0,4.0,4.0
633,CHP00940,多穗蓼,0.45741962463414787,6.0,6.0,2.0,2.0
634,CHP05376,泽兰,0.45711769250447937,45.0,45.0,20.0,19.0
635,CHP02100,苦豆子,0.45710561701219715,2.0,2.0,1.0,1.0
636,CHP04538,藓生马先蒿,0.45704288243902613,4.0,4.0,2.0,2.0
637,CHP02938,南蛇藤,0.4569500635104547,4.0,4.0,2.0,2.0
638,CHP01767,火焰花,0.45668384919664784,6.0,6.0,3.0,3.0
639,CHP01463,红毛野海棠,0.4565844020121972,2.0,2.0,1.0,1.0
640,CHP01663,黄花稔,0.45658185224506503,11.0,11.0,1.0,1.0
641,CHP02971,柠檬根,0.4565270228455305,2.0,2.0,0.0,0.0
642,CHP04867,鸦片,0.45650608895507194,9.0,9.0,4.0,3.0
643,CHP02104,苦瓜,0.4565050369390261,4.0,4.0,2.0,2.0
644,CHP01918,金锦香,0.45630264674057874,1.0,1.0,0.0,0.0
645,CHP01042,风轮菜,0.45626008568492726,40.0,40.0,16.0,16.0
646,CHP03905,水团花,0.4562555427591478,6.0,6.0,2.0,2.0
647,CHP05188,银叶树,0.45619060674057876,1.0,1.0,0.0,0.0
648,CHP03770,柿,0.45614758855876053,1.0,1.0,0.0,0.0
649,CHP02371,柳穿鱼,0.4558040382182298,9.0,9.0,3.0,2.0
650,CHP00114,白蔹,0.45579381379148537,102.0,102.0,25.0,20.0
651,CHP03107,偏翅唐松草,0.4555923895497204,3.0,3.0,1.0,1.0
652,CHP01272,贯叶连翘,0.455501953598723,32.0,32.0,12.0,8.0
653,CHP00448,刺梨,0.4554388656097577,5.0,5.0,2.0,1.0
654,CHP03561,山柰,0.45536962963154554,20.0,20.0,8.0,7.0
655,CHP03689,胜红蓟,0.45531093855876054,1.0,1.0,0.0,0.0
656,CHP03176,千打锤,0.4552738194207324,26.0,26.0,8.0,6.0
657,CHP05221,油茶根皮,0.4552615255380215,7.0,7.0,3.0,3.0
658,CHP02463,鹿角菜,0.45515179553802154,7.0,7.0,3.0,3.0
659,CHP03113,苹果,0.45508296764966966,1.0,1.0,0.0,0.0
660,CHP00081,白蒿,0.45505523632349293,9.0,9.0,4.0,4.0
661,CHP00557,大蒜,0.4550266387987375,80.0,80.0,24.0,18.0
662,CHP04224,土丁桂,0.4550223003769423,1.0,1.0,0.0,0.0
663,CHP03843,水红花子,0.454920868079495,17.0,17.0,6.0,5.0
664,CHP04303,望江南,0.45478309127086136,9.0,9.0,2.0,1.0
665,CHP02914,苜蓿根,0.45472837284553047,2.0,2.0,1.0,1.0
666,CHP04232,土荆芥,0.45468472434146473,8.0,8.0,4.0,4.0
667,CHP01864,姜黄,0.4545791198513166,48.0,48.0,16.0,13.0
668,CHP01933,金荞麦,0.4544224300044353,23.0,23.0,8.0,5.0
669,CHP00386,赤杨,0.4541912462962528,31.0,31.0,11.0,9.0
670,CHP02942,南酸枣,0.4541254685818833,4.0,4.0,2.0,2.0
671,CHP02065,看麦娘状莎草,0.45391343392585454,15.0,15.0,6.0,5.0
672,CHP01499,红直獐牙菜,0.45386904310421505,1.0,1.0,0.0,0.0
673,CHP05392,粘毛鼠尾草,0.4538297174390261,4.0,4.0,2.0,2.0
674,CHP02600,马银花,0.4536776461788638,2.0,2.0,1.0,1.0
675,CHP00875,杜茎山,0.4536011271184677,25.0,25.0,9.0,8.0
676,CHP03762,石竹,0.45356549745257585,8.0,8.0,2.0,2.0
677,CHP03365,瑞香花,0.4533763536788638,2.0,2.0,1.0,0.0
678,CHP00121,白毛藤,0.4531256060759799,121.0,121.0,41.0,37.0
679,CHP01256,关白附,0.45294642673639873,16.0,16.0,6.0,5.0
680,CHP01525,胡桃叶,0.4527237345121972,2.0,2.0,1.0,1.0
681,CHP00416,川木香,0.4525445173063171,29.0,29.0,11.0,11.0
682,CHP05662,紫茉莉,0.45228932107479813,8.0,8.0,3.0,3.0
683,CHP01257,关苍术,0.452266572296169,4.0,4.0,2.0,2.0
684,CHP03426,桑寄生,0.45214678094664784,6.0,6.0,3.0,2.0
685,CHP01431,红花鹿蹄草,0.45195091595257586,8.0,8.0,2.0,2.0
686,CHP00004,阿育魏实,0.4519105912860333,1.0,1.0,0.0,0.0
687,CHP00779,丁香,0.45189910361215213,137.0,137.0,40.0,36.0
688,CHP00015,安哥拉八角枫,0.4518516595340193,9.0,9.0,3.0,1.0
689,CHP02924,南方菟丝子,0.45182337601045475,4.0,4.0,2.0,2.0
690,CHP04093,天麻,0.45141388886411266,11.0,11.0,3.0,3.0
691,CHP02750,玫瑰花,0.4511702138211249,49.0,49.0,17.0,13.0
692,CHP06091,茯苓皮,0.4509355567376808,39.0,39.0,16.0,16.0
693,CHP02696,毛连菜,0.4506225768675976,4.0,4.0,2.0,2.0
694,CHP01656,黄花夹竹桃,0.4501207303009865,37.0,37.0,14.0,13.0
695,CHP02644,芒萁骨,0.4500252278455305,2.0,2.0,1.0,1.0
696,CHP02450,芦竹根,0.45001155446411256,11.0,11.0,3.0,2.0
697,CHP04899,芫花,0.4499361794678514,1.0,1.0,0.0,0.0
698,CHP03321,人参芦,0.44992465367886386,2.0,2.0,1.0,1.0
699,CHP02219,莨菪叶,0.4498914984613826,38.0,38.0,14.0,13.0
700,CHP03719,石见穿,0.44985240058188325,4.0,4.0,2.0,2.0
701,CHP01923,金莲花,0.449850069933466,38.0,38.0,11.0,11.0
702,CHP05313,圆叶茅膏菜,0.4496360253455305,2.0,2.0,1.0,1.0
703,CHP02517,落花生,0.4495731040748931,24.0,24.0,6.0,6.0
704,CHP04368,无花果,0.4495729807327533,25.0,25.0,7.0,6.0
705,CHP02769,美人蕉,0.4494388389390261,4.0,4.0,2.0,2.0
706,CHP00854,毒蛆草,0.4493112341651051,3.0,3.0,1.0,1.0
707,CHP01339,海韭菜,0.4492762591318833,4.0,4.0,2.0,2.0
708,CHP02096,苦碟子,0.4492581420121972,2.0,2.0,1.0,1.0
709,CHP00212,半枝莲,0.44924334979875097,113.0,113.0,37.0,31.0
710,CHP00156,白叶藤,0.44921455117886383,2.0,2.0,1.0,1.0
711,CHP04290,万寿菊,0.4491716420674332,7.0,7.0,3.0,3.0
712,CHP02901,木通,0.4491452979685606,62.0,62.0,23.0,22.0
713,CHP04886,亚罗椿,0.4491227979497862,7.0,7.0,3.0,3.0
714,CHP03672,神香草,0.44906841722474045,4.0,4.0,2.0,2.0
715,CHP01801,鸡血藤,0.4490640759825129,96.0,96.0,27.0,19.0
716,CHP00728,灯油藤子,0.4488768775380215,7.0,7.0,3.0,3.0
717,CHP00638,当归,0.4487100974751457,171.0,171.0,57.0,45.0
718,CHP03383,三尖杉,0.4486536472584334,37.0,37.0,9.0,8.0
719,CHP04171,铁轴草,0.44857347784553053,2.0,2.0,1.0,0.0
720,CHP00770,调经草,0.44847042827642436,5.0,5.0,2.0,2.0
721,CHP02531,绿豆皮,0.4482667378455305,2.0,2.0,1.0,1.0
722,CHP04070,桃子,0.44822262367886384,2.0,2.0,1.0,1.0
723,CHP01840,假百合,0.4479729730764244,5.0,5.0,2.0,2.0
724,CHP06125,石花,0.44774274600860975,7.0,7.0,1.0,0.0
725,CHP03461,砂仁,0.44773734715684277,64.0,64.0,22.0,20.0
726,CHP05912,灵猫香,0.44757317201219715,2.0,2.0,1.0,1.0
727,CHP00210,半夏曲,0.44741771201219716,2.0,2.0,1.0,1.0
728,CHP04761,斜基粗叶木,0.44738328801045474,4.0,4.0,2.0,2.0
729,CHP00319,草莓,0.4473091728455305,2.0,2.0,1.0,1.0
730,CHP04084,天胡荽,0.4472882296884711,12.0,12.0,5.0,5.0
731,CHP05547,猪毛菜,0.44725371958188326,4.0,4.0,1.0,1.0
732,CHP04150,铁力木,0.447199264005421,17.0,17.0,1.0,0.0
733,CHP01412,红椿,0.44716888023242435,5.0,5.0,2.0,2.0
734,CHP01019,飞燕草,0.4470464738943098,17.0,17.0,7.0,7.0
735,CHP00802,东方狗脊,0.44696014259756206,12.0,12.0,4.0,4.0
736,CHP01012,防己叶菝葜,0.4469336467405787,1.0,1.0,0.0,0.0
737,CHP01207,钩吻,0.44690175978329155,77.0,77.0,28.0,18.0
738,CHP01519,胡萝卜子,0.44689248311747864,43.0,43.0,14.0,11.0
739,CHP04335,乌棒子,0.44669356284553047,2.0,2.0,1.0,1.0
740,CHP06073,紫河车,0.44665808701219717,2.0,2.0,1.0,1.0
741,CHP04682,小蓟,0.4466243676097577,5.0,5.0,2.0,2.0
742,CHP05896,僵蚕,0.44648050860767685,26.0,26.0,12.0,11.0
743,CHP02400,龙胆草,0.44639467620195156,65.0,65.0,24.0,23.0
744,CHP03334,榕树,0.4463047042363987,16.0,16.0,6.0,6.0
745,CHP04583,香唐松草,0.44616504416510505,3.0,3.0,1.0,1.0
746,CHP01630,黄柏,0.4461257831038495,54.0,54.0,18.0,17.0
747,CHP02821,缅枣,0.44596663281759763,4.0,4.0,2.0,2.0
748,CHP00879,杜鹃花叶,0.4459440658455305,2.0,2.0,1.0,1.0
749,CHP00466,粗榧子,0.4459276337303536,8.0,8.0,3.0,3.0
750,CHP03893,水松,0.44588553564331185,4.0,4.0,2.0,2.0
751,CHP04322,榅桲,0.4458771494678514,1.0,1.0,0.0,0.0
752,CHP00424,垂盆草,0.44583446828112155,67.0,67.0,25.0,19.0
753,CHP01144,干冬菜,0.44577639117886386,2.0,2.0,1.0,1.0
754,CHP02218,莨菪根,0.4453142603675976,4.0,4.0,2.0,1.0
755,CHP02568,马兜铃,0.44522870804785647,85.0,85.0,26.0,25.0
756,CHP02308,莲生桂子花,0.4451760551498269,11.0,11.0,4.0,4.0
757,CHP04893,烟草,0.4451327466552768,13.0,13.0,5.0,5.0
758,CHP00189,斑草,0.44508198563385465,15.0,15.0,5.0,4.0
759,CHP05030,野甘草,0.44488178046951304,18.0,18.0,8.0,6.0
760,CHP02029,橘核,0.44486189701219714,2.0,2.0,1.0,1.0
761,CHP05581,竹叶柴胡,0.44473323617886384,2.0,2.0,1.0,1.0
762,CHP00541,大青,0.44463043534553054,2.0,2.0,1.0,1.0
763,CHP04900,芫花根,0.44461827493433587,3.0,3.0,1.0,1.0
764,CHP05692,紫薇花,0.44454736401330597,1.0,1.0,0.0,0.0
765,CHP03273,秋枫木,0.44449343493433585,3.0,3.0,1.0,1.0
766,CHP01560,虎杖,0.4443164141310986,14.0,14.0,3.0,3.0
767,CHP03504,山矾根,0.44431467065331187,4.0,4.0,2.0,2.0
768,CHP00061,白刺,0.44410677529616904,4.0,4.0,1.0,0.0
769,CHP02494,罗锅底,0.4440943360077035,9.0,9.0,3.0,3.0
770,CHP03114,瓶尔小草,0.44407940034553045,2.0,2.0,1.0,1.0
771,CHP02062,咖啡,0.4440401174288638,2.0,2.0,1.0,1.0
772,CHP00722,灯笼草,0.4440249531073183,10.0,10.0,4.0,4.0
773,CHP05795,地龙,0.4439217249223969,1.0,1.0,0.0,0.0
774,CHP04285,万年青根,0.44369996770731823,10.0,10.0,4.0,4.0
775,CHP00599,大叶香薷,0.4436208158314878,1.0,1.0,0.0,0.0
776,CHP02546,麻黄,0.4435428159198609,88.0,88.0,28.0,21.0
777,CHP00241,萆薢,0.44334880529936155,74.0,74.0,25.0,23.0
778,CHP01563,花椒簕,0.44330149764966964,1.0,1.0,0.0,0.0
779,CHP01776,鸡蛋花,0.4432612007658546,15.0,15.0,5.0,5.0
780,CHP01255,拐芹,0.4429307503455305,2.0,2.0,1.0,0.0
781,CHP00316,草果,0.4427902143934965,29.0,29.0,10.0,9.0
782,CHP03187,千日红,0.4427000505793803,12.0,12.0,4.0,4.0
783,CHP00393,臭茉莉,0.44269509951219715,2.0,2.0,1.0,1.0
784,CHP02745,茅莓,0.4425586428455304,2.0,2.0,1.0,1.0
785,CHP02161,昆明山海棠,0.4425385430397475,44.0,44.0,14.0,13.0
786,CHP00231,北玄参,0.4425081190058546,15.0,15.0,6.0,5.0
787,CHP02746,茅香,0.4423955015955305,2.0,2.0,1.0,1.0
788,CHP02440,漏芦,0.4423280833929546,26.0,26.0,10.0,10.0
789,CHP03223,青黛,0.44214621501219714,2.0,2.0,1.0,1.0
790,CHP01712,黄皮根,0.4421453703455305,2.0,2.0,1.0,1.0
791,CHP01506,厚皮香,0.44208847400860973,7.0,7.0,3.0,3.0
792,CHP05192,印度九里香,0.44203517492239686,1.0,1.0,0.0,0.0
793,CHP01697,黄栌枝叶,0.44200365951219717,2.0,2.0,1.0,1.0
794,CHP00628,胆木,0.4419039546150593,13.0,13.0,3.0,2.0
795,CHP04469,喜树,0.4417534170044354,23.0,23.0,8.0,4.0
796,CHP00945,多穗石柯叶,0.44175025689702035,8.0,8.0,3.0,3.0
797,CHP00104,白菊花根,0.44138614310421503,1.0,1.0,0.0,0.0
798,CHP00038,巴豆霜,0.44134822492239684,1.0,1.0,0.0,0.0
799,CHP00984,番荔枝,0.44119865530998764,285.0,285.0,91.0,80.0
800,CHP05357,芸薹,0.4411884692621972,2.0,2.0,1.0,1.0
801,CHP00308,藏青果,0.4411182402804897,3.0,3.0,1.0,1.0
802,CHP00013,艾实,0.441057540715744,12.0,12.0,4.0,3.0
803,CHP04994,洋蒲桃叶,0.4410330572073183,10.0,10.0,2.0,2.0
804,CHP04169,铁线莲,0.4409927442621971,2.0,2.0,1.0,1.0
805,CHP00086,白花菜,0.44098753951219716,2.0,2.0,0.0,0.0
806,CHP02367,琉璃草,0.44064362450125305,27.0,27.0,12.0,11.0
807,CHP01374,黑豆,0.44061710800566434,120.0,120.0,35.0,27.0
808,CHP03429,桑椹,0.44055668499642714,33.0,33.0,9.0,6.0
809,CHP04358,乌苏里瓦韦,0.4405397559288638,2.0,2.0,1.0,1.0
810,CHP04114,甜茶,0.4405189553455305,2.0,2.0,1.0,1.0
811,CHP00936,多裂委陵菜,0.44049502293433584,3.0,3.0,1.0,1.0
812,CHP03550,山柳,0.44024949784553047,2.0,2.0,1.0,1.0
813,CHP00364,澄茄子,0.44023920851045467,4.0,4.0,1.0,1.0
814,CHP00417,川乌,0.44012726026516674,268.0,268.0,92.0,86.0
815,CHP02501,罗汉松叶,0.4400305199024404,9.0,9.0,3.0,2.0
816,CHP04746,小叶石楠,0.43998906801219717,2.0,2.0,1.0,1.0
817,CHP02597,马先蒿,0.4399820680955305,2.0,2.0,1.0,1.0
818,CHP01573,花叶假杜鹃,0.4399588039497862,7.0,7.0,3.0,3.0
819,CHP03397,三七,0.4399300981661919,117.0,117.0,46.0,37.0
820,CHP00222,报春花,0.43990738034553045,2.0,2.0,1.0,1.0
821,CHP02566,马齿苋,0.4398783917961671,64.0,64.0,24.0,24.0
822,CHP05104,野芝麻,0.43981971525181823,43.0,43.0,15.0,7.0
823,CHP03186,千屈菜,0.43980671293806234,28.0,28.0,10.0,7.0
824,CHP00807,东莨菪,0.43977938367886377,2.0,2.0,0.0,0.0
825,CHP04698,小米草,0.43969076701219717,2.0,2.0,1.0,1.0
826,CHP04795,杏仁,0.43955991495935076,11.0,11.0,3.0,3.0
827,CHP02457,陆英,0.4395366705955304,2.0,2.0,1.0,1.0
828,CHP04299,网脉橐吾,0.4393859661788638,2.0,2.0,1.0,0.0
829,CHP04835,雪见草,0.4393817447621971,2.0,2.0,1.0,1.0
830,CHP05183,银线草,0.4393427339497862,7.0,7.0,3.0,3.0
831,CHP04903,岩白菜,0.4392327857035666,3.0,3.0,1.0,1.0
832,CHP04629,小檗,0.439230953292684,11.0,11.0,4.0,4.0
833,CHP02612,麦芽,0.4389203767951768,26.0,26.0,10.0,5.0
834,CHP05132,一年蓬,0.438713393860824,22.0,22.0,8.0,7.0
835,CHP05753,斑鸠,0.4386643521951241,1.0,1.0,0.0,0.0
836,CHP02834,茉莉花,0.4386523710121972,2.0,2.0,1.0,1.0
837,CHP03867,水蓼,0.4385033393702894,12.0,12.0,5.0,5.0
838,CHP00483,大车前,0.43841259136310856,21.0,21.0,6.0,6.0
839,CHP00801,东当归,0.43840375367886386,2.0,2.0,1.0,1.0
840,CHP03705,石莼,0.438090178822187,8.0,8.0,3.0,3.0
841,CHP01677,黄荆根,0.43795376201219716,2.0,2.0,1.0,0.0
842,CHP02540,绿玉树,0.4379522264288638,2.0,2.0,1.0,1.0
843,CHP01903,金草,0.4379460578455305,2.0,2.0,1.0,0.0
844,CHP03565,山萩,0.4375537936097577,5.0,5.0,2.0,2.0
845,CHP01040,粪箕笃,0.4374665867247404,4.0,4.0,2.0,0.0
846,CHP00902,断节参,0.4373830903189512,3.0,3.0,1.0,1.0
847,CHP05919,鹿角,0.4372243817621972,2.0,2.0,1.0,1.0
848,CHP00482,大巢菜,0.4371021874097577,5.0,5.0,2.0,2.0
849,CHP05704,紫玉盘,0.43708547603697956,21.0,21.0,8.0,7.0
850,CHP00629,胆南星,0.43706294310421506,1.0,1.0,0.0,0.0
851,CHP03609,山茱萸,0.43703957253983167,71.0,71.0,23.0,15.0
852,CHP00849,豆油,0.4370122240823183,10.0,10.0,4.0,4.0
853,CHP04986,杨梅核仁,0.43697731077886387,2.0,2.0,1.0,1.0
854,CHP05010,椰子瓤,0.4367924301621972,2.0,2.0,1.0,1.0
855,CHP04392,梧桐子,0.43670442672886384,2.0,2.0,1.0,1.0
856,CHP06035,蜈蚣,0.43667160611969713,2.0,2.0,1.0,1.0
857,CHP06067,雉,0.43666760642886376,2.0,2.0,1.0,1.0
858,CHP00560,大头橐吾,0.43663332565914786,6.0,6.0,3.0,2.0
859,CHP02340,列当,0.4365218322764244,5.0,5.0,2.0,2.0
860,CHP01514,胡黄连,0.43640618019221866,74.0,74.0,24.0,24.0
861,CHP00234,贝加尔唐松草,0.4363499060104547,4.0,4.0,1.0,1.0
862,CHP00246,蓖麻子,0.4362899113733269,37.0,37.0,12.0,10.0
863,CHP01375,黑豆衣,0.4362803858038638,2.0,2.0,1.0,1.0
864,CHP04737,小叶黑柴胡,0.43615135701219715,2.0,2.0,1.0,1.0
865,CHP00332,茶条槭,0.43612187034553046,2.0,2.0,1.0,0.0
866,CHP01537,湖北贝母,0.43597965774454556,9.0,9.0,4.0,3.0
867,CHP05041,野花椒皮,0.4358777711788638,2.0,2.0,0.0,0.0
868,CHP01065,凤尾草,0.43582569703252066,56.0,56.0,17.0,16.0
869,CHP00508,大花糙苏,0.4356152641788638,2.0,2.0,1.0,1.0
870,CHP03329,日中花,0.43544032344553046,2.0,2.0,1.0,1.0
871,CHP05557,猪鬃草,0.4352279823387543,17.0,17.0,6.0,6.0
872,CHP01919,金橘,0.4350814789038638,2.0,2.0,1.0,1.0
873,CHP05831,龟甲,0.4350606825430911,5.0,5.0,2.0,1.0
874,CHP03027,牛心茄子,0.4350572840097577,5.0,5.0,2.0,2.0
875,CHP02861,木防己,0.43494626231071154,13.0,13.0,0.0,0.0
876,CHP04956,羊耳蒜,0.43488785034553046,2.0,2.0,1.0,1.0
877,CHP00032,八角莲,0.43485714484896193,138.0,138.0,44.0,35.0
878,CHP00376,赤瓟,0.434811769563687,8.0,8.0,2.0,2.0
879,CHP02855,木鳖子,0.43469589779776524,14.0,14.0,5.0,4.0
880,CHP00857,独活,0.4346255142614099,108.0,108.0,31.0,18.0
881,CHP02814,绵枣儿,0.43459664895731825,10.0,10.0,4.0,4.0
882,CHP02649,莽草根,0.43438499017886384,2.0,2.0,1.0,1.0
883,CHP00454,刺楸树皮,0.4343159035307793,11.0,11.0,4.0,4.0
884,CHP01363,荷花玉兰,0.434278109649827,11.0,11.0,5.0,3.0
885,CHP02563,马槟榔,0.43422612940386385,2.0,2.0,1.0,1.0
886,CHP02125,苦木,0.4341875209242551,62.0,62.0,22.0,22.0
887,CHP00573,大叶柴胡,0.43413709857612454,9.0,9.0,3.0,3.0
888,CHP05834,蛤蚧,0.4341015526266435,3.0,3.0,1.0,1.0
889,CHP04914,岩黄连,0.43408648277116896,4.0,4.0,1.0,1.0
890,CHP01520,胡麻仁,0.43402280674057875,1.0,1.0,0.0,0.0
891,CHP00265,扁竹根,0.4340177521951242,1.0,1.0,0.0,0.0
892,CHP00443,刺果甘草,0.4339938134108239,22.0,22.0,7.0,7.0
893,CHP00362,柽柳,0.43367095415152956,53.0,53.0,12.0,9.0
894,CHP01953,金腰,0.43354690493433584,3.0,3.0,1.0,1.0
895,CHP03918,水杨梅,0.43330411284553044,2.0,2.0,0.0,0.0
896,CHP00973,儿茶钩藤,0.4330589566873183,10.0,10.0,3.0,2.0
897,CHP04367,无根藤,0.4328825817247405,4.0,4.0,0.0,0.0
898,CHP05548,猪毛蒿,0.4327481733958743,3.0,3.0,1.0,1.0
899,CHP04822,萱草根,0.4326550140097577,5.0,5.0,2.0,2.0
900,CHP00303,苍术,0.43262362242435015,111.0,111.0,40.0,35.0
901,CHP05121,夜合花,0.4325106561788638,2.0,2.0,0.0,0.0
902,CHP00374,齿叶橐吾,0.43210565784553046,2.0,2.0,1.0,0.0
903,CHP01420,红根草,0.4320555677591479,6.0,6.0,0.0,0.0
904,CHP05676,紫苏,0.43197188511346596,38.0,38.0,13.0,11.0
905,CHP04896,烟窝草,0.43185252095507193,9.0,9.0,3.0,3.0
906,CHP00803,东方荚果蕨,0.4318325749550719,9.0,9.0,3.0,2.0
907,CHP04253,兔儿伞,0.4313996415955305,2.0,2.0,1.0,1.0
908,CHP00213,榜嘎,0.43139274714309106,5.0,5.0,2.0,2.0
909,CHP04276,豌豆,0.4312542969573183,10.0,10.0,4.0,3.0
910,CHP02030,橘红,0.4311915368442962,52.0,52.0,19.0,15.0
911,CHP00306,藏红花,0.43110200282573863,134.0,134.0,42.0,35.0
912,CHP02934,南山藤,0.43109778560975776,5.0,5.0,2.0,2.0
913,CHP02567,马蛋果,0.4309693278455305,2.0,2.0,1.0,0.0
914,CHP03464,砂生槐,0.4307196976496696,1.0,1.0,0.0,0.0
915,CHP03545,山莨菪,0.4305791641697577,5.0,5.0,1.0,1.0
916,CHP04574,香排草,0.4304925463414648,8.0,8.0,3.0,3.0
917,CHP00323,草乌叶,0.43040705304984195,13.0,13.0,5.0,5.0
918,CHP02945,南天竹根,0.4303865962764244,5.0,5.0,1.0,1.0
919,CHP05157,益母草,0.43023976981197937,69.0,69.0,26.0,24.0
920,CHP00991,番石榴干,0.43005503128603323,1.0,1.0,0.0,0.0
921,CHP04460,西洋梨,0.42985208108818196,3.0,3.0,1.0,1.0
922,CHP03283,秋水仙,0.42974352094309104,5.0,5.0,1.0,1.0
923,CHP04165,铁丝七,0.42946604963414786,6.0,6.0,2.0,2.0
924,CHP05361,芸香草,0.4294153231533118,4.0,4.0,0.0,0.0
925,CHP00347,常春藤,0.4291547398879222,11.0,11.0,4.0,4.0
926,CHP01910,金光菊,0.42894770326219717,2.0,2.0,1.0,0.0
927,CHP04139,铁海棠,0.4289327346341478,6.0,6.0,1.0,0.0
928,CHP02272,藜芦,0.42892919758638254,38.0,38.0,13.0,13.0
929,CHP02258,棱子芹,0.42890483243902616,4.0,4.0,1.0,0.0
930,CHP03606,山芝麻,0.4288227115955305,2.0,2.0,1.0,0.0
931,CHP01327,桂竹香,0.4287556587804897,3.0,3.0,1.0,1.0
932,CHP02889,木榄,0.42874093848780565,19.0,19.0,7.0,7.0
933,CHP01846,假蒟子,0.42854395767479814,8.0,8.0,3.0,3.0
934,CHP05338,云南甘草,0.4284795016727652,14.0,14.0,5.0,5.0
935,CHP04352,乌蔹莓,0.42831067946785145,1.0,1.0,0.0,0.0
936,CHP00216,薄荷,0.42792472123643654,252.0,252.0,71.0,57.0
937,CHP03050,欧当归,0.42777366065741274,3.0,3.0,1.0,0.0
938,CHP02713,毛蕊花,0.4272366278764244,5.0,5.0,2.0,2.0
939,CHP00191,斑鸠菊,0.4272217910670739,22.0,22.0,9.0,9.0
940,CHP02443,芦荟,0.42720129046051986,65.0,65.0,18.0,17.0
941,CHP04344,乌桕木根皮,0.4270678761788638,2.0,2.0,1.0,0.0
942,CHP04329,问荆,0.426548214296169,4.0,4.0,1.0,0.0
943,CHP01558,虎掌草,0.4264609832764244,5.0,5.0,2.0,2.0
944,CHP02602,马醉木,0.42640412525609855,14.0,14.0,5.0,5.0
945,CHP03456,沙枣树皮,0.42637412676219716,2.0,2.0,1.0,0.0
946,CHP05615,梓叶,0.4263470516498828,21.0,21.0,8.0,8.0
947,CHP02940,南蛇藤果,0.42622142440724603,24.0,24.0,7.0,7.0
948,CHP05804,蜂房,0.42609435927474043,4.0,4.0,1.0,1.0
949,CHP00244,蓖麻叶,0.42596941458188325,4.0,4.0,1.0,1.0
950,CHP01935,金雀根,0.4259450703769423,1.0,1.0,0.0,0.0
951,CHP01181,戈壁天门冬,0.4259149805073183,10.0,10.0,4.0,4.0
952,CHP01161,高良姜,0.42577227069092405,51.0,51.0,10.0,8.0
953,CHP05663,紫茉莉根,0.4256413757035666,3.0,3.0,0.0,0.0
954,CHP04061,桃金娘,0.4255920698087987,18.0,18.0,2.0,2.0
955,CHP01759,茴香茎叶,0.425426389346169,4.0,4.0,1.0,1.0
956,CHP03500,山豆根,0.4253927950346188,52.0,52.0,12.0,12.0
957,CHP04095,天南星,0.4251227026201801,42.0,42.0,13.0,11.0
958,CHP03503,山矾,0.4250682298764244,5.0,5.0,2.0,2.0
959,CHP00141,白薯莨,0.4250498393455305,2.0,2.0,1.0,0.0
960,CHP05681,紫穗槐,0.42488661451219717,2.0,2.0,1.0,0.0
961,CHP03193,前胡,0.42485752228785645,85.0,85.0,25.0,18.0
962,CHP04270,瓦松,0.4246761411788638,2.0,2.0,0.0,0.0
963,CHP05377,泽漆,0.42460304774176244,39.0,39.0,15.0,14.0
964,CHP01968,金盏菊,0.4245900673960438,44.0,44.0,16.0,16.0
965,CHP03263,清风藤,0.4244826036736365,11.0,11.0,4.0,4.0
966,CHP00327,侧柏枝节,0.424395447483584,42.0,42.0,12.0,10.0
967,CHP00972,儿茶,0.42420183823228164,41.0,41.0,10.0,7.0
968,CHP00083,白鹤灵芝,0.4240722565281029,13.0,13.0,3.0,2.0
969,CHP01963,金樱叶,0.42383620219512413,1.0,1.0,0.0,0.0
970,CHP00381,赤麻,0.42379563085741273,3.0,3.0,1.0,1.0
971,CHP04475,细果角茴香,0.42374628583148777,1.0,1.0,0.0,0.0
972,CHP00360,沉香,0.42353585190091586,259.0,259.0,75.0,57.0
973,CHP00708,地刷子,0.42337324044585456,15.0,15.0,5.0,5.0
974,CHP01905,金钗凤尾蕨,0.4231419636736365,11.0,11.0,3.0,3.0
975,CHP03907,水蜈蚣,0.4229270603189512,3.0,3.0,1.0,1.0
976,CHP05309,圆滑番荔枝,0.4228613363030911,5.0,5.0,2.0,2.0
977,CHP04591,香橼,0.4228416595273183,10.0,10.0,4.0,4.0
978,CHP02420,龙牙楤木,0.42273021947642436,5.0,5.0,2.0,2.0
979,CHP02676,毛萼香茶菜,0.4227192363499258,39.0,39.0,15.0,12.0
980,CHP01988,粳米,0.4226260144077034,9.0,9.0,2.0,2.0
981,CHP05329,越橘叶,0.4225992233958743,3.0,3.0,0.0,0.0
982,CHP02439,耧斗菜,0.42223602604409105,16.0,16.0,6.0,6.0
983,CHP00037,巴豆,0.4217471363350093,137.0,137.0,48.0,35.0
984,CHP04546,相思藤,0.42169993862101407,16.0,16.0,5.0,5.0
985,CHP01889,接骨木,0.4215993214073183,10.0,10.0,2.0,2.0
986,CHP01350,旱芹,0.4212275351120639,27.0,27.0,9.0,7.0
987,CHP05687,紫菀,0.4210299131354307,28.0,28.0,10.0,9.0
988,CHP02310,莲叶橐吾,0.4209255102839258,12.0,12.0,5.0,5.0
989,CHP05428,长果荜茇,0.42070934881759753,4.0,4.0,1.0,1.0
990,CHP03116,萍蓬草,0.42060458444664783,6.0,6.0,2.0,2.0
991,CHP02892,木麻黄,0.4206012204831603,11.0,11.0,4.0,4.0
992,CHP02946,南天竹梗,0.4205628721951242,1.0,1.0,0.0,0.0
993,CHP03440,沙冬青,0.4205227237621971,2.0,2.0,0.0,0.0
994,CHP01745,黄药子,0.42051227224522114,64.0,64.0,18.0,13.0
995,CHP00844,豆蔻,0.4204121361729785,66.0,66.0,16.0,13.0
996,CHP04901,芫荽,0.4202435292303537,8.0,8.0,1.0,1.0
997,CHP00670,地胆草,0.4202411292773183,10.0,10.0,4.0,4.0
998,CHP02908,木贼,0.4201974121248603,16.0,16.0,4.0,1.0
999,CHP03997,酸浆,0.42010164640991926,35.0,35.0,12.0,11.0
1000,CHP00020,桉叶,0.41995798563543063,28.0,28.0,7.0,3.0
1001,CHP03013,牛舌草,0.41946352788109853,14.0,14.0,5.0,5.0
1002,CHP04268,娃儿藤,0.4192625524360229,6.0,6.0,2.0,2.0
1003,CHP04223,土当归,0.4191576633248348,12.0,12.0,3.0,3.0
1004,CHP02561,马比木,0.41914593764966956,1.0,1.0,0.0,0.0
1005,CHP03910,水仙,0.41908349512625676,7.0,7.0,3.0,1.0
1006,CHP00819,冬葵果,0.4188729635360708,80.0,80.0,24.0,23.0
1007,CHP00608,大枣,0.4188585416715308,164.0,164.0,56.0,49.0
1008,CHP05191,淫羊藿根,0.41870279310421504,1.0,1.0,0.0,0.0
1009,CHP01344,海藻,0.41863370919054926,38.0,38.0,11.0,9.0
1010,CHP03306,拳参,0.4185861903189512,3.0,3.0,1.0,1.0
1011,CHP01716,黄皮叶,0.41835856236759755,4.0,4.0,1.0,1.0
1012,CHP01551,虎耳草,0.41827376777331565,7.0,7.0,2.0,2.0
1013,CHP00874,杜衡,0.41816272579717717,9.0,9.0,2.0,2.0
1014,CHP02640,芒果叶,0.4177217761788638,2.0,2.0,0.0,0.0
1015,CHP03274,秋海棠,0.4176125182764244,5.0,5.0,1.0,1.0
1016,CHP00520,大蓟,0.41725641404489067,69.0,69.0,20.0,17.0
1017,CHP00797,东北雷公藤,0.4170209560863826,38.0,38.0,13.0,10.0
1018,CHP03202,羌活,0.4167831825343426,102.0,102.0,34.0,31.0
1019,CHP03097,皮哨子,0.41676218790309105,5.0,5.0,2.0,2.0
1020,CHP00026,八角枫,0.4167131760818833,4.0,4.0,1.0,1.0
1021,CHP00142,白术,0.41625274146051855,118.0,118.0,36.0,32.0
1022,CHP02543,麻风树,0.41624919605275335,25.0,25.0,6.0,4.0
1023,CHP01387,黑水翠雀,0.41615779339587433,3.0,3.0,1.0,1.0
1024,CHP01885,角茴香,0.4159812260104547,4.0,4.0,0.0,0.0
1025,CHP01931,金钱草,0.4158421389255775,27.0,27.0,9.0,7.0
1026,CHP04002,酸石榴,0.41567233073035365,8.0,8.0,3.0,3.0
1027,CHP03808,鼠尾草,0.4155167839296575,59.0,59.0,15.0,12.0
1028,CHP01172,高山唐松草,0.4154336353189513,3.0,3.0,1.0,1.0
1029,CHP03806,鼠曲草,0.41531019450731826,10.0,10.0,4.0,2.0
1030,CHP03977,苏合香,0.41523927716601183,21.0,21.0,6.0,6.0
1031,CHP00543,板蓝根,0.4152260659922974,193.0,193.0,64.0,50.0
1032,CHP04984,杨梅,0.41502542484980876,9.0,9.0,3.0,3.0
1033,CHP02589,马桑根,0.4149161885587605,1.0,1.0,0.0,0.0
1034,CHP02935,南蛇竻,0.41488846814301666,12.0,12.0,4.0,3.0
1035,CHP04547,相思子,0.41478157767363655,11.0,11.0,3.0,3.0
1036,CHP03647,蛇根草,0.4146398291573183,10.0,10.0,4.0,4.0
1037,CHP01348,蔊菜,0.4145932686788638,2.0,2.0,0.0,0.0
1038,CHP01050,风箱树叶,0.4145801612860333,1.0,1.0,0.0,0.0
1039,CHP02121,苦楝叶,0.41447832924202815,3.0,3.0,1.0,1.0
1040,CHP04181,通脉丹,0.4143389100121972,2.0,2.0,0.0,0.0
1041,CHP02175,辣蓼草,0.41432862578319873,17.0,17.0,5.0,5.0
1042,CHP01376,黑杠柳,0.41429949494978624,7.0,7.0,2.0,2.0
1043,CHP00480,大驳骨,0.4141797257454942,13.0,13.0,3.0,2.0
1044,CHP05807,蜂蜜,0.4139534596097577,5.0,5.0,1.0,0.0
1045,CHP04869,鸭儿芹,0.4138841558314878,1.0,1.0,0.0,0.0
1046,CHP00350,常山,0.4138101864395632,67.0,67.0,19.0,15.0
1047,CHP01201,功劳子,0.41376697310421506,1.0,1.0,0.0,0.0
1048,CHP04571,香茅,0.4137545549727974,3.0,3.0,1.0,1.0
1049,CHP02675,毛冬青,0.413685300943091,5.0,5.0,2.0,1.0
1050,CHP03695,蓍实,0.41365263941884023,19.0,19.0,7.0,7.0
1051,CHP03863,水苦荬,0.4134029658841478,6.0,6.0,2.0,2.0
1052,CHP04330,蕹菜,0.41331256367886376,2.0,2.0,0.0,0.0
1053,CHP03934,睡莲,0.4132698956097577,5.0,5.0,1.0,1.0
1054,CHP00412,川贝母,0.4129667314377579,228.0,228.0,74.0,66.0
1055,CHP02085,苦芺,0.41293644108818195,3.0,3.0,1.0,1.0
1056,CHP00326,侧柏叶,0.4128543306163637,90.0,90.0,29.0,21.0
1057,CHP00775,丁公藤,0.412699444104948,60.0,60.0,19.0,15.0
1058,CHP00256,鞭叶铁线蕨,0.41260323120665293,12.0,12.0,4.0,4.0
1059,CHP04098,天茄子,0.41251791601045473,4.0,4.0,1.0,1.0
1060,CHP00671,地丁,0.4125100658314878,1.0,1.0,0.0,0.0
1061,CHP00183,柏树叶,0.4124985185716479,6.0,6.0,2.0,1.0
1062,CHP02297,连钱草,0.41213995595980796,61.0,61.0,23.0,21.0
1063,CHP00923,盾叶薯蓣,0.41207559369935065,11.0,11.0,3.0,3.0
1064,CHP00472,打碗花,0.4116883429343358,3.0,3.0,1.0,1.0
1065,CHP05373,皂角刺,0.4113167438455305,2.0,2.0,0.0,0.0
1066,CHP06120,绒白乳菇,0.4113116911258547,15.0,15.0,3.0,3.0
1067,CHP00003,阿魏,0.4105274249220026,133.0,133.0,44.0,38.0
1068,CHP04409,五气朝阳草,0.4103773886392824,9.0,9.0,1.0,0.0
1069,CHP00469,催吐萝芙木,0.4103642944878057,19.0,19.0,5.0,5.0
1070,CHP04527,仙人掌,0.4103445377035666,3.0,3.0,1.0,1.0
1071,CHP03212,乔木紫珠,0.4103233821951242,1.0,1.0,0.0,0.0
1072,CHP04127,甜叶菊,0.4102912292420281,3.0,3.0,1.0,1.0
1073,CHP01159,杠香藤,0.41028347747279736,3.0,3.0,1.0,1.0
1074,CHP05486,蜘蛛香,0.41026753490731827,10.0,10.0,4.0,0.0
1075,CHP05009,椰子皮,0.4102081431042151,1.0,1.0,0.0,0.0
1076,CHP03360,蕤仁,0.40979230854972043,3.0,3.0,1.0,1.0
1077,CHP02166,腊梅花,0.4097752662764244,5.0,5.0,1.0,1.0
1078,CHP01316,桂花,0.409637538063687,8.0,8.0,3.0,3.0
1079,CHP02707,毛葡萄,0.4096333703769423,1.0,1.0,0.0,0.0
1080,CHP05689,紫葳茎叶,0.4095866316966479,6.0,6.0,2.0,2.0
1081,CHP00245,蓖麻油,0.40951352282037445,7.0,7.0,2.0,2.0
1082,CHP00228,北豆根,0.4094227275176386,72.0,72.0,15.0,12.0
1083,CHP00444,刺果苏木,0.40936354961187754,36.0,36.0,12.0,12.0
1084,CHP01054,枫香寄生,0.4089181178266435,3.0,3.0,1.0,0.0
1085,CHP01516,胡芦巴,0.40876420972692445,144.0,144.0,47.0,45.0
1086,CHP01822,蕺叶秋海棠,0.4087476479343358,3.0,3.0,1.0,1.0
1087,CHP03162,漆大姑,0.40860802743902613,4.0,4.0,1.0,1.0
1088,CHP03759,石枣子,0.40841330290244027,9.0,9.0,2.0,2.0
1089,CHP01232,枸橘核,0.4083264166533119,4.0,4.0,1.0,0.0
1090,CHP04018,娑罗子,0.40802880834030314,11.0,11.0,3.0,3.0
1091,CHP04108,田葱,0.40792193386759756,4.0,4.0,1.0,1.0
1092,CHP01723,黄芩,0.4078403353620779,46.0,46.0,8.0,8.0
1093,CHP00176,百蕊草,0.4078322658314878,1.0,1.0,0.0,0.0
1094,CHP01262,观音草,0.4075915176496696,1.0,1.0,0.0,0.0
1095,CHP01138,橄榄,0.4075549505233247,25.0,25.0,7.0,5.0
1096,CHP05061,野马追,0.407449636042458,17.0,17.0,6.0,6.0
1097,CHP02133,苦檀子,0.40726864525914785,6.0,6.0,1.0,1.0
1098,CHP05467,真藓,0.4072671158314878,1.0,1.0,0.0,0.0
1099,CHP06039,象胆,0.40711566310421504,1.0,1.0,0.0,0.0
1100,CHP04259,菟丝子,0.40711265510220784,11.0,11.0,2.0,2.0
1101,CHP01965,金鱼藤,0.4069406460545889,11.0,11.0,4.0,4.0
1102,CHP03520,山胡椒叶,0.4068386503455305,2.0,2.0,0.0,0.0
1103,CHP02209,狼毒,0.40679846254666013,36.0,36.0,9.0,7.0
1104,CHP01802,鸡眼草,0.4067865845121972,2.0,2.0,0.0,0.0
1105,CHP04736,小叶贯众,0.40674249788414785,6.0,6.0,2.0,2.0
1106,CHP04524,仙鹤草,0.40654879400696975,11.0,11.0,2.0,2.0
1107,CHP01946,金挖耳,0.4064120947804897,3.0,3.0,1.0,1.0
1108,CHP03139,蒲桃,0.40623758740828764,33.0,33.0,6.0,6.0
1109,CHP02025,菊芋,0.4060983988653979,6.0,6.0,2.0,2.0
1110,CHP01884,角蒿,0.4060668205223183,10.0,10.0,4.0,2.0
1111,CHP04904,岩败酱,0.4060123162420281,3.0,3.0,1.0,1.0
1112,CHP05087,野鸦椿,0.40599168936510505,3.0,3.0,1.0,1.0
1113,CHP01156,岗松,0.40593573037694236,1.0,1.0,0.0,0.0
1114,CHP04863,荨麻,0.40592914357158116,13.0,13.0,4.0,4.0
1115,CHP05754,斑蝥,0.4059095702573702,18.0,18.0,5.0,4.0
1116,CHP01362,荷梗,0.40589879310421506,1.0,1.0,0.0,0.0
1117,CHP02847,木半夏根,0.4056810618574128,3.0,3.0,1.0,1.0
1118,CHP01985,荆芥穗,0.40555758494664784,6.0,6.0,2.0,2.0
1119,CHP00576,大叶骨碎补,0.40554217743902615,4.0,4.0,1.0,1.0
1120,CHP03547,山里红,0.4054602196341479,6.0,6.0,1.0,1.0
1121,CHP05173,银不换,0.4051344076496697,1.0,1.0,0.0,0.0
1122,CHP00500,大果大戟,0.4048812254287064,16.0,16.0,5.0,5.0
1123,CHP02270,藜草,0.4048807283189512,3.0,3.0,1.0,1.0
1124,CHP00993,番石榴皮,0.40455238701219715,2.0,2.0,0.0,0.0
1125,CHP05012,野百合,0.4044036713958743,3.0,3.0,1.0,1.0
1126,CHP03077,泡桐果,0.4042794070121971,2.0,2.0,0.0,0.0
1127,CHP03270,苘麻子,0.4042386464727974,3.0,3.0,1.0,0.0
1128,CHP04085,天花粉,0.4041937537430911,5.0,5.0,1.0,1.0
1129,CHP02375,柳杉,0.40417978877891503,21.0,21.0,7.0,6.0
1130,CHP01897,芥蓝,0.4039829342716479,6.0,6.0,1.0,1.0
1131,CHP06129,松蕈,0.40388858560979807,8.0,8.0,3.0,3.0
1132,CHP05218,永宁独活,0.40387058160975775,5.0,5.0,1.0,1.0
1133,CHP05881,鸡内金,0.40362157188048964,3.0,3.0,1.0,1.0
1134,CHP06113,马勃,0.4034578980453755,20.0,20.0,7.0,5.0
1135,CHP05117,叶下珠,0.4033950727258546,15.0,15.0,3.0,3.0
1136,CHP00170,百合,0.4033804563622202,137.0,137.0,44.0,36.0
1137,CHP05267,鱼腥草,0.4032338558314878,1.0,1.0,0.0,0.0
1138,CHP02119,苦楝皮,0.40304357720769435,87.0,87.0,29.0,28.0
1139,CHP02178,莱菔,0.4028156776097577,5.0,5.0,0.0,0.0
1140,CHP04959,羊角拗子,0.4028006070104547,4.0,4.0,1.0,1.0
1141,CHP02333,亮叶桦皮,0.40270066831895124,3.0,3.0,1.0,1.0
1142,CHP03317,荛花,0.40247831260975775,5.0,5.0,1.0,1.0
1143,CHP05190,淫羊藿,0.4023203154608364,165.0,165.0,46.0,36.0
1144,CHP01594,华南皂荚,0.4022618821951242,1.0,1.0,0.0,0.0
1145,CHP00430,椿白皮,0.4019932867405787,1.0,1.0,0.0,0.0
1146,CHP02427,龙眼肉,0.4018894812860333,1.0,1.0,0.0,0.0
1147,CHP00948,莪术,0.4016939227429931,226.0,226.0,64.0,58.0
1148,CHP06130,太白花,0.4016806867405787,1.0,1.0,0.0,0.0
1149,CHP02323,两面针,0.40122755932351634,43.0,43.0,10.0,6.0
1150,CHP00069,白椴,0.4011763285587605,1.0,1.0,0.0,0.0
1151,CHP02941,南蛇藤叶,0.40112778764966966,1.0,1.0,0.0,0.0
1152,CHP00799,东北延胡索,0.40108043079616895,4.0,4.0,0.0,0.0
1153,CHP02074,榼藤子,0.400910658943091,5.0,5.0,0.0,0.0
1154,CHP04985,杨梅根,0.40079650730272737,7.0,7.0,1.0,0.0
1155,CHP01727,黄三七,0.400777028479198,7.0,7.0,2.0,2.0
1156,CHP01312,鬼针草,0.4005626338458546,15.0,15.0,4.0,3.0
1157,CHP01356,合欢皮,0.40046531512147476,35.0,35.0,13.0,10.0
1158,CHP01756,茴芹,0.4004588920327533,25.0,25.0,9.0,9.0
1159,CHP04379,无漏子,0.4004501631042151,1.0,1.0,0.0,0.0
1160,CHP00050,白八角莲,0.40037999310421507,1.0,1.0,0.0,0.0
1161,CHP04340,乌骨藤,0.4003082858314878,1.0,1.0,0.0,0.0
1162,CHP04431,五爪龙,0.40019159168414786,6.0,6.0,2.0,1.0
1163,CHP01733,黄蜀葵花,0.40002359401330595,1.0,1.0,0.0,0.0
1164,CHP05274,榆树,0.39985489492239695,1.0,1.0,0.0,0.0
1165,CHP02015,救必应,0.39969694406033507,9.0,9.0,2.0,2.0
1166,CHP03576,山莴苣,0.3996231401966479,6.0,6.0,2.0,2.0
1167,CHP01717,黄芪,0.39946061757368156,171.0,171.0,49.0,46.0
1168,CHP05853,猴枣,0.3993383367405787,1.0,1.0,0.0,0.0
1169,CHP02784,猕猴桃,0.3992601853455305,2.0,2.0,0.0,0.0
1170,CHP00322,草乌,0.3992244534645659,79.0,79.0,22.0,21.0
1171,CHP05032,野菰,0.399134684013306,1.0,1.0,0.0,0.0
1172,CHP03568,山稔叶,0.39909269128603325,1.0,1.0,0.0,0.0
1173,CHP02697,毛莲蒿,0.39908665492239687,1.0,1.0,0.0,0.0
1174,CHP03194,芡实,0.3990706609343358,3.0,3.0,1.0,0.0
1175,CHP03201,茜草藤,0.3988725158314878,1.0,1.0,0.0,0.0
1176,CHP02545,麻花,0.3987613421341479,6.0,6.0,1.0,1.0
1177,CHP05730,总状升麻,0.39859497543554123,11.0,11.0,3.0,3.0
1178,CHP03375,三叉凤尾蕨,0.3985867603769424,1.0,1.0,0.0,0.0
1179,CHP01783,鸡骨常山,0.3985441859073183,10.0,10.0,3.0,2.0
1180,CHP02739,茅膏菜,0.398392057088182,3.0,3.0,0.0,0.0
1181,CHP02000,九里香根,0.3982461436788638,2.0,2.0,0.0,0.0
1182,CHP00635,淡竹叶,0.3979979894678514,1.0,1.0,0.0,0.0
1183,CHP01163,高粱,0.39774544488414787,6.0,6.0,1.0,1.0
1184,CHP02557,麻叶,0.39769262274549416,13.0,13.0,2.0,1.0
1185,CHP02019,菊花,0.3975288937818282,81.0,81.0,20.0,18.0
1186,CHP01146,干姜,0.3974142810340205,106.0,106.0,29.0,26.0
1187,CHP02357,凌霄花,0.397315017915962,33.0,33.0,10.0,7.0
1188,CHP04948,眼子菜,0.39724298052665086,9.0,9.0,2.0,1.0
1189,CHP02813,绵藤,0.3971530667405787,1.0,1.0,0.0,0.0
1190,CHP04826,悬钩子,0.39703717867642435,5.0,5.0,1.0,1.0
1191,CHP03053,欧鼠李,0.39696681284553054,2.0,2.0,0.0,0.0
1192,CHP02084,苦艾,0.3966708032621971,2.0,2.0,0.0,0.0
1193,CHP00397,臭梧桐,0.3965666017552274,18.0,18.0,6.0,6.0
1194,CHP03175,千层塔,0.39628356262861825,65.0,65.0,20.0,20.0
1195,CHP02997,牛耳枫子,0.39627327544664787,6.0,6.0,2.0,2.0
1196,CHP01369,鹤草芽,0.3957352349343358,3.0,3.0,0.0,0.0
1197,CHP05320,月桂叶,0.39558887344664784,6.0,6.0,2.0,2.0
1198,CHP05592,苎麻根,0.3954243025587605,1.0,1.0,0.0,0.0
1199,CHP03933,睡菜根,0.39541228219512414,1.0,1.0,0.0,0.0
1200,CHP05355,云实叶,0.39515014892239686,1.0,1.0,0.0,0.0
1201,CHP02459,鹿葱,0.3950473831042151,1.0,1.0,0.0,0.0
1202,CHP04163,铁树叶,0.3950406476496697,1.0,1.0,0.0,0.0
1203,CHP01996,九节茶,0.3944809673702893,12.0,12.0,3.0,2.0
1204,CHP04693,小连翘,0.3944177631341479,6.0,6.0,1.0,1.0
1205,CHP01644,黄瓜,0.394253270656449,22.0,22.0,5.0,5.0
1206,CHP03364,瑞香根,0.39422417686759753,4.0,4.0,0.0,0.0
1207,CHP02077,刻裂紫堇,0.39409231083245067,13.0,13.0,1.0,1.0
1208,CHP03159,桤木,0.3940881491651051,3.0,3.0,0.0,0.0
1209,CHP02609,麦瓶草,0.394073814013306,1.0,1.0,0.0,0.0
1210,CHP00318,草胡椒,0.3939933162860333,1.0,1.0,0.0,0.0
1211,CHP01381,黑壳楠,0.3937530162859092,8.0,8.0,1.0,1.0
1212,CHP01408,红参,0.3936812920499423,53.0,53.0,13.0,12.0
1213,CHP03081,炮姜,0.39360104855876055,1.0,1.0,0.0,0.0
1214,CHP03251,青天葵,0.3935935710764244,5.0,5.0,1.0,1.0
1215,CHP01299,广西莪术,0.3935874610521075,12.0,12.0,3.0,2.0
1216,CHP03344,肉桂,0.39349048561762473,21.0,21.0,6.0,5.0
1217,CHP03754,石韦,0.39339054943902607,4.0,4.0,1.0,1.0
1218,CHP03453,沙枣,0.3933140767405787,1.0,1.0,0.0,0.0
1219,CHP05882,鸡肉,0.39312390764966965,1.0,1.0,0.0,0.0
1220,CHP05565,竹节参,0.3930952404611984,12.0,12.0,3.0,3.0
1221,CHP02284,栗柄金粉蕨,0.39306374401330596,1.0,1.0,0.0,0.0
1222,CHP04173,葶苈子,0.39298883628870135,39.0,39.0,10.0,10.0
1223,CHP02913,苜蓿,0.39298539163414786,6.0,6.0,2.0,2.0
1224,CHP03216,窃衣,0.3928617503769424,1.0,1.0,0.0,0.0
1225,CHP00667,地柏枝,0.3928393094678514,1.0,1.0,0.0,0.0
1226,CHP04933,岩乌头,0.39279964855876054,1.0,1.0,0.0,0.0
1227,CHP03552,山萝卜,0.3926731261951242,1.0,1.0,0.0,0.0
1228,CHP00668,地不容,0.3926508499470391,25.0,25.0,3.0,1.0
1229,CHP05539,珠芽半支,0.39259350367886386,2.0,2.0,0.0,0.0
1230,CHP01811,吉林乌头,0.39258843310421504,1.0,1.0,0.0,0.0
1231,CHP01868,浆果苋,0.39257657764966963,1.0,1.0,0.0,0.0
1232,CHP02049,卷丹,0.3925445725587606,1.0,1.0,0.0,0.0
1233,CHP01665,黄花铁线莲,0.3925438177035666,3.0,3.0,0.0,0.0
1234,CHP03869,水流豆,0.3922978435272944,32.0,32.0,6.0,6.0
1235,CHP03389,三棱,0.3921183387594756,16.0,16.0,5.0,5.0
1236,CHP05450,照山白,0.39203723009553054,2.0,2.0,0.0,0.0
1237,CHP03135,蒲黄,0.39202073867483483,12.0,12.0,3.0,1.0
1238,CHP01546,槲叶,0.3920056652860333,1.0,1.0,0.0,0.0
1239,CHP04297,王孙,0.39187499037694234,1.0,1.0,0.0,0.0
1240,CHP01568,花楸,0.3916816182097577,5.0,5.0,1.0,1.0
1241,CHP00431,椿皮,0.3915345301042511,95.0,95.0,24.0,23.0
1242,CHP01758,茴香根,0.3914596671042151,1.0,1.0,0.0,0.0
1243,CHP00768,钓樟枝叶,0.391354580013306,1.0,1.0,0.0,0.0
1244,CHP00281,菠菜,0.39134776133246346,21.0,21.0,3.0,3.0
1245,CHP03018,牛尾菜,0.3913445249223969,1.0,1.0,0.0,0.0
1246,CHP04858,血桐,0.3912589608014957,21.0,21.0,3.0,3.0
1247,CHP04622,小百部,0.3912588898314878,1.0,1.0,0.0,0.0
1248,CHP02519,落葵,0.39105804219512413,1.0,1.0,0.0,0.0
1249,CHP00042,巴西胡桐,0.3910377842073183,10.0,10.0,2.0,0.0
1250,CHP03698,十大功劳叶,0.39093491358631643,67.0,67.0,21.0,21.0
1251,CHP00254,鞭打绣球,0.3908922725587605,1.0,1.0,0.0,0.0
1252,CHP00989,番茄,0.39074584129733914,53.0,53.0,15.0,15.0
1253,CHP04328,文竹,0.39061674037694233,1.0,1.0,0.0,0.0
1254,CHP00040,巴拿马山石榴,0.3904682075573183,10.0,10.0,3.0,3.0
1255,CHP01764,火炭母草,0.3903810255587605,1.0,1.0,0.0,0.0
1256,CHP03991,粟米,0.3903676531030911,5.0,5.0,1.0,1.0
1257,CHP02516,落地生根,0.39010109760975775,5.0,5.0,1.0,1.0
1258,CHP03881,水木草,0.3898325367405787,1.0,1.0,0.0,0.0
1259,CHP04666,小花盾叶薯蓣,0.3896977649223969,1.0,1.0,0.0,0.0
1260,CHP00673,地枫皮,0.38963481580524795,56.0,56.0,13.0,12.0
1261,CHP01091,佛手,0.3895171240704322,51.0,51.0,12.0,9.0
1262,CHP01170,高山辣根菜,0.38951558474057874,1.0,1.0,0.0,0.0
1263,CHP00238,荜茇,0.38944570715889837,75.0,75.0,19.0,15.0
1264,CHP03838,水飞蓟,0.3894414471072159,38.0,38.0,11.0,3.0
1265,CHP03704,石菖蒲,0.3894196774515702,45.0,45.0,13.0,9.0
1266,CHP02504,罗勒子,0.3892693108314878,1.0,1.0,0.0,0.0
1267,CHP00250,篦子三尖杉,0.3891022651042151,1.0,1.0,0.0,0.0
1268,CHP02659,毛八角枫,0.38904249083148784,1.0,1.0,0.0,0.0
1269,CHP03889,水芹,0.3889902136788638,2.0,2.0,0.0,0.0
1270,CHP01226,枸骨根,0.3888468031042151,1.0,1.0,0.0,0.0
1271,CHP05729,总状绿绒蒿,0.3885509258314878,1.0,1.0,0.0,0.0
1272,CHP04461,菥蓂,0.38841973101330596,1.0,1.0,0.0,0.0
1273,CHP00272,滨海前胡,0.3883420961788638,2.0,2.0,0.0,0.0
1274,CHP01600,华山矾,0.38824873955731826,10.0,10.0,3.0,3.0
1275,CHP01351,诃子,0.3882208532305992,34.0,34.0,8.0,7.0
1276,CHP04599,响铃草,0.3881882989545888,11.0,11.0,4.0,3.0
1277,CHP03569,山珊瑚,0.38808710728603324,1.0,1.0,0.0,0.0
1278,CHP01788,鸡冠子,0.38791958264966964,1.0,1.0,0.0,0.0
1279,CHP03110,飘拂草,0.3878213891042151,1.0,1.0,0.0,0.0
1280,CHP00372,齿瓣延胡索,0.38778958951219716,2.0,2.0,0.0,0.0
1281,CHP00988,番木瓜叶,0.3876479131042151,1.0,1.0,0.0,0.0
1282,CHP03124,破布木,0.38737497174309105,5.0,5.0,0.0,0.0
1283,CHP05353,云实,0.3872337414678514,1.0,1.0,0.0,0.0
1284,CHP03182,千里光,0.38697706860325265,35.0,35.0,11.0,9.0
1285,CHP01260,关黄柏,0.3869273773518295,70.0,70.0,15.0,13.0
1286,CHP05481,栀子叶,0.3868686653769423,1.0,1.0,0.0,0.0
1287,CHP02782,迷果芹,0.3868675739223969,1.0,1.0,0.0,0.0
1288,CHP05435,长尾复叶耳蕨,0.38663325664966963,1.0,1.0,0.0,0.0
1289,CHP02831,魔芋,0.3866232634678514,1.0,1.0,0.0,0.0
1290,CHP00165,白珠树,0.38660961936237026,18.0,18.0,4.0,1.0
1291,CHP05922,鹿茸,0.3865791782909627,7.0,7.0,2.0,2.0
1292,CHP00225,暴马子皮,0.3863120997769423,1.0,1.0,0.0,0.0
1293,CHP01604,华中瘤足蕨,0.3861968485587605,1.0,1.0,0.0,0.0
1294,CHP01216,狗屎花,0.38614522710421506,1.0,1.0,0.0,0.0
1295,CHP03679,肾子草,0.3861121111262568,7.0,7.0,2.0,2.0
1296,CHP01625,槐角,0.3860992465409417,18.0,18.0,3.0,2.0
1297,CHP05461,鹧鸪菜,0.3860352150769424,1.0,1.0,0.0,0.0
1298,CHP04972,羊蹄草,0.386019580413306,1.0,1.0,0.0,0.0
1299,CHP05772,蚕蛾,0.3859264540587606,1.0,1.0,0.0,0.0
1300,CHP03056,藕节,0.3858235691860333,1.0,1.0,0.0,0.0
1301,CHP04473,细葛缕子,0.38576695360365915,30.0,30.0,10.0,10.0
1302,CHP05824,狗肉,0.385763252913306,1.0,1.0,0.0,0.0
1303,CHP05800,鹅臎,0.3857171088314878,1.0,1.0,0.0,0.0
1304,CHP05835,蛤壳,0.3856185105247605,1.0,1.0,0.0,0.0
1305,CHP05866,鲩鱼,0.3856182562905332,1.0,1.0,0.0,0.0
1306,CHP01815,棘豆,0.38552625391940726,13.0,13.0,4.0,4.0
1307,CHP04055,糖荠,0.3854869366747981,8.0,8.0,2.0,2.0
1308,CHP01364,荷叶,0.3854240045645454,31.0,31.0,5.0,4.0
1309,CHP04521,夏天无,0.3852436952097577,5.0,5.0,1.0,1.0
1310,CHP05877,鸡胆,0.3851802486788638,2.0,2.0,0.0,0.0
1311,CHP02947,南天竹叶,0.38500142536759757,4.0,4.0,1.0,1.0
1312,CHP04238,土木香,0.3849649196788638,2.0,2.0,0.0,0.0
1313,CHP00514,大黄花,0.3847300574813877,9.0,9.0,3.0,3.0
1314,CHP04565,香加皮,0.38469499425126175,106.0,106.0,32.0,32.0
1315,CHP05139,一枝蒿,0.3840353042247404,4.0,4.0,1.0,1.0
1316,CHP01132,肝风草,0.3839682613980845,18.0,18.0,6.0,5.0
1317,CHP05409,樟树皮,0.38386051572474045,4.0,4.0,1.0,1.0
1318,CHP00146,白头翁,0.3837460663538483,93.0,93.0,29.0,22.0
1319,CHP05962,牛黄,0.3835873185395299,19.0,19.0,6.0,6.0
1320,CHP01008,防风草,0.3835786233675975,4.0,4.0,1.0,1.0
1321,CHP00772,跌打老,0.38324775317870635,16.0,16.0,5.0,5.0
1322,CHP06133,蛹虫草,0.38321286076887456,11.0,11.0,3.0,3.0
1323,CHP04525,仙茅,0.3831881597663767,60.0,60.0,16.0,14.0
1324,CHP00791,定木香,0.3831792519733239,22.0,22.0,6.0,6.0
1325,CHP02562,马鞭草,0.38316236905666085,42.0,42.0,14.0,12.0
1326,CHP03099,枇杷核,0.38305220065289786,6.0,6.0,2.0,2.0
1327,CHP05650,紫堇,0.3829388232859092,8.0,8.0,1.0,1.0
1328,CHP02537,绿绒蒿,0.38284720035115916,30.0,30.0,5.0,3.0
1329,CHP05319,远志,0.382621979988049,120.0,120.0,36.0,33.0
1330,CHP06131,香蕈,0.3823606348498087,9.0,9.0,2.0,2.0
1331,CHP03431,桑叶,0.38194091342589165,42.0,42.0,7.0,5.0
1332,CHP00359,车桑仔叶,0.38171889360975775,5.0,5.0,1.0,0.0
1333,CHP01847,假连翘,0.3810928210716479,6.0,6.0,0.0,0.0
1334,CHP02939,南蛇藤根,0.3810570410347384,23.0,23.0,7.0,5.0
1335,CHP02012,酒饼叶,0.3809960020674333,7.0,7.0,0.0,0.0
1336,CHP05591,苎麻,0.38096061993433583,3.0,3.0,0.0,0.0
1337,CHP04389,吴茱萸,0.38090638487039946,56.0,56.0,11.0,10.0
1338,CHP04033,台湾泽兰,0.3804206428762568,7.0,7.0,2.0,2.0
1339,CHP03088,蟛蜞菊,0.3803650117733156,7.0,7.0,2.0,2.0
1340,CHP05005,药用倒提壶,0.3803084737035666,3.0,3.0,0.0,0.0
1341,CHP03969,松香,0.38020370544664783,6.0,6.0,1.0,1.0
1342,CHP00882,杜松,0.38009687596838393,17.0,17.0,0.0,0.0
1343,CHP03226,青果,0.3800122853394319,14.0,14.0,3.0,3.0
1344,CHP04558,香根芹,0.37982952901219713,2.0,2.0,0.0,0.0
1345,CHP02176,辣木,0.3798237728956748,118.0,118.0,28.0,22.0
1346,CHP00079,白果槲寄生,0.379722940971169,4.0,4.0,0.0,0.0
1347,CHP05679,紫苏叶,0.3795886217339257,12.0,12.0,3.0,3.0
1348,CHP03051,欧活血丹,0.3794597288414648,8.0,8.0,2.0,2.0
1349,CHP05456,浙贝母,0.3794291714958743,3.0,3.0,0.0,0.0
1350,CHP00756,颠茄,0.37917182566887453,11.0,11.0,3.0,2.0
1351,CHP02339,蓼实,0.3791057420121971,2.0,2.0,0.0,0.0
1352,CHP01013,飞机草,0.3788518386788638,2.0,2.0,0.0,0.0
1353,CHP02998,牛角瓜,0.37865696284553046,2.0,2.0,0.0,0.0
1354,CHP05403,樟梨,0.378487735743091,5.0,5.0,1.0,1.0
1355,CHP05325,月见草,0.3784752561321971,2.0,2.0,0.0,0.0
1356,CHP02056,决明子,0.37838247394918734,56.0,56.0,14.0,10.0
1357,CHP03498,山地香茶菜,0.3782500203980845,18.0,18.0,5.0,5.0
1358,CHP03650,蛇果黄堇,0.3781843870121972,2.0,2.0,0.0,0.0
1359,CHP00247,薜荔,0.3781827020121971,2.0,2.0,0.0,0.0
1360,CHP01599,华山参,0.378118268006653,12.0,12.0,2.0,1.0
1361,CHP00689,地黄,0.3780102294401572,285.0,285.0,91.0,81.0
1362,CHP03302,瞿麦,0.37758280025731833,10.0,10.0,2.0,2.0
1363,CHP04008,算盘子,0.3773543178382122,20.0,20.0,6.0,6.0
1364,CHP04057,桃儿七,0.37712100385731834,10.0,10.0,3.0,3.0
1365,CHP05843,海燕,0.3768340086788638,2.0,2.0,0.0,0.0
1366,CHP00309,糙苏,0.37674679695935076,11.0,11.0,3.0,3.0
1367,CHP02240,老鼠簕,0.3765663148382122,20.0,20.0,5.0,5.0
1368,CHP01486,红藤,0.37599120243965045,29.0,29.0,7.0,7.0
1369,CHP04839,雪莲花,0.3758410359390262,4.0,4.0,1.0,0.0
1370,CHP03416,三钻风,0.3756145674504547,4.0,4.0,1.0,1.0
1371,CHP05096,野罂粟,0.3755004761966479,6.0,6.0,0.0,0.0
1372,CHP04293,王不留行,0.3750203380153919,19.0,19.0,4.0,4.0
1373,CHP02808,绵萆薢,0.37487309033724386,53.0,53.0,17.0,17.0
1374,CHP05140,一枝黄花,0.3747423500395299,19.0,19.0,6.0,6.0
1375,CHP03075,泡桐,0.3745758074390261,4.0,4.0,0.0,0.0
1376,CHP01099,浮叶眼子菜,0.3740963124954942,13.0,13.0,1.0,1.0
1377,CHP00676,地肤子,0.37382292970731834,10.0,10.0,2.0,2.0
1378,CHP00057,白草莓,0.3738205682621971,2.0,2.0,0.0,0.0
1379,CHP01241,古柯,0.3738131728293803,12.0,12.0,3.0,3.0
1380,CHP01750,灰叶,0.37334542411924254,8.0,8.0,1.0,1.0
1381,CHP01206,钩藤,0.3733364026074259,174.0,174.0,47.0,45.0
1382,CHP03630,商陆,0.3732098129441396,93.0,93.0,27.0,26.0
1383,CHP01123,甘菊,0.37315479867886386,2.0,2.0,0.0,0.0
1384,CHP01359,河套大黄,0.37298412076219717,2.0,2.0,0.0,0.0
1385,CHP03532,山姜,0.3724615021016559,18.0,18.0,6.0,5.0
1386,CHP00384,赤小豆,0.3723417200507479,52.0,52.0,15.0,15.0
1387,CHP02844,牡蒿,0.3718931405121972,2.0,2.0,0.0,0.0
1388,CHP04334,窝儿七,0.3718608365955305,2.0,2.0,0.0,0.0
1389,CHP02353,灵香草,0.3713528164401768,26.0,26.0,8.0,7.0
1390,CHP01614,桦树皮,0.3712873969430911,5.0,5.0,0.0,0.0
1391,CHP00119,白马骨,0.37116908879744603,11.0,11.0,2.0,2.0
1392,CHP02098,苦丁茶,0.3710916037915793,127.0,127.0,36.0,35.0
1393,CHP04283,碗蕨,0.3710794461788638,2.0,2.0,0.0,0.0
1394,CHP04208,透骨草,0.3708064466788638,2.0,2.0,0.0,0.0
1395,CHP00151,白鲜皮,0.37076133064130995,117.0,117.0,30.0,29.0
1396,CHP06015,水蛭,0.37054289630875603,9.0,9.0,2.0,2.0
1397,CHP02657,猫眼草,0.3702586348886592,30.0,30.0,7.0,6.0
1398,CHP01480,红雀珊瑚,0.3699189889288638,2.0,2.0,0.0,0.0
1399,CHP03962,松节,0.3696458090674333,7.0,7.0,1.0,1.0
1400,CHP02658,猫爪草,0.3696152916920739,22.0,22.0,4.0,3.0
1401,CHP03884,水茄,0.3695918468202358,17.0,17.0,3.0,3.0
1402,CHP04306,威灵仙,0.3694967698073273,40.0,40.0,11.0,9.0
1403,CHP01549,蝴蝶花,0.36947133586743325,7.0,7.0,2.0,2.0
1404,CHP03070,胖大海,0.3693406464188402,19.0,19.0,5.0,3.0
1405,CHP05621,紫菜,0.3693323211788638,2.0,2.0,0.0,0.0
1406,CHP01763,火索麻,0.36914051823035365,8.0,8.0,2.0,1.0
1407,CHP05427,长管香茶菜,0.3691260704733239,22.0,22.0,7.0,6.0
1408,CHP01566,花锚,0.36834871165331184,4.0,4.0,0.0,0.0
1409,CHP01168,高山火绒草,0.3678139812646802,17.0,17.0,3.0,3.0
1410,CHP01957,金叶子,0.3675373036073183,10.0,10.0,1.0,1.0
1411,CHP06001,麝香,0.3673909376080551,33.0,33.0,6.0,6.0
1412,CHP02279,荔枝核,0.3673672145464264,19.0,19.0,5.0,5.0
1413,CHP05364,仔榄树,0.3672622795955305,2.0,2.0,0.0,0.0
1414,CHP01682,黄精,0.3671508993522411,33.0,33.0,8.0,7.0
1415,CHP02606,麦冬,0.3671272449805796,70.0,70.0,12.0,12.0
1416,CHP00078,白果根,0.3667884477748602,16.0,16.0,4.0,4.0
1417,CHP01675,黄堇,0.36676181262664354,3.0,3.0,0.0,0.0
1418,CHP03229,青蒿,0.366742698858049,120.0,120.0,35.0,35.0
1419,CHP03771,柿蒂,0.366218523002987,39.0,39.0,10.0,8.0
1420,CHP01505,厚皮树,0.36619577194309105,5.0,5.0,0.0,0.0
1421,CHP01757,茴香,0.3660762193810985,14.0,14.0,3.0,3.0
1422,CHP00201,半边莲,0.3659290561387394,96.0,96.0,27.0,23.0
1423,CHP00135,白前,0.36592444620052694,78.0,78.0,21.0,16.0
1424,CHP01797,鸡嗉子,0.36583346558188323,4.0,4.0,0.0,0.0
1425,CHP03911,水仙根,0.36578795032164785,6.0,6.0,0.0,0.0
1426,CHP02785,猕猴桃根,0.36578712054309104,5.0,5.0,1.0,1.0
1427,CHP03372,赛莨菪,0.3655242702730809,44.0,44.0,13.0,13.0
1428,CHP00662,稻芽,0.3654922000121972,2.0,2.0,0.0,0.0
1429,CHP03732,石榴皮,0.365322658719513,18.0,18.0,3.0,3.0
1430,CHP04374,无患子皮,0.3650015105404244,5.0,5.0,1.0,1.0
1431,CHP03687,省沽油,0.3647848753107116,13.0,13.0,4.0,4.0
1432,CHP03198,茜草,0.3647800721338853,74.0,74.0,14.0,12.0
1433,CHP01728,黄山药,0.3646837084097577,5.0,5.0,1.0,1.0
1434,CHP01724,黄秦艽,0.36461807076219716,2.0,2.0,0.0,0.0
1435,CHP05383,泽珍珠菜,0.3644194390955305,2.0,2.0,0.0,0.0
1436,CHP05670,紫萁,0.36436176617886384,2.0,2.0,0.0,0.0
1437,CHP03257,青羊参,0.36435598509553047,2.0,2.0,0.0,0.0
1438,CHP03323,人参叶,0.3640947966120749,75.0,75.0,18.0,15.0
1439,CHP05512,肿柄菊,0.36399532615097246,13.0,13.0,4.0,4.0
1440,CHP00987,番木瓜,0.36350245104242246,24.0,24.0,8.0,8.0
1441,CHP00583,大叶蒟,0.3634819350655305,2.0,2.0,0.0,0.0
1442,CHP02410,龙脑膏香,0.3634434480458546,15.0,15.0,3.0,3.0
1443,CHP04113,甜菜,0.3633545737804897,3.0,3.0,0.0,0.0
1444,CHP02007,韭菜,0.3632849970104547,4.0,4.0,0.0,0.0
1445,CHP00649,倒吊笔,0.3630661235121972,2.0,2.0,0.0,0.0
1446,CHP04960,羊角棉,0.3628603780121971,2.0,2.0,0.0,0.0
1447,CHP05294,玉竹,0.3628509064157439,12.0,12.0,3.0,2.0
1448,CHP01992,景天三七,0.3627449877014489,22.0,22.0,4.0,1.0
1449,CHP02031,橘络,0.3627211822859092,8.0,8.0,1.0,0.0
1450,CHP02282,荔枝叶,0.3626024031341479,6.0,6.0,1.0,1.0
1451,CHP01126,甘薯,0.36225921476924255,8.0,8.0,1.0,1.0
1452,CHP00887,短瓣花,0.3620677159644319,14.0,14.0,2.0,2.0
1453,CHP01748,黄紫堇,0.3619372003189512,3.0,3.0,0.0,0.0
1454,CHP02130,苦绳,0.3619283057035666,3.0,3.0,0.0,0.0
1455,CHP03946,四季青,0.36184362296838396,17.0,17.0,4.0,4.0
1456,CHP03049,女贞子,0.36148937344706294,107.0,107.0,27.0,19.0
1457,CHP04021,锁阳,0.3614119051788638,2.0,2.0,0.0,0.0
1458,CHP01382,黑老虎,0.3613863934163166,48.0,48.0,12.0,11.0
1459,CHP05791,穿山甲,0.3612291756266436,3.0,3.0,0.0,0.0
1460,CHP00970,鄂北贝母,0.36106463261924254,8.0,8.0,2.0,2.0
1461,CHP01708,黄缅桂,0.3605885772621971,2.0,2.0,0.0,0.0
1462,CHP06099,红曲,0.36048741759553043,2.0,2.0,0.0,0.0
1463,CHP03541,山蒟,0.3601636022621972,2.0,2.0,0.0,0.0
1464,CHP01911,金果榄,0.3599805913258547,15.0,15.0,2.0,2.0
1465,CHP02298,连翘,0.35954166913608226,116.0,116.0,28.0,24.0
1466,CHP02469,鹿衔草,0.3593591439117317,11.0,11.0,3.0,2.0
1467,CHP02090,苦参,0.3590488499177535,94.0,94.0,17.0,10.0
1468,CHP02925,南瓜,0.35879840588048967,3.0,3.0,0.0,0.0
1469,CHP00994,番石榴叶,0.3587194876266435,3.0,3.0,0.0,0.0
1470,CHP05205,迎春花,0.35860975583679855,13.0,13.0,4.0,4.0
1471,CHP04052,唐古特青兰,0.3585631778455305,2.0,2.0,0.0,0.0
1472,CHP01167,高山黄华,0.35847158713414784,6.0,6.0,1.0,1.0
1473,CHP00428,春福寿草,0.3582181107035666,3.0,3.0,0.0,0.0
1474,CHP00694,地锦草,0.3579937271842993,38.0,38.0,8.0,8.0
1475,CHP02507,萝芙木,0.35794576127227273,28.0,28.0,6.0,5.0
1476,CHP04898,延龄草,0.35788661877938027,12.0,12.0,3.0,3.0
1477,CHP00261,扁桃斑鸠菊,0.3574415520121972,2.0,2.0,0.0,0.0
1478,CHP01242,谷精草,0.35740859441821216,20.0,20.0,5.0,5.0
1479,CHP01603,华泽兰,0.3573230876646901,34.0,34.0,11.0,11.0
1480,CHP00419,川芎,0.35682162144705376,127.0,127.0,30.0,21.0
1481,CHP01690,黄连,0.35679107303371665,24.0,24.0,5.0,5.0
1482,CHP05229,油柑叶,0.35677810875914784,6.0,6.0,1.0,1.0
1483,CHP05646,紫金牛,0.356613017302624,122.0,122.0,26.0,24.0
1484,CHP01073,凤仙透骨草,0.3565318309688458,46.0,46.0,11.0,9.0
1485,CHP01111,阜康阿魏根,0.35639497118508034,7.0,7.0,0.0,0.0
1486,CHP01916,金鸡纳,0.3562512672984225,24.0,24.0,6.0,2.0
1487,CHP05306,圆萼刺参,0.35587184317886383,2.0,2.0,0.0,0.0
1488,CHP02048,卷柏,0.35478506422418193,25.0,25.0,4.0,3.0
1489,CHP04765,薤白,0.3543792971189273,40.0,40.0,8.0,8.0
1490,CHP02983,牛蒡根,0.3543072247804897,3.0,3.0,0.0,0.0
1491,CHP02023,菊苣,0.3536857018038296,70.0,70.0,21.0,20.0
1492,CHP04065,桃仁,0.3536843471847118,72.0,72.0,22.0,21.0
1493,CHP00406,楮实子,0.3536434856062975,45.0,45.0,8.0,5.0
1494,CHP01180,藁本,0.35315497628396525,37.0,37.0,9.0,6.0
1495,CHP00227,北豆,0.353033540544091,16.0,16.0,2.0,1.0
1496,CHP01127,甘松,0.3529911707524394,50.0,50.0,8.0,8.0
1497,CHP00422,穿心莲,0.3526805090731488,100.0,100.0,22.0,16.0
1498,CHP01795,鸡屎藤,0.3524245794543637,35.0,35.0,8.0,6.0
1499,CHP01818,蒺藜,0.3514736134017219,75.0,75.0,20.0,17.0
1500,CHP02405,龙葵,0.3514087468022518,55.0,55.0,16.0,16.0
1501,CHP02254,雷公藤,0.351331204592683,257.0,257.0,60.0,55.0
1502,CHP04578,香薷,0.351239933563687,8.0,8.0,1.0,1.0
1503,CHP02412,龙舌兰,0.35107173584595697,28.0,28.0,6.0,5.0
1504,CHP02495,罗汉果,0.34841487560844975,102.0,102.0,26.0,19.0
1505,CHP02878,木槿花,0.34765853685741277,3.0,3.0,0.0,0.0
1506,CHP03635,芍药,0.3472653023875758,107.0,107.0,26.0,22.0
1507,CHP02591,马桑叶,0.34714154915331186,4.0,4.0,0.0,0.0
1508,CHP03214,茄子,0.3471293582303536,8.0,8.0,1.0,1.0
1509,CHP04106,天竺黄,0.34703486461517685,26.0,26.0,3.0,2.0
1510,CHP04612,象皮木,0.3469806491323183,10.0,10.0,1.0,1.0
1511,CHP01945,金铁锁,0.34654752715665293,12.0,12.0,3.0,3.0
1512,CHP00294,菜蓟,0.3463164668675976,4.0,4.0,0.0,0.0
1513,CHP02987,牛扁,0.3456453387804897,3.0,3.0,0.0,0.0
1514,CHP01398,黑种草,0.3454995274203745,7.0,7.0,1.0,0.0
1515,CHP04006,酸枣仁,0.3450772835012531,27.0,27.0,5.0,3.0
1516,CHP03082,佩兰,0.3447860379557444,59.0,59.0,15.0,8.0
1517,CHP00795,东北蛔蒿,0.34388085547279734,3.0,3.0,0.0,0.0
1518,CHP01829,蓟罂粟,0.34383317518508033,7.0,7.0,0.0,0.0
1519,CHP01029,肺形草,0.34354106294309106,5.0,5.0,0.0,0.0
1520,CHP05295,芋头,0.34340252101045465,4.0,4.0,0.0,0.0
1521,CHP00949,峨参,0.3430908086979372,16.0,16.0,3.0,3.0
1522,CHP00349,常春卫矛,0.34286998288414783,6.0,6.0,1.0,1.0
1523,CHP06047,熊胆,0.34225056225914785,6.0,6.0,1.0,1.0
1524,CHP03643,蛇床子,0.3422264724664056,55.0,55.0,8.0,3.0
1525,CHP00394,臭牡丹,0.3421819517104547,4.0,4.0,0.0,0.0
1526,CHP00617,丹参,0.34177382080059737,235.0,235.0,28.0,21.0
1527,CHP01045,风藤,0.3412825646378421,89.0,89.0,19.0,14.0
1528,CHP03587,山香圆,0.3410230161966479,6.0,6.0,1.0,1.0
1529,CHP00630,淡豆豉,0.3410225763801929,23.0,23.0,3.0,3.0
1530,CHP02842,牡丹皮,0.34079438222268005,67.0,67.0,12.0,11.0
1531,CHP01570,花生油,0.34058501185741274,3.0,3.0,0.0,0.0
1532,CHP01517,胡萝卜,0.3405460675059092,8.0,8.0,1.0,1.0
1533,CHP02406,龙葵根,0.3401582275111442,48.0,48.0,11.0,9.0
1534,CHP03663,射干,0.34004165688967625,63.0,63.0,14.0,10.0
1535,CHP00341,柴胡,0.33995791040856427,299.0,299.0,73.0,60.0
1536,CHP01679,黄荆叶,0.33914633947186257,31.0,31.0,4.0,4.0
1537,CHP01964,金樱子,0.3387269211844794,45.0,45.0,10.0,8.0
1538,CHP05778,蝉蜕,0.33859425189702036,8.0,8.0,1.0,0.0
1539,CHP01930,金牛草,0.33844762803952977,19.0,19.0,4.0,4.0
1540,CHP01187,葛花,0.33818929089556665,63.0,63.0,11.0,6.0
1541,CHP02520,落葵花,0.3380721725340193,9.0,9.0,2.0,2.0
1542,CHP01856,见血飞,0.33774953731895124,3.0,3.0,0.0,0.0
1543,CHP05195,罂粟壳,0.3373957973958743,3.0,3.0,0.0,0.0
1544,CHP02621,曼陀罗,0.3351511586527105,44.0,44.0,10.0,10.0
1545,CHP01340,海南粗榧,0.3350492515031818,36.0,36.0,5.0,3.0
1546,CHP03342,肉豆蔻,0.3341285894574085,57.0,57.0,9.0,7.0
1547,CHP01011,防己,0.33376948261855616,41.0,41.0,8.0,7.0
1548,CHP04920,岩筋菜,0.3336025695818833,4.0,4.0,0.0,0.0
1549,CHP02484,轮环藤,0.33347413972585466,15.0,15.0,1.0,1.0
1550,CHP02631,蔓荆子,0.33245666812804925,38.0,38.0,8.0,5.0
1551,CHP02547,麻黄根,0.3321141518111731,21.0,21.0,0.0,0.0
1552,CHP04404,五加皮,0.33180136029587426,3.0,3.0,0.0,0.0
1553,CHP04550,香柏,0.3317854211343358,3.0,3.0,0.0,0.0
1554,CHP04324,文冠果,0.33164201529616893,4.0,4.0,0.0,0.0
1555,CHP04667,小花鬼针草,0.33139097594664785,6.0,6.0,1.0,0.0
1556,CHP02869,木蝴蝶,0.3309157124826989,22.0,22.0,3.0,3.0
1557,CHP03256,青葙子,0.3306113584337988,18.0,18.0,4.0,4.0
1558,CHP03204,枪刀药,0.3303555601433254,28.0,28.0,5.0,2.0
1559,CHP00463,楤木,0.329970707296169,4.0,4.0,0.0,0.0
1560,CHP03696,十大功劳,0.32996389300665296,12.0,12.0,0.0,0.0
1561,CHP01236,枸杞子,0.32988826480528144,137.0,137.0,31.0,20.0
1562,CHP03094,披针叶野决明,0.3297422691364244,5.0,5.0,0.0,0.0
1563,CHP01561,花椒,0.3292928450949932,83.0,83.0,16.0,10.0
1564,CHP04466,豨莶草,0.3288488803476722,56.0,56.0,15.0,11.0
1565,CHP00150,白薇,0.3272827323215407,85.0,85.0,22.0,18.0
1566,CHP03656,蛇婆子,0.326827996288182,3.0,3.0,0.0,0.0
1567,CHP02250,了哥王根,0.326617053479198,7.0,7.0,0.0,0.0
1568,CHP04119,甜瓜蒂,0.32646518101045474,4.0,4.0,0.0,0.0
1569,CHP05840,海马,0.3264419203535666,3.0,3.0,0.0,0.0
1570,CHP06060,原蚕沙,0.32609290330289786,6.0,6.0,0.0,0.0
1571,CHP04459,西洋接骨木,0.3249152138675976,4.0,4.0,0.0,0.0
1572,CHP03218,秦艽,0.32418055517073235,26.0,26.0,3.0,3.0
1573,CHP00729,灯盏细辛,0.32404005597949503,17.0,17.0,1.0,0.0
1574,CHP04164,铁丝灵仙,0.3239312635060985,14.0,14.0,3.0,3.0
1575,CHP04047,檀香,0.32365392380125313,27.0,27.0,4.0,3.0
1576,CHP01983,荆芥,0.323460385971971,81.0,81.0,20.0,15.0
1577,CHP05194,罂粟,0.32196531359684505,7.0,7.0,0.0,0.0
1578,CHP04866,鸦胆子,0.3212523343702893,12.0,12.0,2.0,2.0
1579,CHP00252,萹蓄,0.3208614059535706,73.0,73.0,12.0,10.0
1580,CHP02327,两头尖,0.32004419136517687,26.0,26.0,4.0,4.0
1581,CHP06111,灵芝,0.319755994549305,283.0,283.0,74.0,68.0
1582,CHP01973,筋骨草,0.3192105626866605,39.0,39.0,9.0,9.0
1583,CHP02114,苦苣,0.3186050613615509,7.0,7.0,1.0,1.0
1584,CHP03266,清明花,0.3184661454097577,5.0,5.0,0.0,0.0
1585,CHP00093,白花蛇舌草,0.3184349878954708,46.0,46.0,9.0,9.0
1586,CHP02837,墨旱莲,0.3179692983658154,53.0,53.0,8.0,7.0
1587,CHP02544,麻根,0.31774768566539785,6.0,6.0,0.0,0.0
1588,CHP00595,大叶糖胶树,0.316545388520843,45.0,45.0,5.0,3.0
1589,CHP01096,浮萍,0.31624560191554923,38.0,38.0,6.0,6.0
1590,CHP02095,苦地丁,0.3162107275985504,27.0,27.0,2.0,1.0
1591,CHP04556,香附,0.31616915106203813,52.0,52.0,9.0,7.0
1592,CHP06136,猪苓,0.3159852955340192,9.0,9.0,1.0,1.0
1593,CHP02511,萝藦子,0.3156261102764244,5.0,5.0,0.0,0.0
1594,CHP05542,珠子草,0.3135518762672333,13.0,13.0,2.0,2.0
1595,CHP00586,大叶马尾连,0.3134687592672333,13.0,13.0,0.0,0.0
1596,CHP01958,金银花,0.31342448773916265,146.0,146.0,36.0,31.0
1597,CHP03682,升麻,0.31234781856004423,134.0,134.0,17.0,17.0
1598,CHP04818,续断,0.31180592918454547,97.0,97.0,22.0,20.0
1599,CHP00947,多足蕨,0.31158112240244035,9.0,9.0,1.0,1.0
1600,CHP02488,罗布麻,0.3113915148248348,12.0,12.0,1.0,1.0
1601,CHP01246,瓜蒌,0.31110523251731365,90.0,90.0,18.0,14.0
1602,CHP03179,千金藤,0.3106900888460072,41.0,41.0,3.0,2.0
1603,CHP04753,小芸木,0.3106388542247404,4.0,4.0,0.0,0.0
1604,CHP01836,荚蒾,0.30995943283275335,25.0,25.0,6.0,5.0
1605,CHP03373,三白草,0.3098394928965083,34.0,34.0,5.0,4.0
1606,CHP02904,木香,0.309307087453584,42.0,42.0,11.0,8.0
1607,CHP05304,圆柏,0.30871934674309104,5.0,5.0,0.0,0.0
1608,CHP01810,姬蕨,0.3080201773841479,6.0,6.0,0.0,0.0
1609,CHP05280,禹州漏芦,0.30792091104039787,6.0,6.0,0.0,0.0
1610,CHP02872,木姜子,0.30784940530813143,8.0,8.0,0.0,0.0
1611,CHP00884,杜仲,0.3074572322278565,85.0,85.0,16.0,12.0
1612,CHP06134,云芝,0.30740519739024486,16.0,16.0,2.0,0.0
1613,CHP02796,米仔兰,0.30715722166438025,12.0,12.0,2.0,2.0
1614,CHP05417,长春花,0.30567153044425116,95.0,95.0,12.0,7.0
1615,CHP04975,羊踯躅,0.3055344299858546,15.0,15.0,1.0,1.0
1616,CHP04828,旋覆花,0.30494134848279913,28.0,28.0,5.0,5.0
1617,CHP00456,刺五加,0.3046192848356566,53.0,53.0,12.0,12.0
1618,CHP03487,山橙,0.3044163281966479,6.0,6.0,0.0,0.0
1619,CHP03102,枇杷叶,0.30361681222168047,89.0,89.0,16.0,11.0
1620,CHP04897,延胡索,0.30301472338435737,19.0,19.0,1.0,0.0
1621,CHP05163,翼首草,0.3027073397560986,14.0,14.0,1.0,0.0
1622,CHP02304,莲房,0.3014925426097577,5.0,5.0,0.0,0.0
1623,CHP03975,松子仁,0.3005971544314546,15.0,15.0,1.0,1.0
1624,CHP02032,橘皮,0.3001321465380215,7.0,7.0,0.0,0.0
1625,CHP02314,莲子心,0.299002956197446,11.0,11.0,1.0,1.0
1626,CHP02803,密蒙花,0.29897567984991924,35.0,35.0,6.0,6.0
1627,CHP03363,瑞香,0.298716039729185,19.0,19.0,2.0,2.0
1628,CHP03718,石荠苎,0.29834236284146476,8.0,8.0,0.0,0.0
1629,CHP03258,青叶胆,0.29542969379815054,19.0,19.0,0.0,0.0
1630,CHP03180,千金子,0.2949015362073183,10.0,10.0,1.0,1.0
1631,CHP01007,防风,0.29474319799471593,38.0,38.0,4.0,2.0
1632,CHP00642,刀豆,0.2928843515756105,25.0,25.0,1.0,1.0
1633,CHP04372,无患子,0.2924789138702449,16.0,16.0,3.0,3.0
1634,CHP04717,小通草,0.29129446629776523,14.0,14.0,0.0,0.0
1635,CHP01472,红楠,0.29049668082164787,6.0,6.0,0.0,0.0
1636,CHP03328,忍冬藤,0.2890265213517833,16.0,16.0,2.0,2.0
1637,CHP00356,车前子,0.28873468267589164,42.0,42.0,8.0,8.0
1638,CHP02122,苦楝子,0.28660267767674064,31.0,31.0,3.0,2.0
1639,CHP01245,骨碎补,0.2855129114711993,37.0,37.0,2.0,2.0
1640,CHP00168,百部,0.2847708526682009,181.0,181.0,32.0,27.0
1641,CHP05283,玉兰,0.2835377431823401,44.0,44.0,4.0,4.0
1642,CHP00965,鹅掌楸,0.28297726887028934,12.0,12.0,0.0,0.0
1643,CHP03185,千年健,0.28232036729561044,25.0,25.0,2.0,2.0
1644,CHP04465,溪黄草,0.28226497736155093,7.0,7.0,0.0,0.0
1645,CHP05185,银杏,0.28119842387300703,42.0,42.0,6.0,5.0
1646,CHP00885,杜仲叶,0.28041115934923333,73.0,73.0,9.0,7.0
1647,CHP01222,狗牙花,0.27953182073811583,45.0,45.0,3.0,3.0
1648,CHP00720,地榆,0.2792122128309178,95.0,95.0,6.0,6.0
1649,CHP01130,甘遂,0.2791768254335118,63.0,63.0,12.0,10.0
1650,CHP01228,枸骨叶,0.27915907505826604,44.0,44.0,5.0,4.0
1651,CHP04231,土槿皮,0.27883189700427613,71.0,71.0,12.0,8.0
1652,CHP02618,满山红,0.2769710777348371,43.0,43.0,3.0,2.0
1653,CHP00957,鹅不食草,0.2769672967109554,49.0,49.0,7.0,6.0
1654,CHP01596,华千金藤,0.27661308184146477,8.0,8.0,0.0,0.0
1655,CHP00124,白茅根,0.2755949414006719,59.0,59.0,5.0,4.0
1656,CHP02155,款冬花,0.2752137638534872,79.0,79.0,15.0,10.0
1657,CHP04419,五味子,0.2730518257943388,239.0,239.0,26.0,23.0
1658,CHP02017,桔梗,0.26986273559859053,99.0,99.0,17.0,15.0
1659,CHP05477,知母,0.26793337700144915,91.0,91.0,12.0,10.0
1660,CHP05159,益智,0.267911314906653,12.0,12.0,1.0,1.0
1661,CHP00641,党参,0.2658717696499515,65.0,65.0,9.0,9.0
1662,CHP01076,凤眼草,0.2655066828970203,8.0,8.0,0.0,0.0
1663,CHP04458,西洋参,0.25980294444315877,49.0,49.0,5.0,4.0
1664,CHP01110,附子,0.2592872280895205,81.0,81.0,9.0,7.0
1665,CHP04054,唐松草,0.2563629232454662,68.0,68.0,2.0,2.0
1666,CHP02985,牛蒡子,0.2556201468111731,21.0,21.0,1.0,1.0
1667,CHP00137,白屈菜,0.25547434251597595,58.0,58.0,4.0,1.0
1668,CHP03192,牵牛子,0.25457574375808906,39.0,39.0,7.0,7.0
1669,CHP03591,山药,0.2544933940601819,25.0,25.0,2.0,2.0
1670,CHP04216,土贝母,0.25369928709254014,24.0,24.0,3.0,2.0
1671,CHP03319,人参,0.2532367175151548,128.0,128.0,16.0,10.0
1672,CHP04519,夏枯草,0.251235564501405,23.0,23.0,2.0,2.0
1673,CHP03398,三七花,0.2493211683278343,24.0,24.0,2.0,2.0
1674,CHP00240,荜澄茄,0.24890108184925508,62.0,62.0,8.0,5.0
1675,CHP02472,路路通,0.24775247490731828,10.0,10.0,0.0,0.0
1676,CHP03585,山香,0.24636353540028935,12.0,12.0,1.0,1.0
1677,CHP04174,通草,0.24633697674548133,24.0,24.0,0.0,0.0
1678,CHP00746,滇茜草,0.2453919942718626,31.0,31.0,2.0,2.0
1679,CHP00928,多花蒿,0.24476905765731827,10.0,10.0,0.0,0.0
1680,CHP03341,肉苁蓉,0.24098294942630222,64.0,64.0,9.0,9.0
1681,CHP03148,铺地蜈蚣,0.23797721610609857,14.0,14.0,0.0,0.0
1682,CHP03352,乳香,0.23693352942926857,77.0,77.0,9.0,7.0
1683,CHP02777,蒙自草胡椒,0.23619176316559817,9.0,9.0,0.0,0.0
1684,CHP03111,平贝母,0.22514446929842252,24.0,24.0,2.0,2.0
1685,CHP04359,乌药,0.22507425652228846,19.0,19.0,0.0,0.0
1686,CHP05066,野茉莉,0.22235627673392572,12.0,12.0,0.0,0.0
1687,CHP00229,北沙参,0.22088452915692494,105.0,105.0,10.0,7.0
1688,CHP02585,马钱子,0.21729456197441563,39.0,39.0,4.0,3.0
1689,CHP02748,没药,0.21641781084633344,291.0,291.0,34.0,33.0
1690,CHP05380,泽泻,0.21626998097489314,24.0,24.0,1.0,1.0
1691,CHP03024,牛膝,0.21618700758224632,162.0,162.0,17.0,16.0
1692,CHP00939,多伞阿魏,0.2144573735975621,12.0,12.0,0.0,0.0
1693,CHP05124,夜来香,0.21405689549060614,17.0,17.0,1.0,1.0
1694,CHP03649,蛇菰,0.21081502945332295,19.0,19.0,0.0,0.0
1695,CHP01886,绞股蓝,0.20977209665691196,247.0,247.0,15.0,14.0
1696,CHP03683,生姜,0.20850678170054546,75.0,75.0,6.0,4.0
1697,CHP00824,冬凌草,0.2051634915524394,50.0,50.0,3.0,1.0
1698,CHP03673,肾茶,0.20460247092287476,27.0,27.0,0.0,0.0
1699,CHP02416,龙须藤,0.20352728765122016,28.0,28.0,1.0,0.0
1700,CHP06090,茯苓,0.19167707687865915,30.0,30.0,1.0,1.0
1701,CHP01580,华东膜蕨,0.15164191128703902,25.0,25.0,0.0,0.0
