rank,CHP_ID,Chinese_herbal_pieces,ultra_high_count,total_compounds,effective_count,high_quality_count,ultra_high_count
1,CHP01416,红豆杉,211.0,548.0,548.0,221.0,211.0
2,CHP04552,香茶菜,173.0,463.0,463.0,177.0,173.0
3,CHP00014,艾叶,127.0,397.0,397.0,158.0,127.0
4,CHP00417,川乌,86.0,268.0,268.0,92.0,86.0
5,CHP01118,甘草,82.0,341.0,341.0,120.0,82.0
6,CHP00689,地黄,81.0,285.0,285.0,91.0,81.0
7,CHP00984,番荔枝,80.0,285.0,285.0,91.0,80.0
8,CHP00030,八角茴香,75.0,266.0,266.0,85.0,75.0
9,CHP06111,灵芝,68.0,283.0,283.0,74.0,68.0
10,CHP00162,白芷,67.0,307.0,307.0,96.0,67.0
11,CHP00412,川贝母,66.0,228.0,228.0,74.0,66.0
12,CHP00355,车前草,63.0,197.0,197.0,74.0,63.0
13,CHP00341,柴胡,60.0,299.0,299.0,73.0,60.0
14,CHP00948,莪术,58.0,226.0,226.0,64.0,58.0
15,CHP00360,沉香,57.0,259.0,259.0,75.0,57.0
16,CHP00216,薄荷,57.0,252.0,252.0,71.0,57.0
17,CHP02254,雷公藤,55.0,257.0,257.0,60.0,55.0
18,CHP01898,芥子,55.0,136.0,136.0,59.0,55.0
19,CHP00274,槟榔,54.0,172.0,172.0,66.0,54.0
20,CHP00812,冬瓜皮,54.0,174.0,174.0,70.0,54.0
21,CHP05675,紫杉,54.0,102.0,102.0,54.0,54.0
22,CHP00333,茶叶,51.0,125.0,125.0,58.0,51.0
23,CHP00209,半夏,51.0,155.0,155.0,57.0,51.0
24,CHP00543,板蓝根,50.0,193.0,193.0,64.0,50.0
25,CHP00608,大枣,49.0,164.0,164.0,56.0,49.0
26,CHP00019,安息香,48.0,171.0,171.0,62.0,48.0
27,CHP00513,大黄,47.0,205.0,205.0,65.0,47.0
28,CHP01515,胡椒,47.0,134.0,134.0,51.0,47.0
29,CHP01717,黄芪,46.0,171.0,171.0,49.0,46.0
30,CHP01206,钩藤,45.0,174.0,174.0,47.0,45.0
31,CHP00638,当归,45.0,171.0,171.0,57.0,45.0
32,CHP01516,胡芦巴,45.0,144.0,144.0,47.0,45.0
33,CHP01681,黄荆子,41.0,103.0,103.0,42.0,41.0
34,CHP00039,巴戟天,38.0,153.0,153.0,62.0,38.0
35,CHP00003,阿魏,38.0,133.0,133.0,44.0,38.0
36,CHP03397,三七,37.0,117.0,117.0,46.0,37.0
37,CHP02037,蒟蒻薯,37.0,71.0,71.0,37.0,37.0
38,CHP02172,辣椒,37.0,108.0,108.0,46.0,37.0
39,CHP00121,白毛藤,37.0,121.0,121.0,41.0,37.0
40,CHP00170,百合,36.0,137.0,137.0,44.0,36.0
41,CHP00779,丁香,36.0,137.0,137.0,40.0,36.0
42,CHP05190,淫羊藿,36.0,165.0,165.0,46.0,36.0
43,CHP03229,青蒿,35.0,120.0,120.0,35.0,35.0
44,CHP00037,巴豆,35.0,137.0,137.0,48.0,35.0
45,CHP02098,苦丁茶,35.0,127.0,127.0,36.0,35.0
46,CHP00306,藏红花,35.0,134.0,134.0,42.0,35.0
47,CHP00032,八角莲,35.0,138.0,138.0,44.0,35.0
48,CHP00303,苍术,35.0,111.0,111.0,40.0,35.0
49,CHP00612,代代花,34.0,96.0,96.0,36.0,34.0
50,CHP00288,补骨脂,34.0,181.0,181.0,49.0,34.0
51,CHP01058,蜂斗菜,34.0,94.0,94.0,41.0,34.0
52,CHP05319,远志,33.0,120.0,120.0,36.0,33.0
53,CHP02748,没药,33.0,291.0,291.0,34.0,33.0
54,CHP00142,白术,32.0,118.0,118.0,36.0,32.0
55,CHP04565,香加皮,32.0,106.0,106.0,32.0,32.0
56,CHP00519,大戟,32.0,107.0,107.0,39.0,32.0
57,CHP00258,扁豆,31.0,93.0,93.0,38.0,31.0
58,CHP00088,白花菜子,31.0,94.0,94.0,35.0,31.0
59,CHP01958,金银花,31.0,146.0,146.0,36.0,31.0
60,CHP03202,羌活,31.0,102.0,102.0,34.0,31.0
61,CHP01425,红花,31.0,114.0,114.0,34.0,31.0
62,CHP00187,败酱草,31.0,70.0,70.0,38.0,31.0
63,CHP00212,半枝莲,31.0,113.0,113.0,37.0,31.0
64,CHP01623,槐花,30.0,112.0,112.0,37.0,30.0
65,CHP01508,厚朴,30.0,121.0,121.0,46.0,30.0
66,CHP00672,地耳草,29.0,98.0,98.0,42.0,29.0
67,CHP00151,白鲜皮,29.0,117.0,117.0,30.0,29.0
68,CHP02119,苦楝皮,28.0,87.0,87.0,29.0,28.0
69,CHP01374,黑豆,27.0,120.0,120.0,35.0,27.0
70,CHP00168,百部,27.0,181.0,181.0,32.0,27.0
71,CHP05782,蟾酥,26.0,71.0,71.0,26.0,26.0
72,CHP01146,干姜,26.0,106.0,106.0,29.0,26.0
73,CHP00048,菝葜,26.0,90.0,90.0,33.0,26.0
74,CHP01334,海带,26.0,65.0,65.0,28.0,26.0
75,CHP03630,商陆,26.0,93.0,93.0,27.0,26.0
76,CHP03665,伸筋草,25.0,43.0,43.0,29.0,25.0
77,CHP00106,白蜡树皮,25.0,82.0,82.0,30.0,25.0
78,CHP02568,马兜铃,25.0,85.0,85.0,26.0,25.0
79,CHP05051,野菊花,25.0,54.0,54.0,25.0,25.0
80,CHP01824,荠菜,25.0,51.0,51.0,26.0,25.0
81,CHP02298,连翘,24.0,116.0,116.0,28.0,24.0
82,CHP04075,藤黄,24.0,96.0,96.0,43.0,24.0
83,CHP03444,沙棘,24.0,90.0,90.0,33.0,24.0
84,CHP00300,苍耳子,24.0,71.0,71.0,30.0,24.0
85,CHP01543,槲寄生,24.0,61.0,61.0,25.0,24.0
86,CHP01514,胡黄连,24.0,74.0,74.0,24.0,24.0
87,CHP00361,陈皮,24.0,103.0,103.0,36.0,24.0
88,CHP05157,益母草,24.0,69.0,69.0,26.0,24.0
89,CHP05646,紫金牛,24.0,122.0,122.0,26.0,24.0
90,CHP02566,马齿苋,24.0,64.0,64.0,24.0,24.0
91,CHP02400,龙胆草,23.0,65.0,65.0,24.0,23.0
92,CHP04419,五味子,23.0,239.0,239.0,26.0,23.0
93,CHP00059,白菖,23.0,61.0,61.0,27.0,23.0
94,CHP00431,椿皮,23.0,95.0,95.0,24.0,23.0
95,CHP00241,萆薢,23.0,74.0,74.0,25.0,23.0
96,CHP01449,红景天,23.0,44.0,44.0,26.0,23.0
97,CHP02909,木竹子,23.0,64.0,64.0,35.0,23.0
98,CHP05478,栀子,23.0,48.0,48.0,23.0,23.0
99,CHP00819,冬葵果,23.0,80.0,80.0,24.0,23.0
100,CHP00201,半边莲,23.0,96.0,96.0,27.0,23.0
101,CHP01834,夹竹桃,22.0,58.0,58.0,23.0,22.0
102,CHP00455,刺桐,22.0,104.0,104.0,42.0,22.0
103,CHP00146,白头翁,22.0,93.0,93.0,29.0,22.0
104,CHP00071,白饭豆,22.0,51.0,51.0,22.0,22.0
105,CHP02176,辣木,22.0,118.0,118.0,28.0,22.0
106,CHP02901,木通,22.0,62.0,62.0,23.0,22.0
107,CHP03635,芍药,22.0,107.0,107.0,26.0,22.0
108,CHP02656,猫须草,22.0,49.0,49.0,22.0,22.0
109,CHP02125,苦木,22.0,62.0,62.0,22.0,22.0
110,CHP04083,天冬,22.0,54.0,54.0,23.0,22.0
111,CHP05805,蜂胶,22.0,83.0,83.0,30.0,22.0
112,CHP03716,石斛,21.0,74.0,74.0,24.0,21.0
113,CHP03698,十大功劳叶,21.0,67.0,67.0,21.0,21.0
114,CHP02297,连钱草,21.0,61.0,61.0,23.0,21.0
115,CHP00617,丹参,21.0,235.0,235.0,28.0,21.0
116,CHP00458,葱白,21.0,70.0,70.0,27.0,21.0
117,CHP06127,树舌,21.0,46.0,46.0,22.0,21.0
118,CHP02546,麻黄,21.0,88.0,88.0,28.0,21.0
119,CHP03423,桑白皮,21.0,147.0,147.0,41.0,21.0
120,CHP00419,川芎,21.0,127.0,127.0,30.0,21.0
121,CHP04065,桃仁,21.0,72.0,72.0,22.0,21.0
122,CHP00326,侧柏叶,21.0,90.0,90.0,29.0,21.0
123,CHP00322,草乌,21.0,79.0,79.0,22.0,21.0
124,CHP00415,川木通,20.0,96.0,96.0,32.0,20.0
125,CHP02023,菊苣,20.0,70.0,70.0,21.0,20.0
126,CHP00114,白蔹,20.0,102.0,102.0,25.0,20.0
127,CHP01236,枸杞子,20.0,137.0,137.0,31.0,20.0
128,CHP03461,砂仁,20.0,64.0,64.0,22.0,20.0
129,CHP00408,楮树根,20.0,46.0,46.0,27.0,20.0
130,CHP04818,续断,20.0,97.0,97.0,22.0,20.0
131,CHP02756,梅花,20.0,64.0,64.0,27.0,20.0
132,CHP03175,千层塔,20.0,65.0,65.0,20.0,20.0
133,CHP02495,罗汉果,19.0,102.0,102.0,26.0,19.0
134,CHP05489,止泻木皮,19.0,43.0,43.0,22.0,19.0
135,CHP04842,雪山林,19.0,39.0,39.0,19.0,19.0
136,CHP05255,余甘子,19.0,48.0,48.0,19.0,19.0
137,CHP05376,泽兰,19.0,45.0,45.0,20.0,19.0
138,CHP03439,沙参,19.0,44.0,44.0,22.0,19.0
139,CHP00076,白附子,19.0,58.0,58.0,23.0,19.0
140,CHP03049,女贞子,19.0,107.0,107.0,27.0,19.0
141,CHP00470,翠雀花,19.0,52.0,52.0,21.0,19.0
142,CHP00424,垂盆草,19.0,67.0,67.0,25.0,19.0
143,CHP02131,苦树皮,19.0,58.0,58.0,20.0,19.0
144,CHP01771,藿香,19.0,72.0,72.0,28.0,19.0
145,CHP01801,鸡血藤,19.0,96.0,96.0,27.0,19.0
146,CHP00557,大蒜,18.0,80.0,80.0,24.0,18.0
147,CHP02063,开口箭,18.0,50.0,50.0,19.0,18.0
148,CHP02057,蕨菜,18.0,47.0,47.0,19.0,18.0
149,CHP05992,人中白,18.0,83.0,83.0,25.0,18.0
150,CHP01207,钩吻,18.0,77.0,77.0,28.0,18.0
151,CHP01104,福寿草,18.0,20.0,20.0,18.0,18.0
152,CHP00857,独活,18.0,108.0,108.0,31.0,18.0
153,CHP02019,菊花,18.0,81.0,81.0,20.0,18.0
154,CHP00150,白薇,18.0,85.0,85.0,22.0,18.0
155,CHP03193,前胡,18.0,85.0,85.0,25.0,18.0
156,CHP02808,绵萆薢,17.0,53.0,53.0,17.0,17.0
157,CHP03104,啤酒花,17.0,54.0,54.0,22.0,17.0
158,CHP01999,九里香,17.0,104.0,104.0,24.0,17.0
159,CHP00140,白首乌,17.0,40.0,40.0,17.0,17.0
160,CHP01143,干地黄,17.0,21.0,21.0,17.0,17.0
161,CHP05402,獐牙菜,17.0,37.0,37.0,19.0,17.0
162,CHP00520,大蓟,17.0,69.0,69.0,20.0,17.0
163,CHP03682,升麻,17.0,134.0,134.0,17.0,17.0
164,CHP01630,黄柏,17.0,54.0,54.0,18.0,17.0
165,CHP01367,核桃仁,17.0,58.0,58.0,21.0,17.0
166,CHP01114,覆盆子,17.0,52.0,52.0,23.0,17.0
167,CHP01818,蒺藜,17.0,75.0,75.0,20.0,17.0
168,CHP02443,芦荟,17.0,65.0,65.0,18.0,17.0
169,CHP05682,紫檀,17.0,36.0,36.0,19.0,17.0
170,CHP00090,白花丹,16.0,45.0,45.0,21.0,16.0
171,CHP01185,葛根,16.0,43.0,43.0,16.0,16.0
172,CHP01780,鸡骨草,16.0,47.0,47.0,16.0,16.0
173,CHP01968,金盏菊,16.0,44.0,44.0,16.0,16.0
174,CHP03491,山慈菇,16.0,50.0,50.0,19.0,16.0
175,CHP03024,牛膝,16.0,162.0,162.0,17.0,16.0
176,CHP01042,风轮菜,16.0,40.0,40.0,16.0,16.0
177,CHP01065,凤尾草,16.0,56.0,56.0,17.0,16.0
178,CHP02405,龙葵,16.0,55.0,55.0,16.0,16.0
179,CHP00422,穿心莲,16.0,100.0,100.0,22.0,16.0
180,CHP06091,茯苓皮,16.0,39.0,39.0,16.0,16.0
181,CHP01477,红芪,16.0,47.0,47.0,19.0,16.0
182,CHP04838,雪莲,16.0,26.0,26.0,16.0,16.0
183,CHP00135,白前,16.0,78.0,78.0,21.0,16.0
184,CHP01326,桂枝,16.0,57.0,57.0,21.0,16.0
185,CHP02030,橘红,15.0,52.0,52.0,19.0,15.0
186,CHP02017,桔梗,15.0,99.0,99.0,17.0,15.0
187,CHP03323,人参叶,15.0,75.0,75.0,18.0,15.0
188,CHP02528,绿豆,15.0,38.0,38.0,18.0,15.0
189,CHP01871,降香,15.0,94.0,94.0,26.0,15.0
190,CHP03979,苏木,15.0,50.0,50.0,22.0,15.0
191,CHP01273,贯众,15.0,37.0,37.0,16.0,15.0
192,CHP00238,荜茇,15.0,75.0,75.0,19.0,15.0
193,CHP00775,丁公藤,15.0,60.0,60.0,19.0,15.0
194,CHP00350,常山,15.0,67.0,67.0,19.0,15.0
195,CHP01983,荆芥,15.0,81.0,81.0,20.0,15.0
196,CHP00313,草苁蓉,15.0,36.0,36.0,15.0,15.0
197,CHP00384,赤小豆,15.0,52.0,52.0,15.0,15.0
198,CHP03609,山茱萸,15.0,71.0,71.0,23.0,15.0
199,CHP02863,木瓜,15.0,41.0,41.0,18.0,15.0
200,CHP01193,葛蕈,15.0,16.0,16.0,15.0,15.0
201,CHP00989,番茄,15.0,53.0,53.0,15.0,15.0
202,CHP01211,狗脊,15.0,29.0,29.0,21.0,15.0
203,CHP00726,灯心草,14.0,37.0,37.0,18.0,14.0
204,CHP00108,白兰花,14.0,63.0,63.0,32.0,14.0
205,CHP00315,草豆蔻,14.0,37.0,37.0,16.0,14.0
206,CHP01246,瓜蒌,14.0,90.0,90.0,18.0,14.0
207,CHP04525,仙茅,14.0,60.0,60.0,16.0,14.0
208,CHP05377,泽漆,14.0,39.0,39.0,15.0,14.0
209,CHP00793,东北刺人参,14.0,16.0,16.0,14.0,14.0
210,CHP04824,玄参,14.0,21.0,21.0,15.0,14.0
211,CHP05261,鱼藤,14.0,40.0,40.0,20.0,14.0
212,CHP01886,绞股蓝,14.0,247.0,247.0,15.0,14.0
213,CHP03134,蒲公英,14.0,34.0,34.0,18.0,14.0
214,CHP05515,重楼,14.0,31.0,31.0,14.0,14.0
215,CHP01045,风藤,14.0,89.0,89.0,19.0,14.0
216,CHP01809,积雪草,14.0,41.0,41.0,14.0,14.0
217,CHP00816,冬瓜子,14.0,39.0,39.0,16.0,14.0
218,CHP04313,尾叶香茶菜,14.0,35.0,35.0,14.0,14.0
219,CHP02604,买麻藤,13.0,39.0,39.0,14.0,13.0
220,CHP00421,穿龙薯蓣,13.0,37.0,37.0,17.0,13.0
221,CHP02161,昆明山海棠,13.0,44.0,44.0,14.0,13.0
222,CHP03372,赛莨菪,13.0,44.0,44.0,13.0,13.0
223,CHP01864,姜黄,13.0,48.0,48.0,16.0,13.0
224,CHP05186,银杏叶,13.0,44.0,44.0,14.0,13.0
225,CHP02391,六棱菊,13.0,28.0,28.0,13.0,13.0
226,CHP00186,柏子仁,13.0,47.0,47.0,20.0,13.0
227,CHP00441,刺柏,13.0,37.0,37.0,16.0,13.0
228,CHP02638,芒果,13.0,36.0,36.0,14.0,13.0
229,CHP02180,莱菔子,13.0,34.0,34.0,15.0,13.0
230,CHP00844,豆蔻,13.0,66.0,66.0,16.0,13.0
231,CHP02219,莨菪叶,13.0,38.0,38.0,14.0,13.0
232,CHP02272,藜芦,13.0,38.0,38.0,13.0,13.0
233,CHP01260,关黄柏,13.0,70.0,70.0,15.0,13.0
234,CHP02750,玫瑰花,13.0,49.0,49.0,17.0,13.0
235,CHP04807,绣线菊,13.0,33.0,33.0,14.0,13.0
236,CHP01656,黄花夹竹桃,13.0,37.0,37.0,14.0,13.0
237,CHP04764,缬草,13.0,31.0,31.0,15.0,13.0
238,CHP01745,黄药子,13.0,64.0,64.0,18.0,13.0
239,CHP03434,桑枝,13.0,35.0,35.0,15.0,13.0
240,CHP03808,鼠尾草,12.0,59.0,59.0,15.0,12.0
241,CHP01408,红参,12.0,53.0,53.0,13.0,12.0
242,CHP00456,刺五加,12.0,53.0,53.0,12.0,12.0
243,CHP00884,杜仲,12.0,85.0,85.0,16.0,12.0
244,CHP00206,半边苏,12.0,35.0,35.0,14.0,12.0
245,CHP02606,麦冬,12.0,70.0,70.0,12.0,12.0
246,CHP03198,茜草,12.0,74.0,74.0,14.0,12.0
247,CHP00444,刺果苏木,12.0,36.0,36.0,12.0,12.0
248,CHP00673,地枫皮,12.0,56.0,56.0,13.0,12.0
249,CHP02562,马鞭草,12.0,42.0,42.0,14.0,12.0
250,CHP03500,山豆根,12.0,52.0,52.0,12.0,12.0
251,CHP02676,毛萼香茶菜,12.0,39.0,39.0,15.0,12.0
252,CHP05370,皂荚,12.0,22.0,22.0,12.0,12.0
253,CHP00228,北豆根,12.0,72.0,72.0,15.0,12.0
254,CHP05248,柚花,12.0,21.0,21.0,12.0,12.0
255,CHP01310,鬼箭羽,11.0,42.0,42.0,14.0,11.0
256,CHP01414,红豆蔻,11.0,42.0,42.0,14.0,11.0
257,CHP01382,黑老虎,11.0,48.0,48.0,12.0,11.0
258,CHP05896,僵蚕,11.0,26.0,26.0,12.0,11.0
259,CHP05676,紫苏,11.0,38.0,38.0,13.0,11.0
260,CHP04095,天南星,11.0,42.0,42.0,13.0,11.0
261,CHP01357,何首乌,11.0,34.0,34.0,13.0,11.0
262,CHP00660,稻草,11.0,27.0,27.0,11.0,11.0
263,CHP01603,华泽兰,11.0,34.0,34.0,11.0,11.0
264,CHP00597,大叶仙茅,11.0,24.0,24.0,11.0,11.0
265,CHP03102,枇杷叶,11.0,89.0,89.0,16.0,11.0
266,CHP01923,金莲花,11.0,38.0,38.0,11.0,11.0
267,CHP05680,紫苏子,11.0,22.0,22.0,13.0,11.0
268,CHP06089,冬虫夏草,11.0,17.0,17.0,11.0,11.0
269,CHP04225,土茯苓,11.0,27.0,27.0,11.0,11.0
270,CHP04178,通关藤,11.0,21.0,21.0,11.0,11.0
271,CHP02367,琉璃草,11.0,27.0,27.0,12.0,11.0
272,CHP04466,豨莶草,11.0,56.0,56.0,15.0,11.0
273,CHP01519,胡萝卜子,11.0,43.0,43.0,14.0,11.0
274,CHP03997,酸浆,11.0,35.0,35.0,12.0,11.0
275,CHP02842,牡丹皮,11.0,67.0,67.0,12.0,11.0
276,CHP00416,川木香,11.0,29.0,29.0,11.0,11.0
277,CHP02355,铃兰,10.0,20.0,20.0,10.0,10.0
278,CHP04389,吴茱萸,10.0,56.0,56.0,11.0,10.0
279,CHP04473,细葛缕子,10.0,30.0,30.0,10.0,10.0
280,CHP02440,漏芦,10.0,26.0,26.0,10.0,10.0
281,CHP02441,芦根,10.0,24.0,24.0,12.0,10.0
282,CHP02155,款冬花,10.0,79.0,79.0,15.0,10.0
283,CHP02090,苦参,10.0,94.0,94.0,17.0,10.0
284,CHP04987,杨梅树皮,10.0,21.0,21.0,10.0,10.0
285,CHP03319,人参,10.0,128.0,128.0,16.0,10.0
286,CHP04326,文殊兰,10.0,60.0,60.0,20.0,10.0
287,CHP02056,决明子,10.0,56.0,56.0,14.0,10.0
288,CHP00906,堆心菊,10.0,25.0,25.0,11.0,10.0
289,CHP04173,葶苈子,10.0,39.0,39.0,10.0,10.0
290,CHP02337,辽东楤木,10.0,19.0,19.0,10.0,10.0
291,CHP02898,木天蓼,10.0,25.0,25.0,10.0,10.0
292,CHP00762,吊干麻,10.0,22.0,22.0,12.0,10.0
293,CHP01608,化橘红,10.0,33.0,33.0,14.0,10.0
294,CHP05322,月季花,10.0,11.0,11.0,10.0,10.0
295,CHP03664,麝香草,10.0,21.0,21.0,10.0,10.0
296,CHP03663,射干,10.0,63.0,63.0,14.0,10.0
297,CHP01370,鹤虱,10.0,29.0,29.0,13.0,10.0
298,CHP00678,地骨皮,10.0,34.0,34.0,12.0,10.0
299,CHP03871,水龙骨,10.0,25.0,25.0,10.0,10.0
300,CHP00872,独一味,10.0,26.0,26.0,10.0,10.0
301,CHP04834,雪胆,10.0,15.0,15.0,10.0,10.0
302,CHP01561,花椒,10.0,83.0,83.0,16.0,10.0
303,CHP05477,知母,10.0,91.0,91.0,12.0,10.0
304,CHP00327,侧柏枝节,10.0,42.0,42.0,12.0,10.0
305,CHP00252,萹蓄,10.0,73.0,73.0,12.0,10.0
306,CHP04647,小构树,10.0,21.0,21.0,12.0,10.0
307,CHP02621,曼陀罗,10.0,44.0,44.0,10.0,10.0
308,CHP00246,蓖麻子,10.0,37.0,37.0,12.0,10.0
309,CHP01356,合欢皮,10.0,35.0,35.0,13.0,10.0
310,CHP00797,东北雷公藤,10.0,38.0,38.0,13.0,10.0
311,CHP01130,甘遂,10.0,63.0,63.0,12.0,10.0
312,CHP00100,白胶香,10.0,20.0,20.0,10.0,10.0
313,CHP00099,白及,10.0,78.0,78.0,24.0,10.0
314,CHP00191,斑鸠菊,9.0,22.0,22.0,9.0,9.0
315,CHP00068,白杜鹃花,9.0,18.0,18.0,10.0,9.0
316,CHP00011,艾纳香,9.0,18.0,18.0,9.0,9.0
317,CHP00093,白花蛇舌草,9.0,46.0,46.0,9.0,9.0
318,CHP04280,晚香玉,9.0,19.0,19.0,9.0,9.0
319,CHP04306,威灵仙,9.0,40.0,40.0,11.0,9.0
320,CHP00062,白刺花,9.0,21.0,21.0,10.0,9.0
321,CHP05687,紫菀,9.0,28.0,28.0,10.0,9.0
322,CHP01073,凤仙透骨草,9.0,46.0,46.0,11.0,9.0
323,CHP04413,五色梅,9.0,23.0,23.0,10.0,9.0
324,CHP00403,除虫菊,9.0,16.0,16.0,9.0,9.0
325,CHP00641,党参,9.0,65.0,65.0,9.0,9.0
326,CHP00386,赤杨,9.0,31.0,31.0,11.0,9.0
327,CHP00305,藏边大黄,9.0,28.0,28.0,11.0,9.0
328,CHP00316,草果,9.0,29.0,29.0,10.0,9.0
329,CHP01973,筋骨草,9.0,39.0,39.0,9.0,9.0
330,CHP03341,肉苁蓉,9.0,64.0,64.0,9.0,9.0
331,CHP03704,石菖蒲,9.0,45.0,45.0,13.0,9.0
332,CHP00362,柽柳,9.0,53.0,53.0,12.0,9.0
333,CHP01338,海金砂,9.0,28.0,28.0,12.0,9.0
334,CHP01756,茴芹,9.0,25.0,25.0,9.0,9.0
335,CHP01741,黄杨,9.0,25.0,25.0,9.0,9.0
336,CHP02009,韭菜子,9.0,19.0,19.0,10.0,9.0
337,CHP01296,广金钱草,9.0,21.0,21.0,13.0,9.0
338,CHP03605,山楂叶,9.0,29.0,29.0,10.0,9.0
339,CHP01091,佛手,9.0,51.0,51.0,12.0,9.0
340,CHP01344,海藻,9.0,38.0,38.0,11.0,9.0
341,CHP04595,香樟,9.0,15.0,15.0,11.0,9.0
342,CHP03768,使君子,9.0,25.0,25.0,14.0,9.0
343,CHP02489,罗布麻叶,9.0,25.0,25.0,11.0,9.0
344,CHP03178,千斤拔,9.0,37.0,37.0,13.0,9.0
345,CHP02406,龙葵根,9.0,48.0,48.0,11.0,9.0
346,CHP03182,千里光,9.0,35.0,35.0,11.0,9.0
347,CHP02896,木棉花,9.0,47.0,47.0,13.0,9.0
348,CHP02222,老鹳草,9.0,22.0,22.0,10.0,9.0
349,CHP00173,百里香,9.0,23.0,23.0,12.0,9.0
350,CHP00356,车前子,8.0,42.0,42.0,8.0,8.0
351,CHP01127,甘松,8.0,50.0,50.0,8.0,8.0
352,CHP01813,吉祥草,8.0,20.0,20.0,8.0,8.0
353,CHP05112,叶底珠,8.0,18.0,18.0,8.0,8.0
354,CHP03657,蛇葡萄,8.0,21.0,21.0,8.0,8.0
355,CHP00298,苍耳,8.0,17.0,17.0,10.0,8.0
356,CHP00875,杜茎山,8.0,25.0,25.0,9.0,8.0
357,CHP00296,蚕豆,8.0,19.0,19.0,9.0,8.0
358,CHP00694,地锦草,8.0,38.0,38.0,8.0,8.0
359,CHP01669,黄花远志,8.0,21.0,21.0,11.0,8.0
360,CHP02137,苦玄参,8.0,20.0,20.0,8.0,8.0
361,CHP02500,罗汉松实,8.0,17.0,17.0,8.0,8.0
362,CHP01161,高良姜,8.0,51.0,51.0,10.0,8.0
363,CHP00987,番木瓜,8.0,24.0,24.0,8.0,8.0
364,CHP04482,细辛,8.0,23.0,23.0,12.0,8.0
365,CHP00414,川鄂淫羊藿,8.0,11.0,11.0,8.0,8.0
366,CHP01773,鸡肠狼毒,8.0,18.0,18.0,9.0,8.0
367,CHP00467,粗叶悬钩子,8.0,21.0,21.0,10.0,8.0
368,CHP02060,爵床,8.0,29.0,29.0,9.0,8.0
369,CHP00990,番石榴,8.0,12.0,12.0,9.0,8.0
370,CHP00049,霸王鞭,8.0,20.0,20.0,9.0,8.0
371,CHP06100,猴头菇,8.0,19.0,19.0,10.0,8.0
372,CHP02498,罗汉松,8.0,18.0,18.0,9.0,8.0
373,CHP00060,白车轴草,8.0,26.0,26.0,12.0,8.0
374,CHP05623,紫草,8.0,20.0,20.0,9.0,8.0
375,CHP02554,麻牛膝,8.0,15.0,15.0,8.0,8.0
376,CHP05615,梓叶,8.0,21.0,21.0,8.0,8.0
377,CHP02904,木香,8.0,42.0,42.0,11.0,8.0
378,CHP03771,柿蒂,8.0,39.0,39.0,10.0,8.0
379,CHP03082,佩兰,8.0,59.0,59.0,15.0,8.0
380,CHP01288,光叶巴豆,8.0,24.0,24.0,9.0,8.0
381,CHP03767,莳萝子,8.0,8.0,8.0,8.0,8.0
382,CHP01964,金樱子,8.0,45.0,45.0,10.0,8.0
383,CHP04765,薤白,8.0,40.0,40.0,8.0,8.0
384,CHP00485,大丁草,8.0,28.0,28.0,12.0,8.0
385,CHP03383,三尖杉,8.0,37.0,37.0,9.0,8.0
386,CHP01272,贯叶连翘,8.0,32.0,32.0,12.0,8.0
387,CHP04231,土槿皮,8.0,71.0,71.0,12.0,8.0
388,CHP02342,裂果薯,8.0,17.0,17.0,8.0,8.0
389,CHP02418,龙血树,8.0,22.0,22.0,9.0,8.0
390,CHP01723,黄芩,8.0,46.0,46.0,8.0,8.0
391,CHP04848,血风藤,7.0,10.0,10.0,9.0,7.0
392,CHP04902,芫荽子,7.0,17.0,17.0,7.0,7.0
393,CHP05105,野芝麻根,7.0,8.0,8.0,8.0,7.0
394,CHP01019,飞燕草,7.0,17.0,17.0,7.0,7.0
395,CHP03561,山柰,7.0,20.0,20.0,8.0,7.0
396,CHP01011,防己,7.0,41.0,41.0,8.0,7.0
397,CHP05704,紫玉盘,7.0,21.0,21.0,8.0,7.0
398,CHP05104,野芝麻,7.0,43.0,43.0,15.0,7.0
399,CHP00229,北沙参,7.0,105.0,105.0,10.0,7.0
400,CHP05417,长春花,7.0,95.0,95.0,12.0,7.0
401,CHP00885,杜仲叶,7.0,73.0,73.0,9.0,7.0
402,CHP00972,儿茶,7.0,41.0,41.0,10.0,7.0
403,CHP02623,曼陀罗叶,7.0,14.0,14.0,7.0,7.0
404,CHP00251,边缘鳞盖蕨,7.0,14.0,14.0,7.0,7.0
405,CHP00443,刺果甘草,7.0,22.0,22.0,7.0,7.0
406,CHP02353,灵香草,7.0,26.0,26.0,8.0,7.0
407,CHP04042,太子参,7.0,19.0,19.0,8.0,7.0
408,CHP03199,茜草根,7.0,11.0,11.0,7.0,7.0
409,CHP03186,千屈菜,7.0,28.0,28.0,10.0,7.0
410,CHP01931,金钱草,7.0,27.0,27.0,9.0,7.0
411,CHP03192,牵牛子,7.0,39.0,39.0,7.0,7.0
412,CHP01110,附子,7.0,81.0,81.0,9.0,7.0
413,CHP02357,凌霄花,7.0,33.0,33.0,10.0,7.0
414,CHP03130,葡萄,7.0,12.0,12.0,7.0,7.0
415,CHP02588,马桑,7.0,15.0,15.0,7.0,7.0
416,CHP03352,乳香,7.0,77.0,77.0,9.0,7.0
417,CHP02889,木榄,7.0,19.0,19.0,7.0,7.0
418,CHP03342,肉豆蔻,7.0,57.0,57.0,9.0,7.0
419,CHP02209,狼毒,7.0,36.0,36.0,9.0,7.0
420,CHP02982,牛蒡,7.0,12.0,12.0,8.0,7.0
421,CHP02837,墨旱莲,7.0,53.0,53.0,8.0,7.0
422,CHP03395,三面刀,7.0,14.0,14.0,7.0,7.0
423,CHP00336,茶子,7.0,13.0,13.0,7.0,7.0
424,CHP02940,南蛇藤果,7.0,24.0,24.0,7.0,7.0
425,CHP05132,一年蓬,7.0,22.0,22.0,8.0,7.0
426,CHP01131,甘西鼠尾草,7.0,20.0,20.0,9.0,7.0
427,CHP01682,黄精,7.0,33.0,33.0,8.0,7.0
428,CHP04862,寻骨风,7.0,17.0,17.0,10.0,7.0
429,CHP01578,华北白前,7.0,13.0,13.0,7.0,7.0
430,CHP01486,红藤,7.0,29.0,29.0,7.0,7.0
431,CHP01351,诃子,7.0,34.0,34.0,8.0,7.0
432,CHP04556,香附,7.0,52.0,52.0,9.0,7.0
433,CHP01350,旱芹,7.0,27.0,27.0,9.0,7.0
434,CHP00778,丁茄,7.0,9.0,9.0,7.0,7.0
435,CHP03695,蓍实,7.0,19.0,19.0,7.0,7.0
436,CHP06001,麝香,6.0,33.0,33.0,6.0,6.0
437,CHP05962,牛黄,6.0,19.0,19.0,6.0,6.0
438,CHP00957,鹅不食草,6.0,49.0,49.0,7.0,6.0
439,CHP02630,蔓荆,6.0,20.0,20.0,7.0,6.0
440,CHP01235,枸杞叶,6.0,14.0,14.0,6.0,6.0
441,CHP05030,野甘草,6.0,18.0,18.0,8.0,6.0
442,CHP05427,长管香茶菜,6.0,22.0,22.0,7.0,6.0
443,CHP02657,猫眼草,6.0,30.0,30.0,7.0,6.0
444,CHP00413,川滇淫羊藿,6.0,8.0,8.0,6.0,6.0
445,CHP02661,毛白杨,6.0,13.0,13.0,7.0,6.0
446,CHP02109,苦蒿,6.0,12.0,12.0,6.0,6.0
447,CHP00080,白果紫草,6.0,11.0,11.0,6.0,6.0
448,CHP00220,宝盖草,6.0,12.0,12.0,7.0,6.0
449,CHP02510,萝藦,6.0,14.0,14.0,6.0,6.0
450,CHP04368,无花果,6.0,25.0,25.0,7.0,6.0
451,CHP00997,番泻叶,6.0,22.0,22.0,9.0,6.0
452,CHP00720,地榆,6.0,95.0,95.0,6.0,6.0
453,CHP01676,黄荆,6.0,15.0,15.0,8.0,6.0
454,CHP06122,桑黄,6.0,16.0,16.0,7.0,6.0
455,CHP01424,红厚壳,6.0,40.0,40.0,15.0,6.0
456,CHP04092,天罗水,6.0,12.0,12.0,6.0,6.0
457,CHP04951,燕麦,6.0,10.0,10.0,6.0,6.0
458,CHP00809,东一号剑麻,6.0,9.0,9.0,6.0,6.0
459,CHP01180,藁本,6.0,37.0,37.0,9.0,6.0
460,CHP01187,葛花,6.0,63.0,63.0,11.0,6.0
461,CHP00791,定木香,6.0,22.0,22.0,6.0,6.0
462,CHP05360,芸香,6.0,42.0,42.0,12.0,6.0
463,CHP00397,臭梧桐,6.0,18.0,18.0,6.0,6.0
464,CHP03314,蘘荷,6.0,11.0,11.0,6.0,6.0
465,CHP03429,桑椹,6.0,33.0,33.0,9.0,6.0
466,CHP05061,野马追,6.0,17.0,17.0,6.0,6.0
467,CHP01693,黄龙胆,6.0,16.0,16.0,6.0,6.0
468,CHP01540,湖北黄精,6.0,13.0,13.0,6.0,6.0
469,CHP03601,山楂,6.0,25.0,25.0,7.0,6.0
470,CHP01409,红车轴草,6.0,21.0,21.0,11.0,6.0
471,CHP03753,石蒜,6.0,16.0,16.0,6.0,6.0
472,CHP03869,水流豆,6.0,32.0,32.0,6.0,6.0
473,CHP00876,杜鹃花,6.0,11.0,11.0,7.0,6.0
474,CHP03709,石刁柏,6.0,12.0,12.0,6.0,6.0
475,CHP03038,糯稻根,6.0,13.0,13.0,6.0,6.0
476,CHP03977,苏合香,6.0,21.0,21.0,6.0,6.0
477,CHP01470,红木香,6.0,12.0,12.0,7.0,6.0
478,CHP05140,一枝黄花,6.0,19.0,19.0,6.0,6.0
479,CHP02803,密蒙花,6.0,35.0,35.0,6.0,6.0
480,CHP02541,葎草,6.0,31.0,31.0,10.0,6.0
481,CHP05557,猪鬃草,6.0,17.0,17.0,6.0,6.0
482,CHP00496,大风子,6.0,28.0,28.0,12.0,6.0
483,CHP00483,大车前,6.0,21.0,21.0,6.0,6.0
484,CHP00175,百脉根,6.0,15.0,15.0,8.0,6.0
485,CHP03334,榕树,6.0,16.0,16.0,6.0,6.0
486,CHP02323,两面针,6.0,43.0,43.0,10.0,6.0
487,CHP02375,柳杉,6.0,21.0,21.0,7.0,6.0
488,CHP04244,土三七,6.0,15.0,15.0,8.0,6.0
489,CHP01234,枸杞,6.0,15.0,15.0,8.0,6.0
490,CHP02439,耧斗菜,6.0,16.0,16.0,6.0,6.0
491,CHP02517,落花生,6.0,24.0,24.0,6.0,6.0
492,CHP00284,播娘蒿,6.0,14.0,14.0,7.0,6.0
493,CHP01096,浮萍,6.0,38.0,38.0,6.0,6.0
494,CHP03127,破叶莲,6.0,11.0,11.0,6.0,6.0
495,CHP04008,算盘子,6.0,20.0,20.0,6.0,6.0
496,CHP01936,金雀花,6.0,19.0,19.0,7.0,6.0
497,CHP03139,蒲桃,6.0,33.0,33.0,6.0,6.0
498,CHP03176,千打锤,6.0,26.0,26.0,8.0,6.0
499,CHP01795,鸡屎藤,6.0,35.0,35.0,8.0,6.0
500,CHP03213,荞麦,6.0,14.0,14.0,6.0,6.0
501,CHP03217,芹花,6.0,17.0,17.0,8.0,6.0
502,CHP02470,路边姜,5.0,5.0,5.0,5.0,5.0
503,CHP02526,吕宋果,5.0,10.0,10.0,5.0,5.0
504,CHP01933,金荞麦,5.0,23.0,23.0,8.0,5.0
505,CHP01912,金合欢,5.0,11.0,11.0,5.0,5.0
506,CHP01256,关白附,5.0,16.0,16.0,6.0,5.0
507,CHP01269,管花肉苁蓉,5.0,10.0,10.0,5.0,5.0
508,CHP04190,桐油,5.0,10.0,10.0,5.0,5.0
509,CHP02397,龙船花,5.0,11.0,11.0,7.0,5.0
510,CHP02412,龙舌兰,5.0,28.0,28.0,6.0,5.0
511,CHP05572,竹沥,5.0,15.0,15.0,6.0,5.0
512,CHP02612,麦芽,5.0,26.0,26.0,10.0,5.0
513,CHP00323,草乌叶,5.0,13.0,13.0,5.0,5.0
514,CHP02310,莲叶橐吾,5.0,12.0,12.0,5.0,5.0
515,CHP02279,荔枝核,5.0,19.0,19.0,5.0,5.0
516,CHP02240,老鼠簕,5.0,20.0,20.0,5.0,5.0
517,CHP04523,夏至草,5.0,13.0,13.0,5.0,5.0
518,CHP02175,辣蓼草,5.0,17.0,17.0,5.0,5.0
519,CHP02207,狼把草,5.0,13.0,13.0,6.0,5.0
520,CHP02602,马醉木,5.0,14.0,14.0,5.0,5.0
521,CHP02478,露水草,5.0,10.0,10.0,5.0,5.0
522,CHP00486,大豆,5.0,12.0,12.0,5.0,5.0
523,CHP05185,银杏,5.0,42.0,42.0,6.0,5.0
524,CHP00469,催吐萝芙木,5.0,19.0,19.0,5.0,5.0
525,CHP03389,三棱,5.0,16.0,16.0,5.0,5.0
526,CHP03344,肉桂,5.0,21.0,21.0,6.0,5.0
527,CHP02839,母菊,5.0,10.0,10.0,5.0,5.0
528,CHP02939,南蛇藤根,5.0,23.0,23.0,7.0,5.0
529,CHP02816,棉花根,5.0,9.0,9.0,5.0,5.0
530,CHP00312,草本威灵仙,5.0,11.0,11.0,6.0,5.0
531,CHP05338,云南甘草,5.0,14.0,14.0,5.0,5.0
532,CHP05286,玉米须,5.0,13.0,13.0,5.0,5.0
533,CHP05289,玉叶金花,5.0,11.0,11.0,5.0,5.0
534,CHP05296,郁金香,5.0,9.0,9.0,5.0,5.0
535,CHP03778,柿叶,5.0,14.0,14.0,8.0,5.0
536,CHP01323,桂皮,5.0,11.0,11.0,5.0,5.0
537,CHP03843,水红花子,5.0,17.0,17.0,6.0,5.0
538,CHP03867,水蓼,5.0,12.0,12.0,5.0,5.0
539,CHP03020,牛尾蒿,5.0,14.0,14.0,6.0,5.0
540,CHP03013,牛舌草,5.0,14.0,14.0,5.0,5.0
541,CHP02055,决明,5.0,17.0,17.0,6.0,5.0
542,CHP02033,橘叶,5.0,8.0,8.0,5.0,5.0
543,CHP01740,黄心果,5.0,15.0,15.0,6.0,5.0
544,CHP03431,桑叶,5.0,42.0,42.0,7.0,5.0
545,CHP04893,烟草,5.0,13.0,13.0,5.0,5.0
546,CHP01690,黄连,5.0,24.0,24.0,5.0,5.0
547,CHP01644,黄瓜,5.0,22.0,22.0,5.0,5.0
548,CHP02930,南瓜子,5.0,13.0,13.0,6.0,5.0
549,CHP00731,棣棠花,5.0,12.0,12.0,6.0,5.0
550,CHP00500,大果大戟,5.0,16.0,16.0,5.0,5.0
551,CHP01836,荚蒾,5.0,25.0,25.0,6.0,5.0
552,CHP01814,极美云实,5.0,9.0,9.0,6.0,5.0
553,CHP04084,天胡荽,5.0,12.0,12.0,5.0,5.0
554,CHP01132,肝风草,5.0,18.0,18.0,6.0,5.0
555,CHP01138,橄榄,5.0,25.0,25.0,7.0,5.0
556,CHP04828,旋覆花,5.0,28.0,28.0,5.0,5.0
557,CHP01342,海南买麻藤,5.0,13.0,13.0,6.0,5.0
558,CHP04546,相思藤,5.0,16.0,16.0,5.0,5.0
559,CHP00806,东风橘根,5.0,27.0,27.0,11.0,5.0
560,CHP00772,跌打老,5.0,16.0,16.0,5.0,5.0
561,CHP02781,迷迭香,5.0,10.0,10.0,5.0,5.0
562,CHP04608,向日葵叶,5.0,11.0,11.0,5.0,5.0
563,CHP01242,谷精草,5.0,20.0,20.0,5.0,5.0
564,CHP04167,铁苋,5.0,17.0,17.0,5.0,5.0
565,CHP01043,风毛菊,5.0,8.0,8.0,5.0,5.0
566,CHP02065,看麦娘状莎草,5.0,15.0,15.0,6.0,5.0
567,CHP02082,孔雀草,5.0,10.0,10.0,5.0,5.0
568,CHP00406,楮实子,5.0,45.0,45.0,8.0,5.0
569,CHP02631,蔓荆子,5.0,38.0,38.0,8.0,5.0
570,CHP02305,莲花,5.0,17.0,17.0,6.0,5.0
571,CHP00231,北玄参,5.0,15.0,15.0,6.0,5.0
572,CHP00240,荜澄茄,5.0,62.0,62.0,8.0,5.0
573,CHP00445,刺槐花,5.0,14.0,14.0,5.0,5.0
574,CHP03498,山地香茶菜,5.0,18.0,18.0,5.0,5.0
575,CHP00708,地刷子,5.0,15.0,15.0,5.0,5.0
576,CHP05070,野木瓜,5.0,6.0,6.0,5.0,5.0
577,CHP01776,鸡蛋花,5.0,15.0,15.0,5.0,5.0
578,CHP01751,灰叶根,5.0,22.0,22.0,5.0,5.0
579,CHP01620,槐,5.0,13.0,13.0,6.0,5.0
580,CHP03527,山黄皮,5.0,26.0,26.0,8.0,5.0
581,CHP03532,山姜,5.0,18.0,18.0,6.0,5.0
582,CHP00998,翻白草,5.0,15.0,15.0,5.0,5.0
583,CHP05690,紫薇,5.0,12.0,12.0,6.0,5.0
584,CHP04325,文冠木,5.0,5.0,5.0,5.0,5.0
585,CHP00023,暗紫贝母,5.0,11.0,11.0,6.0,5.0
586,CHP02507,萝芙木,5.0,28.0,28.0,6.0,5.0
587,CHP05779,蟾蜍,5.0,11.0,11.0,5.0,5.0
588,CHP00221,保山乌头,5.0,11.0,11.0,5.0,5.0
589,CHP00091,白花灯笼,5.0,9.0,9.0,5.0,5.0
590,CHP00016,安徽贝母,5.0,11.0,11.0,5.0,5.0
591,CHP06113,马勃,5.0,20.0,20.0,7.0,5.0
592,CHP00223,抱茎獐牙菜,4.0,8.0,8.0,4.0,4.0
593,CHP00124,白茅根,4.0,59.0,59.0,5.0,4.0
594,CHP00189,斑草,4.0,15.0,15.0,5.0,4.0
595,CHP05647,紫金牛根,4.0,7.0,7.0,6.0,4.0
596,CHP02543,麻风树,4.0,25.0,25.0,6.0,4.0
597,CHP00347,常春藤,4.0,11.0,11.0,4.0,4.0
598,CHP02356,凌霄,4.0,6.0,6.0,4.0,4.0
599,CHP02313,莲子草,4.0,8.0,8.0,4.0,4.0
600,CHP02327,两头尖,4.0,26.0,26.0,4.0,4.0
601,CHP05512,肿柄菊,4.0,13.0,13.0,4.0,4.0
602,CHP04285,万年青根,4.0,10.0,10.0,4.0,4.0
603,CHP00102,白芥子,4.0,18.0,18.0,8.0,4.0
604,CHP01015,飞廉,4.0,11.0,11.0,4.0,4.0
605,CHP01002,繁缕,4.0,9.0,9.0,4.0,4.0
606,CHP03486,山沉香,4.0,16.0,16.0,5.0,4.0
607,CHP00710,地梭罗,4.0,35.0,35.0,9.0,4.0
608,CHP00722,灯笼草,4.0,10.0,10.0,4.0,4.0
609,CHP05007,椰子,4.0,4.0,4.0,4.0,4.0
610,CHP00454,刺楸树皮,4.0,11.0,11.0,4.0,4.0
611,CHP01849,假细锥香茶菜,4.0,4.0,4.0,4.0,4.0
612,CHP01815,棘豆,4.0,13.0,13.0,4.0,4.0
613,CHP04863,荨麻,4.0,13.0,13.0,4.0,4.0
614,CHP00533,大麻叶泽兰,4.0,8.0,8.0,4.0,4.0
615,CHP04958,羊角拗,4.0,10.0,10.0,4.0,4.0
616,CHP01679,黄荆叶,4.0,31.0,31.0,4.0,4.0
617,CHP03683,生姜,4.0,75.0,75.0,6.0,4.0
618,CHP03647,蛇根草,4.0,10.0,10.0,4.0,4.0
619,CHP03373,三白草,4.0,34.0,34.0,5.0,4.0
620,CHP03450,沙糖根,4.0,8.0,8.0,5.0,4.0
621,CHP04809,绣线菊叶,4.0,9.0,9.0,4.0,4.0
622,CHP04816,徐长卿,4.0,15.0,15.0,6.0,4.0
623,CHP04821,萱草,4.0,9.0,9.0,4.0,4.0
624,CHP05283,玉兰,4.0,44.0,44.0,4.0,4.0
625,CHP02789,米皮糠,4.0,10.0,10.0,5.0,4.0
626,CHP02814,绵枣儿,4.0,10.0,10.0,4.0,4.0
627,CHP00293,菜豆树,4.0,11.0,11.0,6.0,4.0
628,CHP02892,木麻黄,4.0,11.0,11.0,4.0,4.0
629,CHP02855,木鳖子,4.0,14.0,14.0,5.0,4.0
630,CHP02972,柠檬皮,4.0,6.0,6.0,4.0,4.0
631,CHP05154,异叶梁王茶,4.0,8.0,8.0,4.0,4.0
632,CHP05169,茵陈,4.0,16.0,16.0,4.0,4.0
633,CHP00401,樗叶花椒,4.0,7.0,7.0,4.0,4.0
634,CHP00371,秤钩风,4.0,10.0,10.0,5.0,4.0
635,CHP05205,迎春花,4.0,13.0,13.0,4.0,4.0
636,CHP03022,牛西西,4.0,9.0,9.0,4.0,4.0
637,CHP01469,红母鸡草,4.0,11.0,11.0,5.0,4.0
638,CHP01309,鬼箭锦鸡儿,4.0,11.0,11.0,4.0,4.0
639,CHP03992,粟米草,4.0,8.0,8.0,4.0,4.0
640,CHP03946,四季青,4.0,17.0,17.0,4.0,4.0
641,CHP03970,松叶,4.0,4.0,4.0,4.0,4.0
642,CHP00974,耳草,4.0,11.0,11.0,4.0,4.0
643,CHP01345,海州骨碎补,4.0,10.0,10.0,4.0,4.0
644,CHP01550,虎刺,4.0,17.0,17.0,10.0,4.0
645,CHP01524,胡桃树皮,4.0,8.0,8.0,4.0,4.0
646,CHP01534,葫芦茶,4.0,12.0,12.0,6.0,4.0
647,CHP03687,省沽油,4.0,13.0,13.0,4.0,4.0
648,CHP03803,鼠李,4.0,6.0,6.0,4.0,4.0
649,CHP04602,向日葵,4.0,6.0,6.0,5.0,4.0
650,CHP04629,小檗,4.0,11.0,11.0,4.0,4.0
651,CHP04591,香橼,4.0,10.0,10.0,4.0,4.0
652,CHP01364,荷叶,4.0,31.0,31.0,5.0,4.0
653,CHP00849,豆油,4.0,10.0,10.0,4.0,4.0
654,CHP00853,毒芹根,4.0,10.0,10.0,4.0,4.0
655,CHP00802,东方狗脊,4.0,12.0,12.0,4.0,4.0
656,CHP01181,戈壁天门冬,4.0,10.0,10.0,4.0,4.0
657,CHP00683,地瓜子,4.0,25.0,25.0,6.0,4.0
658,CHP00670,地胆草,4.0,10.0,10.0,4.0,4.0
659,CHP04069,桃枝,4.0,13.0,13.0,6.0,4.0
660,CHP02308,莲生桂子花,4.0,11.0,11.0,4.0,4.0
661,CHP00256,鞭叶铁线蕨,4.0,12.0,12.0,4.0,4.0
662,CHP02061,君迁子,4.0,7.0,7.0,4.0,4.0
663,CHP04467,喜旱莲子草,4.0,7.0,7.0,4.0,4.0
664,CHP04469,喜树,4.0,23.0,23.0,8.0,4.0
665,CHP04458,西洋参,4.0,49.0,49.0,5.0,4.0
666,CHP00924,盾叶唐松草,4.0,10.0,10.0,6.0,4.0
667,CHP04293,王不留行,4.0,19.0,19.0,4.0,4.0
668,CHP04232,土荆芥,4.0,8.0,8.0,4.0,4.0
669,CHP01228,枸骨叶,4.0,44.0,44.0,5.0,4.0
670,CHP01261,关木通,4.0,12.0,12.0,4.0,4.0
671,CHP01942,金丝桃,4.0,10.0,10.0,5.0,4.0
672,CHP01965,金鱼藤,4.0,11.0,11.0,4.0,4.0
673,CHP01930,金牛草,4.0,19.0,19.0,4.0,4.0
674,CHP03187,千日红,4.0,12.0,12.0,4.0,4.0
675,CHP03263,清风藤,4.0,11.0,11.0,4.0,4.0
676,CHP03256,青葙子,4.0,18.0,18.0,4.0,4.0
677,CHP02527,吕宋楸毛,4.0,6.0,6.0,4.0,4.0
678,CHP00044,芭蕉花,4.0,9.0,9.0,4.0,4.0
679,CHP05754,斑蝥,4.0,18.0,18.0,5.0,4.0
680,CHP05964,牛肾,4.0,6.0,6.0,4.0,4.0
681,CHP00081,白蒿,4.0,9.0,9.0,4.0,4.0
682,CHP00078,白果根,4.0,16.0,16.0,4.0,4.0
683,CHP06117,蘑菇,4.0,11.0,11.0,4.0,4.0
684,CHP06129,松蕈,3.0,8.0,8.0,3.0,3.0
685,CHP06133,蛹虫草,3.0,11.0,11.0,3.0,3.0
686,CHP06120,绒白乳菇,3.0,15.0,15.0,3.0,3.0
687,CHP06096,鬼盖,3.0,6.0,6.0,4.0,3.0
688,CHP06037,五灵脂,3.0,6.0,6.0,3.0,3.0
689,CHP00040,巴拿马山石榴,3.0,10.0,10.0,3.0,3.0
690,CHP00020,桉叶,3.0,28.0,28.0,7.0,3.0
691,CHP04363,巫山淫羊藿,3.0,7.0,7.0,3.0,3.0
692,CHP04372,无患子,3.0,16.0,16.0,3.0,3.0
693,CHP04276,豌豆,3.0,10.0,10.0,4.0,3.0
694,CHP05565,竹节参,3.0,12.0,12.0,3.0,3.0
695,CHP05499,枳椇子,3.0,5.0,5.0,4.0,3.0
696,CHP05501,枳实,3.0,6.0,6.0,3.0,3.0
697,CHP05541,珠子参,3.0,5.0,5.0,4.0,3.0
698,CHP00281,菠菜,3.0,21.0,21.0,3.0,3.0
699,CHP02429,龙眼叶,3.0,6.0,6.0,3.0,3.0
700,CHP02410,龙脑膏香,3.0,15.0,15.0,3.0,3.0
701,CHP00604,大叶紫珠,3.0,9.0,9.0,4.0,3.0
702,CHP03215,茄子根,3.0,4.0,4.0,3.0,3.0
703,CHP03218,秦艽,3.0,26.0,26.0,3.0,3.0
704,CHP03226,青果,3.0,14.0,14.0,3.0,3.0
705,CHP03119,婆罗门参,3.0,8.0,8.0,4.0,3.0
706,CHP01945,金铁锁,3.0,12.0,12.0,3.0,3.0
707,CHP01905,金钗凤尾蕨,3.0,11.0,11.0,3.0,3.0
708,CHP03098,枇杷,3.0,6.0,6.0,3.0,3.0
709,CHP03070,胖大海,3.0,19.0,19.0,5.0,3.0
710,CHP03083,蓬莪术,3.0,6.0,6.0,3.0,3.0
711,CHP02048,卷柏,3.0,25.0,25.0,4.0,3.0
712,CHP05211,瘿花香茶菜,3.0,6.0,6.0,3.0,3.0
713,CHP05221,油茶根皮,3.0,7.0,7.0,3.0,3.0
714,CHP05224,油茶子,3.0,6.0,6.0,3.0,3.0
715,CHP05183,银线草,3.0,7.0,7.0,3.0,3.0
716,CHP05160,益智仁,3.0,5.0,5.0,3.0,3.0
717,CHP00457,葱,3.0,25.0,25.0,8.0,3.0
718,CHP00466,粗榧子,3.0,8.0,8.0,3.0,3.0
719,CHP01846,假蒟子,3.0,8.0,8.0,3.0,3.0
720,CHP05117,叶下珠,3.0,15.0,15.0,3.0,3.0
721,CHP04984,杨梅,3.0,9.0,9.0,3.0,3.0
722,CHP04995,洋蓍草,3.0,7.0,7.0,3.0,3.0
723,CHP00630,淡豆豉,3.0,23.0,23.0,3.0,3.0
724,CHP00595,大叶糖胶树,3.0,45.0,45.0,5.0,3.0
725,CHP00767,钓樟根皮,3.0,8.0,8.0,4.0,3.0
726,CHP00724,灯笼泡,3.0,5.0,5.0,3.0,3.0
727,CHP01598,华桑,3.0,14.0,14.0,6.0,3.0
728,CHP01600,华山矾,3.0,10.0,10.0,3.0,3.0
729,CHP01767,火焰花,3.0,6.0,6.0,3.0,3.0
730,CHP01753,回回豆,3.0,14.0,14.0,3.0,3.0
731,CHP01757,茴香,3.0,14.0,14.0,3.0,3.0
732,CHP01739,黄菀,3.0,7.0,7.0,3.0,3.0
733,CHP01506,厚皮香,3.0,7.0,7.0,3.0,3.0
734,CHP03643,蛇床子,3.0,55.0,55.0,8.0,3.0
735,CHP01702,黄麻叶,3.0,7.0,7.0,3.0,3.0
736,CHP00573,大叶柴胡,3.0,9.0,9.0,3.0,3.0
737,CHP00514,大黄花,3.0,9.0,9.0,3.0,3.0
738,CHP04896,烟窝草,3.0,9.0,9.0,3.0,3.0
739,CHP04898,延龄草,3.0,12.0,12.0,3.0,3.0
740,CHP04858,血桐,3.0,21.0,21.0,3.0,3.0
741,CHP04867,鸦片,3.0,9.0,9.0,4.0,3.0
742,CHP04880,鸭跖草,3.0,4.0,4.0,3.0,3.0
743,CHP04886,亚罗椿,3.0,7.0,7.0,3.0,3.0
744,CHP02970,柠檬桉叶,3.0,5.0,5.0,3.0,3.0
745,CHP02935,南蛇竻,3.0,12.0,12.0,4.0,3.0
746,CHP02869,木蝴蝶,3.0,22.0,22.0,3.0,3.0
747,CHP00292,布渣叶,3.0,20.0,20.0,4.0,3.0
748,CHP04795,杏仁,3.0,11.0,11.0,3.0,3.0
749,CHP04683,小接筋草,3.0,7.0,7.0,4.0,3.0
750,CHP00859,独角莲,3.0,8.0,8.0,3.0,3.0
751,CHP03780,匙羹藤,3.0,4.0,4.0,3.0,3.0
752,CHP03784,手参,3.0,12.0,12.0,4.0,3.0
753,CHP03707,石胆草,3.0,6.0,6.0,3.0,3.0
754,CHP03732,石榴皮,3.0,18.0,18.0,3.0,3.0
755,CHP03705,石莼,3.0,8.0,8.0,3.0,3.0
756,CHP01573,花叶假杜鹃,3.0,7.0,7.0,3.0,3.0
757,CHP01560,虎杖,3.0,14.0,14.0,3.0,3.0
758,CHP01537,湖北贝母,3.0,9.0,9.0,4.0,3.0
759,CHP04547,相思子,3.0,11.0,11.0,3.0,3.0
760,CHP01346,含羞草,3.0,8.0,8.0,3.0,3.0
761,CHP01316,桂花,3.0,8.0,8.0,3.0,3.0
762,CHP01337,海红豆,3.0,6.0,6.0,3.0,3.0
763,CHP01312,鬼针草,3.0,15.0,15.0,4.0,3.0
764,CHP03884,水茄,3.0,17.0,17.0,3.0,3.0
765,CHP03838,水飞蓟,3.0,38.0,38.0,11.0,3.0
766,CHP01460,红毛七,3.0,9.0,9.0,3.0,3.0
767,CHP00728,灯油藤子,3.0,7.0,7.0,3.0,3.0
768,CHP00693,地锦,3.0,6.0,6.0,3.0,3.0
769,CHP01230,枸橘,3.0,12.0,12.0,4.0,3.0
770,CHP01183,茖葱,3.0,6.0,6.0,3.0,3.0
771,CHP01363,荷花玉兰,3.0,11.0,11.0,5.0,3.0
772,CHP01340,海南粗榧,3.0,36.0,36.0,5.0,3.0
773,CHP00828,冬珊瑚,3.0,5.0,5.0,3.0,3.0
774,CHP04643,小飞蓬,3.0,8.0,8.0,3.0,3.0
775,CHP04599,响铃草,3.0,11.0,11.0,4.0,3.0
776,CHP04574,香排草,3.0,8.0,8.0,3.0,3.0
777,CHP04577,香青兰,3.0,3.0,3.0,3.0,3.0
778,CHP00396,臭山羊,3.0,17.0,17.0,5.0,3.0
779,CHP02120,苦楝实,3.0,3.0,3.0,3.0,3.0
780,CHP02685,毛诃子,3.0,5.0,5.0,3.0,3.0
781,CHP02658,猫爪草,3.0,22.0,22.0,4.0,3.0
782,CHP01176,高乌头,3.0,5.0,5.0,3.0,3.0
783,CHP01125,甘青铁线莲,3.0,6.0,6.0,3.0,3.0
784,CHP01089,佛甲草,3.0,8.0,8.0,4.0,3.0
785,CHP04093,天麻,3.0,11.0,11.0,3.0,3.0
786,CHP04057,桃儿七,3.0,10.0,10.0,3.0,3.0
787,CHP04002,酸石榴,3.0,8.0,8.0,3.0,3.0
788,CHP04006,酸枣仁,3.0,27.0,27.0,5.0,3.0
789,CHP04018,娑罗子,3.0,11.0,11.0,3.0,3.0
790,CHP04047,檀香,3.0,27.0,27.0,4.0,3.0
791,CHP01241,古柯,3.0,12.0,12.0,3.0,3.0
792,CHP01244,骨节草,3.0,6.0,6.0,3.0,3.0
793,CHP01222,狗牙花,3.0,45.0,45.0,3.0,3.0
794,CHP04290,万寿菊,3.0,7.0,7.0,3.0,3.0
795,CHP04272,歪脖子果,3.0,6.0,6.0,5.0,3.0
796,CHP04223,土当归,3.0,12.0,12.0,3.0,3.0
797,CHP04164,铁丝灵仙,3.0,14.0,14.0,3.0,3.0
798,CHP01168,高山火绒草,3.0,17.0,17.0,3.0,3.0
799,CHP01171,高山龙胆,3.0,11.0,11.0,3.0,3.0
800,CHP00949,峨参,3.0,16.0,16.0,3.0,3.0
801,CHP00923,盾叶薯蓣,3.0,11.0,11.0,3.0,3.0
802,CHP00945,多穗石柯叶,3.0,8.0,8.0,3.0,3.0
803,CHP04485,细叶桉叶,3.0,7.0,7.0,3.0,3.0
804,CHP04449,西瓜,3.0,15.0,15.0,5.0,3.0
805,CHP00309,糙苏,3.0,11.0,11.0,3.0,3.0
806,CHP02239,老鼠瓜,3.0,5.0,5.0,3.0,3.0
807,CHP02244,老鸦柿,3.0,6.0,6.0,3.0,3.0
808,CHP02182,兰花,3.0,3.0,3.0,3.0,3.0
809,CHP02583,马铃薯,3.0,5.0,5.0,3.0,3.0
810,CHP02585,马钱子,3.0,39.0,39.0,4.0,3.0
811,CHP02537,绿绒蒿,3.0,30.0,30.0,5.0,3.0
812,CHP00203,半边旗,3.0,5.0,5.0,3.0,3.0
813,CHP05662,紫茉莉,3.0,8.0,8.0,3.0,3.0
814,CHP05582,竹叶椒,3.0,10.0,10.0,4.0,3.0
815,CHP02463,鹿角菜,3.0,7.0,7.0,3.0,3.0
816,CHP05967,牛靥,3.0,6.0,6.0,3.0,3.0
817,CHP02494,罗锅底,3.0,9.0,9.0,3.0,3.0
818,CHP00013,艾实,3.0,12.0,12.0,4.0,3.0
819,CHP05679,紫苏叶,3.0,12.0,12.0,3.0,3.0
820,CHP05730,总状升麻,3.0,11.0,11.0,3.0,3.0
821,CHP00103,白金果榄,3.0,10.0,10.0,4.0,3.0
822,CHP00119,白马骨,2.0,11.0,11.0,2.0,2.0
823,CHP06116,蜜环菌,2.0,6.0,6.0,4.0,2.0
824,CHP01035,粉葛,2.0,5.0,5.0,2.0,2.0
825,CHP01007,防风,2.0,38.0,38.0,4.0,2.0
826,CHP00887,短瓣花,2.0,14.0,14.0,2.0,2.0
827,CHP04378,无距耧斗菜,2.0,3.0,3.0,2.0,2.0
828,CHP01016,飞龙掌血,2.0,11.0,11.0,2.0,2.0
829,CHP04524,仙鹤草,2.0,11.0,11.0,2.0,2.0
830,CHP00883,杜松实,2.0,7.0,7.0,5.0,2.0
831,CHP04422,五桠果,2.0,4.0,4.0,2.0,2.0
832,CHP00940,多穗蓼,2.0,6.0,6.0,2.0,2.0
833,CHP04268,娃儿藤,2.0,6.0,6.0,2.0,2.0
834,CHP04462,锡兰肉桂,2.0,3.0,3.0,2.0,2.0
835,CHP04477,细茎石斛,2.0,4.0,4.0,2.0,2.0
836,CHP04519,夏枯草,2.0,23.0,23.0,2.0,2.0
837,CHP02340,列当,2.0,5.0,5.0,2.0,2.0
838,CHP02696,毛连菜,2.0,4.0,4.0,2.0,2.0
839,CHP02293,栗树皮,2.0,2.0,2.0,2.0,2.0
840,CHP02713,毛蕊花,2.0,5.0,5.0,2.0,2.0
841,CHP02716,毛桐,2.0,11.0,11.0,2.0,2.0
842,CHP02749,玫瑰,2.0,3.0,3.0,2.0,2.0
843,CHP05689,紫葳茎叶,2.0,6.0,6.0,2.0,2.0
844,CHP02663,毛草龙,2.0,6.0,6.0,3.0,2.0
845,CHP04216,土贝母,2.0,24.0,24.0,3.0,2.0
846,CHP04259,菟丝子,2.0,11.0,11.0,2.0,2.0
847,CHP04316,卫矛,2.0,3.0,3.0,2.0,2.0
848,CHP01245,骨碎补,2.0,37.0,37.0,2.0,2.0
849,CHP01257,关苍术,2.0,4.0,4.0,2.0,2.0
850,CHP04390,梧桐,2.0,8.0,8.0,3.0,2.0
851,CHP04165,铁丝七,2.0,6.0,6.0,2.0,2.0
852,CHP00803,东方荚果蕨,2.0,9.0,9.0,3.0,2.0
853,CHP00874,杜衡,2.0,9.0,9.0,2.0,2.0
854,CHP01083,扶桑花,2.0,3.0,3.0,2.0,2.0
855,CHP00963,鹅绒藤,2.0,6.0,6.0,3.0,2.0
856,CHP04616,橡实,2.0,6.0,6.0,2.0,2.0
857,CHP00770,调经草,2.0,5.0,5.0,2.0,2.0
858,CHP02769,美人蕉,2.0,4.0,4.0,2.0,2.0
859,CHP02796,米仔兰,2.0,12.0,12.0,2.0,2.0
860,CHP02104,苦瓜,2.0,4.0,4.0,2.0,2.0
861,CHP02821,缅枣,2.0,4.0,4.0,2.0,2.0
862,CHP00213,榜嘎,2.0,5.0,5.0,2.0,2.0
863,CHP05392,粘毛鼠尾草,2.0,4.0,4.0,2.0,2.0
864,CHP05634,紫红獐牙菜,2.0,8.0,8.0,3.0,2.0
865,CHP05635,紫花地丁,2.0,4.0,4.0,2.0,2.0
866,CHP02371,柳穿鱼,2.0,9.0,9.0,3.0,2.0
867,CHP02420,龙牙楤木,2.0,5.0,5.0,2.0,2.0
868,CHP05553,猪屎豆,2.0,3.0,3.0,2.0,2.0
869,CHP05555,猪殃殃,2.0,2.0,2.0,2.0,2.0
870,CHP05563,竹柏根,2.0,4.0,4.0,2.0,2.0
871,CHP03853,水黄连,2.0,6.0,6.0,2.0,2.0
872,CHP03863,水苦荬,2.0,6.0,6.0,2.0,2.0
873,CHP03893,水松,2.0,4.0,4.0,2.0,2.0
874,CHP03898,水苏,2.0,4.0,4.0,2.0,2.0
875,CHP04538,藓生马先蒿,2.0,4.0,4.0,2.0,2.0
876,CHP04543,线叶金鸡菊,2.0,2.0,2.0,2.0,2.0
877,CHP04115,甜茶藤,2.0,4.0,4.0,2.0,2.0
878,CHP04033,台湾泽兰,2.0,7.0,7.0,2.0,2.0
879,CHP04054,唐松草,2.0,68.0,68.0,2.0,2.0
880,CHP04055,糖荠,2.0,8.0,8.0,2.0,2.0
881,CHP04061,桃金娘,2.0,18.0,18.0,2.0,2.0
882,CHP04106,天竺黄,2.0,26.0,26.0,3.0,2.0
883,CHP01302,广西九里香,2.0,6.0,6.0,3.0,2.0
884,CHP03905,水团花,2.0,6.0,6.0,2.0,2.0
885,CHP01339,海韭菜,2.0,4.0,4.0,2.0,2.0
886,CHP01347,韩信草,2.0,4.0,4.0,2.0,2.0
887,CHP03685,生漆,2.0,3.0,3.0,3.0,2.0
888,CHP03719,石见穿,2.0,4.0,4.0,2.0,2.0
889,CHP02122,苦楝子,2.0,31.0,31.0,3.0,2.0
890,CHP01985,荆芥穗,2.0,6.0,6.0,2.0,2.0
891,CHP01988,粳米,2.0,9.0,9.0,2.0,2.0
892,CHP01990,景天,2.0,5.0,5.0,3.0,2.0
893,CHP01996,九节茶,2.0,12.0,12.0,3.0,2.0
894,CHP02015,救必应,2.0,9.0,9.0,2.0,2.0
895,CHP02025,菊芋,2.0,6.0,6.0,2.0,2.0
896,CHP02951,南烛,2.0,4.0,4.0,2.0,2.0
897,CHP02924,南方菟丝子,2.0,4.0,4.0,2.0,2.0
898,CHP02618,满山红,2.0,43.0,43.0,3.0,2.0
899,CHP02639,芒果核,2.0,5.0,5.0,2.0,2.0
900,CHP02967,柠檬,2.0,8.0,8.0,4.0,2.0
901,CHP02913,苜蓿,2.0,6.0,6.0,2.0,2.0
902,CHP02918,南板蓝根,2.0,4.0,4.0,4.0,2.0
903,CHP03981,苏铁,2.0,7.0,7.0,3.0,2.0
904,CHP01299,广西莪术,2.0,12.0,12.0,3.0,2.0
905,CHP04866,鸦胆子,2.0,12.0,12.0,2.0,2.0
906,CHP00970,鄂北贝母,2.0,8.0,8.0,2.0,2.0
907,CHP00973,儿茶钩藤,2.0,10.0,10.0,3.0,2.0
908,CHP00676,地肤子,2.0,10.0,10.0,2.0,2.0
909,CHP00742,滇黄芩,2.0,10.0,10.0,4.0,2.0
910,CHP00746,滇茜草,2.0,31.0,31.0,2.0,2.0
911,CHP00756,颠茄,2.0,11.0,11.0,3.0,2.0
912,CHP03591,山药,2.0,25.0,25.0,2.0,2.0
913,CHP01403,衡州乌药,2.0,7.0,7.0,2.0,2.0
914,CHP04761,斜基粗叶木,2.0,4.0,4.0,2.0,2.0
915,CHP04772,心叶荆芥,2.0,3.0,3.0,2.0,2.0
916,CHP04777,新疆藁本,2.0,2.0,2.0,2.0,2.0
917,CHP04822,萱草根,2.0,5.0,5.0,2.0,2.0
918,CHP01431,红花鹿蹄草,2.0,8.0,8.0,2.0,2.0
919,CHP01450,红筷子,2.0,3.0,3.0,2.0,2.0
920,CHP03576,山莴苣,2.0,6.0,6.0,2.0,2.0
921,CHP03589,山小橘,2.0,5.0,5.0,2.0,2.0
922,CHP01376,黑杠柳,2.0,7.0,7.0,2.0,2.0
923,CHP01412,红椿,2.0,5.0,5.0,2.0,2.0
924,CHP03751,石刷把,2.0,4.0,4.0,2.0,2.0
925,CHP03759,石枣子,2.0,9.0,9.0,2.0,2.0
926,CHP03762,石竹,2.0,8.0,8.0,2.0,2.0
927,CHP03772,柿根,2.0,2.0,2.0,2.0,2.0
928,CHP03806,鼠曲草,2.0,10.0,10.0,4.0,2.0
929,CHP01549,蝴蝶花,2.0,7.0,7.0,2.0,2.0
930,CHP01551,虎耳草,2.0,7.0,7.0,2.0,2.0
931,CHP01558,虎掌草,2.0,5.0,5.0,2.0,2.0
932,CHP03670,神黄豆,2.0,4.0,4.0,2.0,2.0
933,CHP03503,山矾,2.0,5.0,5.0,2.0,2.0
934,CHP03504,山矾根,2.0,4.0,4.0,2.0,2.0
935,CHP01896,芥菜,2.0,7.0,7.0,2.0,2.0
936,CHP03051,欧活血丹,2.0,8.0,8.0,2.0,2.0
937,CHP01907,金粉蕨,2.0,7.0,7.0,3.0,2.0
938,CHP01911,金果榄,2.0,15.0,15.0,2.0,2.0
939,CHP01916,金鸡纳,2.0,24.0,24.0,6.0,2.0
940,CHP03088,蟛蜞菊,2.0,7.0,7.0,2.0,2.0
941,CHP00245,蓖麻油,2.0,7.0,7.0,2.0,2.0
942,CHP03084,蓬莱草,2.0,5.0,5.0,3.0,2.0
943,CHP03087,蓬子菜,2.0,4.0,4.0,2.0,2.0
944,CHP02997,牛耳枫子,2.0,6.0,6.0,2.0,2.0
945,CHP03097,皮哨子,2.0,5.0,5.0,2.0,2.0
946,CHP03099,枇杷核,2.0,6.0,6.0,2.0,2.0
947,CHP01889,接骨木,2.0,10.0,10.0,2.0,2.0
948,CHP05287,玉蜀黍,2.0,4.0,4.0,2.0,2.0
949,CHP05294,玉竹,2.0,12.0,12.0,3.0,2.0
950,CHP05301,鸢尾,2.0,37.0,37.0,5.0,2.0
951,CHP05463,珍珠菜,2.0,2.0,2.0,2.0,2.0
952,CHP05482,蜘蛛抱蛋,2.0,3.0,3.0,2.0,2.0
953,CHP03132,葡萄柚,2.0,7.0,7.0,3.0,2.0
954,CHP03179,千金藤,2.0,41.0,41.0,3.0,2.0
955,CHP03204,枪刀药,2.0,28.0,28.0,5.0,2.0
956,CHP05162,薏苡仁,2.0,6.0,6.0,3.0,2.0
957,CHP05174,银柴胡,2.0,6.0,6.0,2.0,2.0
958,CHP00321,草问荆,2.0,4.0,4.0,2.0,2.0
959,CHP03111,平贝母,2.0,24.0,24.0,2.0,2.0
960,CHP03116,萍蓬草,2.0,6.0,6.0,2.0,2.0
961,CHP03120,婆罗门皂荚,2.0,9.0,9.0,3.0,2.0
962,CHP05337,云南榧树,2.0,3.0,3.0,2.0,2.0
963,CHP05345,云南菟丝子,2.0,2.0,2.0,2.0,2.0
964,CHP00314,草地黄芩,2.0,7.0,7.0,2.0,2.0
965,CHP00330,茶花,2.0,3.0,3.0,2.0,2.0
966,CHP00331,茶树根,2.0,5.0,5.0,2.0,2.0
967,CHP02934,南山藤,2.0,5.0,5.0,2.0,2.0
968,CHP02938,南蛇藤,2.0,4.0,4.0,2.0,2.0
969,CHP02942,南酸枣,2.0,4.0,4.0,2.0,2.0
970,CHP05309,圆滑番荔枝,2.0,5.0,5.0,2.0,2.0
971,CHP05320,月桂叶,2.0,6.0,6.0,2.0,2.0
972,CHP03596,山樱桃,2.0,4.0,4.0,2.0,2.0
973,CHP03653,蛇莓,2.0,3.0,3.0,2.0,2.0
974,CHP03659,蛇藤,2.0,3.0,3.0,2.0,2.0
975,CHP03672,神香草,2.0,4.0,4.0,2.0,2.0
976,CHP03679,肾子草,2.0,7.0,7.0,2.0,2.0
977,CHP00628,胆木,2.0,13.0,13.0,3.0,2.0
978,CHP00640,当药,2.0,3.0,3.0,3.0,2.0
979,CHP04962,羊角藤,2.0,5.0,5.0,2.0,2.0
980,CHP04682,小蓟,2.0,5.0,5.0,2.0,2.0
981,CHP04736,小叶贯众,2.0,6.0,6.0,2.0,2.0
982,CHP04971,羊蹄,2.0,4.0,4.0,2.0,2.0
983,CHP00560,大头橐吾,2.0,6.0,6.0,3.0,2.0
984,CHP00605,大叶醉鱼草,2.0,4.0,4.0,3.0,2.0
985,CHP03328,忍冬藤,2.0,16.0,16.0,2.0,2.0
986,CHP03353,入地蜈蚣,2.0,13.0,13.0,3.0,2.0
987,CHP03363,瑞香,2.0,19.0,19.0,2.0,2.0
988,CHP04918,岩椒草,2.0,13.0,13.0,4.0,2.0
989,CHP03302,瞿麦,2.0,10.0,10.0,2.0,2.0
990,CHP01786,鸡冠花,2.0,6.0,6.0,3.0,2.0
991,CHP01840,假百合,2.0,5.0,5.0,2.0,2.0
992,CHP01853,剪秋罗,2.0,3.0,3.0,2.0,2.0
993,CHP04994,洋蒲桃叶,2.0,10.0,10.0,2.0,2.0
994,CHP00376,赤瓟,2.0,8.0,8.0,2.0,2.0
995,CHP00366,橙皮,2.0,3.0,3.0,2.0,2.0
996,CHP00368,橙子,2.0,8.0,8.0,4.0,2.0
997,CHP00389,臭柏,2.0,4.0,4.0,2.0,2.0
998,CHP03027,牛心茄子,2.0,5.0,5.0,2.0,2.0
999,CHP03185,千年健,2.0,25.0,25.0,2.0,2.0
1000,CHP03506,山矾叶,2.0,4.0,4.0,2.0,2.0
1001,CHP01625,槐角,2.0,18.0,18.0,3.0,2.0
1002,CHP01695,黄栌,2.0,5.0,5.0,3.0,2.0
1003,CHP03565,山萩,2.0,5.0,5.0,2.0,2.0
1004,CHP00433,莼菜,2.0,3.0,3.0,2.0,2.0
1005,CHP03518,山胡椒,2.0,5.0,5.0,2.0,2.0
1006,CHP01593,华南吴茱萸,2.0,4.0,4.0,3.0,2.0
1007,CHP05073,野漆树,2.0,5.0,5.0,3.0,2.0
1008,CHP04888,亚麻子,2.0,4.0,4.0,2.0,2.0
1009,CHP00480,大驳骨,2.0,13.0,13.0,3.0,2.0
1010,CHP00482,大巢菜,2.0,5.0,5.0,2.0,2.0
1011,CHP03245,青钱柳,2.0,4.0,4.0,2.0,2.0
1012,CHP03254,青葙,2.0,3.0,3.0,2.0,2.0
1013,CHP01727,黄三七,2.0,7.0,7.0,2.0,2.0
1014,CHP01783,鸡骨常山,2.0,10.0,10.0,3.0,2.0
1015,CHP03398,三七花,2.0,24.0,24.0,2.0,2.0
1016,CHP03426,桑寄生,2.0,6.0,6.0,3.0,2.0
1017,CHP01858,见血清,2.0,3.0,3.0,2.0,2.0
1018,CHP01884,角蒿,2.0,10.0,10.0,4.0,2.0
1019,CHP00083,白鹤灵芝,2.0,13.0,13.0,3.0,2.0
1020,CHP00094,白花射干,2.0,9.0,9.0,4.0,2.0
1021,CHP00095,白花藤,2.0,3.0,3.0,2.0,2.0
1022,CHP00098,白花油麻藤,2.0,5.0,5.0,2.0,2.0
1023,CHP00101,白芥,2.0,3.0,3.0,2.0,2.0
1024,CHP02523,落新妇,2.0,18.0,18.0,8.0,2.0
1025,CHP05780,蟾皮,2.0,4.0,4.0,2.0,2.0
1026,CHP02501,罗汉松叶,2.0,9.0,9.0,3.0,2.0
1027,CHP02514,骆驼蓬,2.0,5.0,5.0,2.0,2.0
1028,CHP02520,落葵花,2.0,9.0,9.0,2.0,2.0
1029,CHP06128,松萝,2.0,27.0,27.0,7.0,2.0
1030,CHP06131,香蕈,2.0,9.0,9.0,2.0,2.0
1031,CHP02450,芦竹根,2.0,11.0,11.0,3.0,2.0
1032,CHP02469,鹿衔草,2.0,11.0,11.0,3.0,2.0
1033,CHP05542,珠子草,2.0,13.0,13.0,2.0,2.0
1034,CHP05975,青蛙,2.0,4.0,4.0,2.0,2.0
1035,CHP02539,绿笋片,2.0,2.0,2.0,2.0,2.0
1036,CHP05983,全蝎,2.0,3.0,3.0,2.0,2.0
1037,CHP06015,水蛭,2.0,9.0,9.0,2.0,2.0
1038,CHP05880,鸡脑,2.0,3.0,3.0,2.0,2.0
1039,CHP05922,鹿茸,2.0,7.0,7.0,2.0,2.0
1040,CHP06092,茯神,2.0,3.0,3.0,2.0,2.0
1041,CHP06080,豹皮菇,2.0,3.0,3.0,2.0,2.0
1042,CHP06040,象骨,1.0,1.0,1.0,1.0,1.0
1043,CHP00015,安哥拉八角枫,1.0,9.0,9.0,3.0,1.0
1044,CHP00026,八角枫,1.0,4.0,4.0,1.0,1.0
1045,CHP06090,茯苓,1.0,30.0,30.0,1.0,1.0
1046,CHP06073,紫河车,1.0,2.0,2.0,1.0,1.0
1047,CHP06067,雉,1.0,2.0,2.0,1.0,1.0
1048,CHP05841,海螵蛸,1.0,2.0,2.0,1.0,1.0
1049,CHP05848,黑蚂蚁,1.0,1.0,1.0,1.0,1.0
1050,CHP00137,白屈菜,1.0,58.0,58.0,4.0,1.0
1051,CHP05887,鸡子白,1.0,1.0,1.0,1.0,1.0
1052,CHP05889,鸡子壳,1.0,1.0,1.0,1.0,1.0
1053,CHP02282,荔枝叶,1.0,6.0,6.0,1.0,1.0
1054,CHP02563,马槟榔,1.0,2.0,2.0,1.0,1.0
1055,CHP00227,北豆,1.0,16.0,16.0,2.0,1.0
1056,CHP05683,紫藤,1.0,1.0,1.0,1.0,1.0
1057,CHP02649,莽草根,1.0,2.0,2.0,1.0,1.0
1058,CHP02670,毛大丁草,1.0,9.0,9.0,3.0,1.0
1059,CHP02675,毛冬青,1.0,5.0,5.0,2.0,1.0
1060,CHP02745,茅莓,1.0,2.0,2.0,1.0,1.0
1061,CHP02314,莲子心,1.0,11.0,11.0,1.0,1.0
1062,CHP02582,马蔺子,1.0,3.0,3.0,1.0,1.0
1063,CHP02597,马先蒿,1.0,2.0,2.0,1.0,1.0
1064,CHP02600,马银花,1.0,2.0,2.0,1.0,1.0
1065,CHP02531,绿豆皮,1.0,2.0,2.0,1.0,1.0
1066,CHP02216,榔榆皮,1.0,5.0,5.0,2.0,1.0
1067,CHP02218,莨菪根,1.0,4.0,4.0,2.0,1.0
1068,CHP02270,藜草,1.0,3.0,3.0,1.0,1.0
1069,CHP04169,铁线莲,1.0,2.0,2.0,1.0,1.0
1070,CHP04170,铁仔,1.0,3.0,3.0,1.0,1.0
1071,CHP04179,通花根,1.0,2.0,2.0,1.0,1.0
1072,CHP01159,杠香藤,1.0,3.0,3.0,1.0,1.0
1073,CHP04215,土百部,1.0,1.0,1.0,1.0,1.0
1074,CHP04233,土连翘,1.0,1.0,1.0,1.0,1.0
1075,CHP04253,兔儿伞,1.0,2.0,2.0,1.0,1.0
1076,CHP04303,望江南,1.0,9.0,9.0,2.0,1.0
1077,CHP04604,向日葵花,1.0,1.0,1.0,1.0,1.0
1078,CHP04612,象皮木,1.0,10.0,10.0,1.0,1.0
1079,CHP00801,东当归,1.0,2.0,2.0,1.0,1.0
1080,CHP00824,冬凌草,1.0,50.0,50.0,3.0,1.0
1081,CHP00854,毒蛆草,1.0,3.0,3.0,1.0,1.0
1082,CHP04598,香樟叶,1.0,1.0,1.0,1.0,1.0
1083,CHP04385,芜菁甘蓝,1.0,1.0,1.0,1.0,1.0
1084,CHP04392,梧桐子,1.0,2.0,2.0,1.0,1.0
1085,CHP05124,夜来香,1.0,17.0,17.0,1.0,1.0
1086,CHP00418,川西獐牙菜,1.0,2.0,2.0,1.0,1.0
1087,CHP00448,刺梨,1.0,5.0,5.0,2.0,1.0
1088,CHP00472,打碗花,1.0,3.0,3.0,1.0,1.0
1089,CHP05139,一枝蒿,1.0,4.0,4.0,1.0,1.0
1090,CHP05142,伊贝母,1.0,2.0,2.0,1.0,1.0
1091,CHP04900,芫花根,1.0,3.0,3.0,1.0,1.0
1092,CHP04901,芫荽,1.0,8.0,8.0,1.0,1.0
1093,CHP01712,黄皮根,1.0,2.0,2.0,1.0,1.0
1094,CHP03251,青天葵,1.0,5.0,5.0,1.0,1.0
1095,CHP01750,灰叶,1.0,8.0,8.0,1.0,1.0
1096,CHP05010,椰子瓤,1.0,2.0,2.0,1.0,1.0
1097,CHP05012,野百合,1.0,3.0,3.0,1.0,1.0
1098,CHP05040,野花椒根,1.0,5.0,5.0,1.0,1.0
1099,CHP00642,刀豆,1.0,25.0,25.0,1.0,1.0
1100,CHP05087,野鸦椿,1.0,3.0,3.0,1.0,1.0
1101,CHP03317,荛花,1.0,5.0,5.0,1.0,1.0
1102,CHP01716,黄皮叶,1.0,4.0,4.0,1.0,1.0
1103,CHP01719,黄杞,1.0,8.0,8.0,4.0,1.0
1104,CHP01728,黄山药,1.0,5.0,5.0,1.0,1.0
1105,CHP01759,茴香茎叶,1.0,4.0,4.0,1.0,1.0
1106,CHP01763,火索麻,1.0,8.0,8.0,2.0,1.0
1107,CHP01774,鸡蛋参,1.0,2.0,2.0,1.0,1.0
1108,CHP01775,鸡蛋果,1.0,2.0,2.0,1.0,1.0
1109,CHP03309,雀梅藤,1.0,2.0,2.0,1.0,1.0
1110,CHP01941,金丝梅,1.0,1.0,1.0,1.0,1.0
1111,CHP01946,金挖耳,1.0,3.0,3.0,1.0,1.0
1112,CHP01953,金腰,1.0,3.0,3.0,1.0,1.0
1113,CHP01957,金叶子,1.0,10.0,10.0,1.0,1.0
1114,CHP03105,辟汗草,1.0,1.0,1.0,1.0,1.0
1115,CHP03107,偏翅唐松草,1.0,3.0,3.0,1.0,1.0
1116,CHP03416,三钻风,1.0,4.0,4.0,1.0,1.0
1117,CHP04986,杨梅核仁,1.0,2.0,2.0,1.0,1.0
1118,CHP04992,洋葱,1.0,1.0,1.0,1.0,1.0
1119,CHP05004,药西瓜,1.0,1.0,1.0,1.0,1.0
1120,CHP03274,秋海棠,1.0,5.0,5.0,1.0,1.0
1121,CHP03283,秋水仙,1.0,5.0,5.0,1.0,1.0
1122,CHP03299,驱虫斑鸠菊,1.0,1.0,1.0,1.0,1.0
1123,CHP01822,蕺叶秋海棠,1.0,3.0,3.0,1.0,1.0
1124,CHP03273,秋枫木,1.0,3.0,3.0,1.0,1.0
1125,CHP05229,油柑叶,1.0,6.0,6.0,1.0,1.0
1126,CHP05159,益智,1.0,12.0,12.0,1.0,1.0
1127,CHP00364,澄茄子,1.0,4.0,4.0,1.0,1.0
1128,CHP00373,齿叶草,1.0,3.0,3.0,2.0,1.0
1129,CHP00381,赤麻,1.0,3.0,3.0,1.0,1.0
1130,CHP00393,臭茉莉,1.0,2.0,2.0,1.0,1.0
1131,CHP00351,朝鲜白头翁,1.0,3.0,3.0,2.0,1.0
1132,CHP04975,羊踯躅,1.0,15.0,15.0,1.0,1.0
1133,CHP01641,黄甘草,1.0,4.0,4.0,2.0,1.0
1134,CHP01663,黄花稔,1.0,11.0,11.0,1.0,1.0
1135,CHP03321,人参芦,1.0,2.0,2.0,1.0,1.0
1136,CHP03135,蒲黄,1.0,12.0,12.0,3.0,1.0
1137,CHP03010,牛奶树,1.0,4.0,4.0,1.0,1.0
1138,CHP03015,牛舌头,1.0,1.0,1.0,1.0,1.0
1139,CHP05198,鹰不泊,1.0,1.0,1.0,1.0,1.0
1140,CHP05218,永宁独活,1.0,5.0,5.0,1.0,1.0
1141,CHP04903,岩白菜,1.0,3.0,3.0,1.0,1.0
1142,CHP04904,岩败酱,1.0,3.0,3.0,1.0,1.0
1143,CHP03545,山莨菪,1.0,5.0,5.0,1.0,1.0
1144,CHP03547,山里红,1.0,6.0,6.0,1.0,1.0
1145,CHP03550,山柳,1.0,2.0,2.0,1.0,1.0
1146,CHP03567,山棯叶,1.0,1.0,1.0,1.0,1.0
1147,CHP01599,华山参,1.0,12.0,12.0,2.0,1.0
1148,CHP01610,化香树果,1.0,1.0,1.0,1.0,1.0
1149,CHP03180,千金子,1.0,10.0,10.0,1.0,1.0
1150,CHP03184,千年艾,1.0,1.0,1.0,1.0,1.0
1151,CHP03214,茄子,1.0,8.0,8.0,1.0,1.0
1152,CHP03223,青黛,1.0,2.0,2.0,1.0,1.0
1153,CHP02159,昆明鸡血藤,1.0,3.0,3.0,1.0,1.0
1154,CHP02029,橘核,1.0,2.0,2.0,1.0,1.0
1155,CHP05465,珍珠梅,1.0,2.0,2.0,1.0,1.0
1156,CHP05470,枕材,1.0,2.0,2.0,1.0,1.0
1157,CHP02947,南天竹叶,1.0,4.0,4.0,1.0,1.0
1158,CHP05313,圆叶茅膏菜,1.0,2.0,2.0,1.0,1.0
1159,CHP05357,芸薹,1.0,2.0,2.0,1.0,1.0
1160,CHP00308,藏青果,1.0,3.0,3.0,1.0,1.0
1161,CHP00319,草莓,1.0,2.0,2.0,1.0,1.0
1162,CHP00349,常春卫矛,1.0,6.0,6.0,1.0,1.0
1163,CHP03114,瓶尔小草,1.0,2.0,2.0,1.0,1.0
1164,CHP03162,漆大姑,1.0,4.0,4.0,1.0,1.0
1165,CHP04914,岩黄连,1.0,4.0,4.0,1.0,1.0
1166,CHP04693,小连翘,1.0,6.0,6.0,1.0,1.0
1167,CHP04698,小米草,1.0,2.0,2.0,1.0,1.0
1168,CHP04737,小叶黑柴胡,1.0,2.0,2.0,1.0,1.0
1169,CHP04746,小叶石楠,1.0,2.0,2.0,1.0,1.0
1170,CHP01697,黄栌枝叶,1.0,2.0,2.0,1.0,1.0
1171,CHP01517,胡萝卜,1.0,8.0,8.0,1.0,1.0
1172,CHP02945,南天竹根,1.0,5.0,5.0,1.0,1.0
1173,CHP03329,日中花,1.0,2.0,2.0,1.0,1.0
1174,CHP03360,蕤仁,1.0,3.0,3.0,1.0,1.0
1175,CHP04948,眼子菜,1.0,9.0,9.0,2.0,1.0
1176,CHP04956,羊耳蒜,1.0,2.0,2.0,1.0,1.0
1177,CHP04959,羊角拗子,1.0,4.0,4.0,1.0,1.0
1178,CHP00508,大花糙苏,1.0,2.0,2.0,1.0,1.0
1179,CHP00541,大青,1.0,2.0,2.0,1.0,1.0
1180,CHP00576,大叶骨碎补,1.0,4.0,4.0,1.0,1.0
1181,CHP03587,山香圆,1.0,6.0,6.0,1.0,1.0
1182,CHP04798,杏子,1.0,1.0,1.0,1.0,1.0
1183,CHP04826,悬钩子,1.0,5.0,5.0,1.0,1.0
1184,CHP04835,雪见草,1.0,2.0,2.0,1.0,1.0
1185,CHP00879,杜鹃花叶,1.0,2.0,2.0,1.0,1.0
1186,CHP04851,血竭,1.0,4.0,4.0,1.0,1.0
1187,CHP00648,倒地铃,1.0,1.0,1.0,1.0,1.0
1188,CHP00668,地不容,1.0,25.0,25.0,3.0,1.0
1189,CHP01375,黑豆衣,1.0,2.0,2.0,1.0,1.0
1190,CHP01381,黑壳楠,1.0,8.0,8.0,1.0,1.0
1191,CHP01387,黑水翠雀,1.0,3.0,3.0,1.0,1.0
1192,CHP03741,石楠,1.0,1.0,1.0,1.0,1.0
1193,CHP01430,红花龙胆,1.0,3.0,3.0,1.0,1.0
1194,CHP01463,红毛野海棠,1.0,2.0,2.0,1.0,1.0
1195,CHP03810,薯莨,1.0,1.0,1.0,1.0,1.0
1196,CHP03585,山香,1.0,12.0,12.0,1.0,1.0
1197,CHP01897,芥蓝,1.0,6.0,6.0,1.0,1.0
1198,CHP01919,金橘,1.0,2.0,2.0,1.0,1.0
1199,CHP03595,山银柴胡,1.0,2.0,2.0,1.0,1.0
1200,CHP01555,虎尾兰,1.0,2.0,2.0,2.0,1.0
1201,CHP01525,胡桃叶,1.0,2.0,2.0,1.0,1.0
1202,CHP03754,石韦,1.0,4.0,4.0,1.0,1.0
1203,CHP01568,花楸,1.0,5.0,5.0,1.0,1.0
1204,CHP01366,核桃楸果仁,1.0,6.0,6.0,2.0,1.0
1205,CHP05379,泽藓,1.0,1.0,1.0,1.0,1.0
1206,CHP00234,贝加尔唐松草,1.0,4.0,4.0,1.0,1.0
1207,CHP00235,贝母兰,1.0,6.0,6.0,3.0,1.0
1208,CHP00243,蓖麻根,1.0,8.0,8.0,2.0,1.0
1209,CHP00244,蓖麻叶,1.0,4.0,4.0,1.0,1.0
1210,CHP00269,遍地金,1.0,4.0,4.0,1.0,1.0
1211,CHP05297,郁金香根,1.0,1.0,1.0,1.0,1.0
1212,CHP05302,元宝草,1.0,8.0,8.0,4.0,1.0
1213,CHP02114,苦苣,1.0,7.0,7.0,1.0,1.0
1214,CHP02121,苦楝叶,1.0,3.0,3.0,1.0,1.0
1215,CHP02133,苦檀子,1.0,6.0,6.0,1.0,1.0
1216,CHP02149,块茎糙苏,1.0,1.0,1.0,1.0,1.0
1217,CHP03962,松节,1.0,7.0,7.0,1.0,1.0
1218,CHP01327,桂竹香,1.0,3.0,3.0,1.0,1.0
1219,CHP04059,桃根,1.0,1.0,1.0,1.0,1.0
1220,CHP04070,桃子,1.0,2.0,2.0,1.0,1.0
1221,CHP02815,棉花,1.0,1.0,1.0,1.0,1.0
1222,CHP02306,莲蓬草,1.0,3.0,3.0,2.0,1.0
1223,CHP02633,蔓性千斤拔,1.0,3.0,3.0,2.0,1.0
1224,CHP02985,牛蒡子,1.0,21.0,21.0,1.0,1.0
1225,CHP02034,橘叶巴戟,1.0,2.0,2.0,2.0,1.0
1226,CHP02035,橘子,1.0,6.0,6.0,3.0,1.0
1227,CHP02054,绢毛蔷薇,1.0,3.0,3.0,2.0,1.0
1228,CHP01992,景天三七,1.0,22.0,22.0,4.0,1.0
1229,CHP03991,粟米,1.0,5.0,5.0,1.0,1.0
1230,CHP04000,酸模,1.0,2.0,2.0,1.0,1.0
1231,CHP02824,明党参,1.0,4.0,4.0,2.0,1.0
1232,CHP02834,茉莉花,1.0,2.0,2.0,1.0,1.0
1233,CHP02847,木半夏根,1.0,3.0,3.0,1.0,1.0
1234,CHP02166,腊梅花,1.0,5.0,5.0,1.0,1.0
1235,CHP02908,木贼,1.0,16.0,16.0,4.0,1.0
1236,CHP02914,苜蓿根,1.0,2.0,2.0,1.0,1.0
1237,CHP00763,吊兰,1.0,1.0,1.0,1.0,1.0
1238,CHP00969,鄂报春,1.0,3.0,3.0,1.0,1.0
1239,CHP04527,仙人掌,1.0,3.0,3.0,1.0,1.0
1240,CHP03907,水蜈蚣,1.0,3.0,3.0,1.0,1.0
1241,CHP03910,水仙,1.0,7.0,7.0,3.0,1.0
1242,CHP03934,睡莲,1.0,5.0,5.0,1.0,1.0
1243,CHP03969,松香,1.0,6.0,6.0,1.0,1.0
1244,CHP03975,松子仁,1.0,15.0,15.0,1.0,1.0
1245,CHP05408,樟脑,1.0,1.0,1.0,1.0,1.0
1246,CHP05409,樟树皮,1.0,4.0,4.0,1.0,1.0
1247,CHP05428,长果荜茇,1.0,4.0,4.0,1.0,1.0
1248,CHP00165,白珠树,1.0,18.0,18.0,4.0,1.0
1249,CHP02785,猕猴桃根,1.0,5.0,5.0,1.0,1.0
1250,CHP04571,香茅,1.0,3.0,3.0,1.0,1.0
1251,CHP04578,香薷,1.0,8.0,8.0,1.0,1.0
1252,CHP04583,香唐松草,1.0,3.0,3.0,1.0,1.0
1253,CHP05548,猪毛蒿,1.0,3.0,3.0,1.0,1.0
1254,CHP00178,百眼藤,1.0,5.0,5.0,3.0,1.0
1255,CHP00183,柏树叶,1.0,6.0,6.0,2.0,1.0
1256,CHP00208,半枫荷,1.0,3.0,3.0,1.0,1.0
1257,CHP00210,半夏曲,1.0,2.0,2.0,1.0,1.0
1258,CHP00222,报春花,1.0,2.0,2.0,1.0,1.0
1259,CHP05380,泽泻,1.0,24.0,24.0,1.0,1.0
1260,CHP05403,樟梨,1.0,5.0,5.0,1.0,1.0
1261,CHP04098,天茄子,1.0,4.0,4.0,1.0,1.0
1262,CHP01086,芙蓉花,1.0,1.0,1.0,1.0,1.0
1263,CHP02062,咖啡,1.0,2.0,2.0,1.0,1.0
1264,CHP05581,竹叶柴胡,1.0,2.0,2.0,1.0,1.0
1265,CHP05610,姊妹树,1.0,1.0,1.0,1.0,1.0
1266,CHP05638,紫花景天,1.0,3.0,3.0,2.0,1.0
1267,CHP05650,紫堇,1.0,8.0,8.0,1.0,1.0
1268,CHP00156,白叶藤,1.0,2.0,2.0,1.0,1.0
1269,CHP04085,天花粉,1.0,5.0,5.0,1.0,1.0
1270,CHP04108,田葱,1.0,4.0,4.0,1.0,1.0
1271,CHP04110,田旋花,1.0,1.0,1.0,1.0,1.0
1272,CHP04114,甜茶,1.0,2.0,2.0,1.0,1.0
1273,CHP01099,浮叶眼子菜,1.0,13.0,13.0,1.0,1.0
1274,CHP01122,甘葛藤根,1.0,3.0,3.0,2.0,1.0
1275,CHP01126,甘薯,1.0,8.0,8.0,1.0,1.0
1276,CHP01144,干冬菜,1.0,2.0,2.0,1.0,1.0
1277,CHP01072,凤仙花,1.0,1.0,1.0,1.0,1.0
1278,CHP01163,高粱,1.0,6.0,6.0,1.0,1.0
1279,CHP01167,高山黄华,1.0,6.0,6.0,1.0,1.0
1280,CHP00130,白牛胆,1.0,1.0,1.0,1.0,1.0
1281,CHP06033,乌梢蛇,1.0,3.0,3.0,1.0,1.0
1282,CHP06035,蜈蚣,1.0,2.0,2.0,1.0,1.0
1283,CHP06038,犀角,1.0,2.0,2.0,1.0,1.0
1284,CHP05912,灵猫香,1.0,2.0,2.0,1.0,1.0
1285,CHP00947,多足蕨,1.0,9.0,9.0,1.0,1.0
1286,CHP04335,乌棒子,1.0,2.0,2.0,1.0,1.0
1287,CHP04358,乌苏里瓦韦,1.0,2.0,2.0,1.0,1.0
1288,CHP04374,无患子皮,1.0,5.0,5.0,1.0,1.0
1289,CHP01008,防风草,1.0,4.0,4.0,1.0,1.0
1290,CHP01028,榧子,1.0,1.0,1.0,1.0,1.0
1291,CHP01063,凤凰木,1.0,1.0,1.0,1.0,1.0
1292,CHP01066,凤尾茶,1.0,4.0,4.0,2.0,1.0
1293,CHP04431,五爪龙,1.0,6.0,6.0,2.0,1.0
1294,CHP04460,西洋梨,1.0,3.0,3.0,1.0,1.0
1295,CHP04463,锡生藤,1.0,9.0,9.0,4.0,1.0
1296,CHP04481,细香葱,1.0,1.0,1.0,1.0,1.0
1297,CHP04521,夏天无,1.0,5.0,5.0,1.0,1.0
1298,CHP00897,短小蛇根草,1.0,1.0,1.0,1.0,1.0
1299,CHP00902,断节参,1.0,3.0,3.0,1.0,1.0
1300,CHP00936,多裂委陵菜,1.0,3.0,3.0,1.0,1.0
1301,CHP02746,茅香,1.0,2.0,2.0,1.0,1.0
1302,CHP02644,芒萁骨,1.0,2.0,2.0,1.0,1.0
1303,CHP02077,刻裂紫堇,1.0,13.0,13.0,1.0,1.0
1304,CHP02085,苦芺,1.0,3.0,3.0,1.0,1.0
1305,CHP02095,苦地丁,1.0,27.0,27.0,2.0,1.0
1306,CHP02096,苦碟子,1.0,2.0,2.0,1.0,1.0
1307,CHP02100,苦豆子,1.0,2.0,2.0,1.0,1.0
1308,CHP02333,亮叶桦皮,1.0,3.0,3.0,1.0,1.0
1309,CHP05837,海参,1.0,1.0,1.0,1.0,1.0
1310,CHP05766,鳖甲,1.0,2.0,2.0,2.0,1.0
1311,CHP05796,灯心柳珊瑚,1.0,1.0,1.0,1.0,1.0
1312,CHP05804,蜂房,1.0,4.0,4.0,1.0,1.0
1313,CHP05694,紫薇叶,1.0,1.0,1.0,1.0,1.0
1314,CHP06167,硫磺,1.0,2.0,2.0,1.0,1.0
1315,CHP01876,胶质鼠尾草,1.0,3.0,3.0,1.0,1.0
1316,CHP03306,拳参,1.0,3.0,3.0,1.0,1.0
1317,CHP02484,轮环藤,1.0,15.0,15.0,1.0,1.0
1318,CHP02488,罗布麻,1.0,12.0,12.0,1.0,1.0
1319,CHP06118,木耳,1.0,1.0,1.0,1.0,1.0
1320,CHP02515,骆驼蓬子,1.0,2.0,2.0,2.0,1.0
1321,CHP02516,落地生根,1.0,5.0,5.0,1.0,1.0
1322,CHP02525,驴蹄草,1.0,1.0,1.0,1.0,1.0
1323,CHP05831,龟甲,1.0,5.0,5.0,2.0,1.0
1324,CHP05834,蛤蚧,1.0,3.0,3.0,1.0,1.0
1325,CHP05547,猪毛菜,1.0,4.0,4.0,1.0,1.0
1326,CHP02540,绿玉树,1.0,2.0,2.0,1.0,1.0
1327,CHP02545,麻花,1.0,6.0,6.0,1.0,1.0
1328,CHP02557,麻叶,1.0,13.0,13.0,2.0,1.0
1329,CHP01172,高山唐松草,1.0,3.0,3.0,1.0,1.0
1330,CHP04127,甜叶菊,1.0,3.0,3.0,1.0,1.0
1331,CHP02457,陆英,1.0,2.0,2.0,1.0,1.0
1332,CHP02477,露蕊乌头,1.0,5.0,5.0,3.0,1.0
1333,CHP05919,鹿角,1.0,2.0,2.0,1.0,1.0
1334,CHP06136,猪苓,1.0,9.0,9.0,1.0,1.0
1335,CHP06157,琥珀,1.0,1.0,1.0,1.0,1.0
1336,CHP06047,熊胆,1.0,6.0,6.0,1.0,1.0
1337,CHP05881,鸡内金,1.0,3.0,3.0,1.0,1.0
1338,CHP00285,伯乐树,1.0,1.0,1.0,1.0,1.0
1339,CHP00289,补血草,1.0,1.0,1.0,1.0,1.0
1340,CHP05495,枳椇根,1.0,1.0,1.0,1.0,1.0
1341,CHP00004,阿育魏实,0.0,1.0,1.0,0.0,0.0
1342,CHP00061,白刺,0.0,4.0,4.0,1.0,0.0
1343,CHP00069,白椴,0.0,1.0,1.0,0.0,0.0
1344,CHP06039,象胆,0.0,1.0,1.0,0.0,0.0
1345,CHP00086,白花菜,0.0,2.0,2.0,0.0,0.0
1346,CHP00104,白菊花根,0.0,1.0,1.0,0.0,0.0
1347,CHP05790,虫白蜡,0.0,4.0,4.0,0.0,0.0
1348,CHP05791,穿山甲,0.0,3.0,3.0,0.0,0.0
1349,CHP05795,地龙,0.0,1.0,1.0,0.0,0.0
1350,CHP02074,榼藤子,0.0,5.0,5.0,0.0,0.0
1351,CHP02084,苦艾,0.0,2.0,2.0,0.0,0.0
1352,CHP02697,毛莲蒿,0.0,1.0,1.0,0.0,0.0
1353,CHP02707,毛葡萄,0.0,1.0,1.0,0.0,0.0
1354,CHP02739,茅膏菜,0.0,3.0,3.0,0.0,0.0
1355,CHP02659,毛八角枫,0.0,1.0,1.0,0.0,0.0
1356,CHP02683,毛贯众,0.0,4.0,4.0,3.0,0.0
1357,CHP05663,紫茉莉根,0.0,3.0,3.0,0.0,0.0
1358,CHP05621,紫菜,0.0,2.0,2.0,0.0,0.0
1359,CHP00149,白土茯苓,0.0,1.0,1.0,1.0,0.0
1360,CHP05591,苎麻,0.0,3.0,3.0,0.0,0.0
1361,CHP05592,苎麻根,0.0,1.0,1.0,0.0,0.0
1362,CHP00276,柄果槲寄生,0.0,1.0,1.0,1.0,0.0
1363,CHP02339,蓼实,0.0,2.0,2.0,0.0,0.0
1364,CHP02416,龙须藤,0.0,28.0,28.0,1.0,0.0
1365,CHP02427,龙眼肉,0.0,1.0,1.0,0.0,0.0
1366,CHP02861,木防己,0.0,13.0,13.0,0.0,0.0
1367,CHP02777,蒙自草胡椒,0.0,9.0,9.0,0.0,0.0
1368,CHP02782,迷果芹,0.0,1.0,1.0,0.0,0.0
1369,CHP02784,猕猴桃,0.0,2.0,2.0,0.0,0.0
1370,CHP02813,绵藤,0.0,1.0,1.0,0.0,0.0
1371,CHP05383,泽珍珠菜,0.0,2.0,2.0,0.0,0.0
1372,CHP00176,百蕊草,0.0,1.0,1.0,0.0,0.0
1373,CHP05612,梓木,0.0,7.0,7.0,2.0,0.0
1374,CHP02296,痢止蒿,0.0,4.0,4.0,1.0,0.0
1375,CHP02304,莲房,0.0,5.0,5.0,0.0,0.0
1376,CHP02640,芒果叶,0.0,2.0,2.0,0.0,0.0
1377,CHP02872,木姜子,0.0,8.0,8.0,0.0,0.0
1378,CHP02878,木槿花,0.0,3.0,3.0,0.0,0.0
1379,CHP02920,南川升麻,0.0,2.0,2.0,1.0,0.0
1380,CHP02831,魔芋,0.0,1.0,1.0,0.0,0.0
1381,CHP02844,牡蒿,0.0,2.0,2.0,0.0,0.0
1382,CHP04270,瓦松,0.0,2.0,2.0,0.0,0.0
1383,CHP04283,碗蕨,0.0,2.0,2.0,0.0,0.0
1384,CHP04297,王孙,0.0,1.0,1.0,0.0,0.0
1385,CHP04299,网脉橐吾,0.0,2.0,2.0,1.0,0.0
1386,CHP04322,榅桲,0.0,1.0,1.0,0.0,0.0
1387,CHP04208,透骨草,0.0,2.0,2.0,0.0,0.0
1388,CHP04224,土丁桂,0.0,1.0,1.0,0.0,0.0
1389,CHP04238,土木香,0.0,2.0,2.0,0.0,0.0
1390,CHP04461,菥蓂,0.0,1.0,1.0,0.0,0.0
1391,CHP04465,溪黄草,0.0,7.0,7.0,0.0,0.0
1392,CHP01076,凤眼草,0.0,8.0,8.0,0.0,0.0
1393,CHP01226,枸骨根,0.0,1.0,1.0,0.0,0.0
1394,CHP01232,枸橘核,0.0,4.0,4.0,1.0,0.0
1395,CHP01255,拐芹,0.0,2.0,2.0,1.0,0.0
1396,CHP01262,观音草,0.0,1.0,1.0,0.0,0.0
1397,CHP04021,锁阳,0.0,2.0,2.0,0.0,0.0
1398,CHP04334,窝儿七,0.0,2.0,2.0,0.0,0.0
1399,CHP04340,乌骨藤,0.0,1.0,1.0,0.0,0.0
1400,CHP04344,乌桕木根皮,0.0,2.0,2.0,1.0,0.0
1401,CHP00928,多花蒿,0.0,10.0,10.0,0.0,0.0
1402,CHP00939,多伞阿魏,0.0,12.0,12.0,0.0,0.0
1403,CHP04475,细果角茴香,0.0,1.0,1.0,0.0,0.0
1404,CHP00882,杜松,0.0,17.0,17.0,0.0,0.0
1405,CHP04459,西洋接骨木,0.0,4.0,4.0,0.0,0.0
1406,CHP04359,乌药,0.0,19.0,19.0,0.0,0.0
1407,CHP04367,无根藤,0.0,4.0,4.0,0.0,0.0
1408,CHP00993,番石榴皮,0.0,2.0,2.0,0.0,0.0
1409,CHP00994,番石榴叶,0.0,3.0,3.0,0.0,0.0
1410,CHP04324,文冠果,0.0,4.0,4.0,0.0,0.0
1411,CHP04328,文竹,0.0,1.0,1.0,0.0,0.0
1412,CHP04329,问荆,0.0,4.0,4.0,1.0,0.0
1413,CHP04330,蕹菜,0.0,2.0,2.0,0.0,0.0
1414,CHP04052,唐古特青兰,0.0,2.0,2.0,0.0,0.0
1415,CHP01216,狗屎花,0.0,1.0,1.0,0.0,0.0
1416,CHP01570,花生油,0.0,3.0,3.0,0.0,0.0
1417,CHP01580,华东膜蕨,0.0,25.0,25.0,0.0,0.0
1418,CHP03689,胜红蓟,0.0,1.0,1.0,0.0,0.0
1419,CHP03696,十大功劳,0.0,12.0,12.0,0.0,0.0
1420,CHP03718,石荠苎,0.0,8.0,8.0,0.0,0.0
1421,CHP01348,蔊菜,0.0,2.0,2.0,0.0,0.0
1422,CHP01480,红雀珊瑚,0.0,2.0,2.0,0.0,0.0
1423,CHP03881,水木草,0.0,1.0,1.0,0.0,0.0
1424,CHP03889,水芹,0.0,2.0,2.0,0.0,0.0
1425,CHP01111,阜康阿魏根,0.0,7.0,7.0,0.0,0.0
1426,CHP01123,甘菊,0.0,2.0,2.0,0.0,0.0
1427,CHP01156,岗松,0.0,1.0,1.0,0.0,0.0
1428,CHP04113,甜菜,0.0,3.0,3.0,0.0,0.0
1429,CHP04119,甜瓜蒂,0.0,4.0,4.0,0.0,0.0
1430,CHP00799,东北延胡索,0.0,4.0,4.0,0.0,0.0
1431,CHP00807,东莨菪,0.0,2.0,2.0,0.0,0.0
1432,CHP04622,小百部,0.0,1.0,1.0,0.0,0.0
1433,CHP04666,小花盾叶薯蓣,0.0,1.0,1.0,0.0,0.0
1434,CHP04667,小花鬼针草,0.0,6.0,6.0,1.0,0.0
1435,CHP04535,咸酸蔃,0.0,1.0,1.0,1.0,0.0
1436,CHP04550,香柏,0.0,3.0,3.0,0.0,0.0
1437,CHP04558,香根芹,0.0,2.0,2.0,0.0,0.0
1438,CHP04163,铁树叶,0.0,1.0,1.0,0.0,0.0
1439,CHP04171,铁轴草,0.0,2.0,2.0,1.0,0.0
1440,CHP04174,通草,0.0,24.0,24.0,0.0,0.0
1441,CHP04181,通脉丹,0.0,2.0,2.0,0.0,0.0
1442,CHP04379,无漏子,0.0,1.0,1.0,0.0,0.0
1443,CHP04404,五加皮,0.0,3.0,3.0,0.0,0.0
1444,CHP04409,五气朝阳草,0.0,9.0,9.0,1.0,0.0
1445,CHP00795,东北蛔蒿,0.0,3.0,3.0,0.0,0.0
1446,CHP01369,鹤草芽,0.0,3.0,3.0,0.0,0.0
1447,CHP01398,黑种草,0.0,7.0,7.0,1.0,0.0
1448,CHP03770,柿,0.0,1.0,1.0,0.0,0.0
1449,CHP03449,沙塘木,0.0,9.0,9.0,3.0,0.0
1450,CHP03453,沙枣,0.0,1.0,1.0,0.0,0.0
1451,CHP03456,沙枣树皮,0.0,2.0,2.0,1.0,0.0
1452,CHP03464,砂生槐,0.0,1.0,1.0,0.0,0.0
1453,CHP03487,山橙,0.0,6.0,6.0,0.0,0.0
1454,CHP00662,稻芽,0.0,2.0,2.0,0.0,0.0
1455,CHP00667,地柏枝,0.0,1.0,1.0,0.0,0.0
1456,CHP00671,地丁,0.0,1.0,1.0,0.0,0.0
1457,CHP04753,小芸木,0.0,4.0,4.0,0.0,0.0
1458,CHP03568,山稔叶,0.0,1.0,1.0,0.0,0.0
1459,CHP03569,山珊瑚,0.0,1.0,1.0,0.0,0.0
1460,CHP01420,红根草,0.0,6.0,6.0,0.0,0.0
1461,CHP01432,红花绿绒蒿,0.0,9.0,9.0,2.0,0.0
1462,CHP01472,红楠,0.0,6.0,6.0,0.0,0.0
1463,CHP00965,鹅掌楸,0.0,12.0,12.0,0.0,0.0
1464,CHP00988,番木瓜叶,0.0,1.0,1.0,0.0,0.0
1465,CHP00991,番石榴干,0.0,1.0,1.0,0.0,0.0
1466,CHP00729,灯盏细辛,0.0,17.0,17.0,1.0,0.0
1467,CHP00768,钓樟枝叶,0.0,1.0,1.0,0.0,0.0
1468,CHP04839,雪莲花,0.0,4.0,4.0,1.0,0.0
1469,CHP00649,倒吊笔,0.0,2.0,2.0,0.0,0.0
1470,CHP01349,旱莲花,0.0,2.0,2.0,1.0,0.0
1471,CHP01359,河套大黄,0.0,2.0,2.0,0.0,0.0
1472,CHP01362,荷梗,0.0,1.0,1.0,0.0,0.0
1473,CHP01201,功劳子,0.0,1.0,1.0,0.0,0.0
1474,CHP03911,水仙根,0.0,6.0,6.0,0.0,0.0
1475,CHP03918,水杨梅,0.0,2.0,2.0,0.0,0.0
1476,CHP03921,水杨枝叶,0.0,1.0,1.0,1.0,0.0
1477,CHP03933,睡菜根,0.0,1.0,1.0,0.0,0.0
1478,CHP01614,桦树皮,0.0,5.0,5.0,0.0,0.0
1479,CHP01665,黄花铁线莲,0.0,3.0,3.0,0.0,0.0
1480,CHP01675,黄堇,0.0,3.0,3.0,0.0,0.0
1481,CHP01677,黄荆根,0.0,2.0,2.0,1.0,0.0
1482,CHP01594,华南皂荚,0.0,1.0,1.0,0.0,0.0
1483,CHP01596,华千金藤,0.0,8.0,8.0,0.0,0.0
1484,CHP01604,华中瘤足蕨,0.0,1.0,1.0,0.0,0.0
1485,CHP03520,山胡椒叶,0.0,2.0,2.0,0.0,0.0
1486,CHP00635,淡竹叶,0.0,1.0,1.0,0.0,0.0
1487,CHP04972,羊蹄草,0.0,1.0,1.0,0.0,0.0
1488,CHP00571,大叶桉叶,0.0,7.0,7.0,2.0,0.0
1489,CHP04920,岩筋菜,0.0,4.0,4.0,0.0,0.0
1490,CHP04933,岩乌头,0.0,1.0,1.0,0.0,0.0
1491,CHP04960,羊角棉,0.0,2.0,2.0,0.0,0.0
1492,CHP04869,鸭儿芹,0.0,1.0,1.0,0.0,0.0
1493,CHP03364,瑞香根,0.0,4.0,4.0,0.0,0.0
1494,CHP03649,蛇菰,0.0,19.0,19.0,0.0,0.0
1495,CHP03650,蛇果黄堇,0.0,2.0,2.0,0.0,0.0
1496,CHP03656,蛇婆子,0.0,3.0,3.0,0.0,0.0
1497,CHP04717,小通草,0.0,14.0,14.0,0.0,0.0
1498,CHP00583,大叶蒟,0.0,2.0,2.0,0.0,0.0
1499,CHP00586,大叶马尾连,0.0,13.0,13.0,0.0,0.0
1500,CHP00599,大叶香薷,0.0,1.0,1.0,0.0,0.0
1501,CHP00629,胆南星,0.0,1.0,1.0,0.0,0.0
1502,CHP01546,槲叶,0.0,1.0,1.0,0.0,0.0
1503,CHP01563,花椒簕,0.0,1.0,1.0,0.0,0.0
1504,CHP01566,花锚,0.0,4.0,4.0,0.0,0.0
1505,CHP03673,肾茶,0.0,27.0,27.0,0.0,0.0
1506,CHP01499,红直獐牙菜,0.0,1.0,1.0,0.0,0.0
1507,CHP01505,厚皮树,0.0,5.0,5.0,0.0,0.0
1508,CHP01520,胡麻仁,0.0,1.0,1.0,0.0,0.0
1509,CHP03606,山芝麻,0.0,2.0,2.0,1.0,0.0
1510,CHP03365,瑞香花,0.0,2.0,2.0,1.0,0.0
1511,CHP03375,三叉凤尾蕨,0.0,1.0,1.0,0.0,0.0
1512,CHP03401,三色堇,0.0,1.0,1.0,1.0,0.0
1513,CHP03425,桑根,0.0,2.0,2.0,0.0,0.0
1514,CHP01708,黄缅桂,0.0,2.0,2.0,0.0,0.0
1515,CHP01963,金樱叶,0.0,1.0,1.0,0.0,0.0
1516,CHP01856,见血飞,0.0,3.0,3.0,0.0,0.0
1517,CHP01868,浆果苋,0.0,1.0,1.0,0.0,0.0
1518,CHP03258,青叶胆,0.0,19.0,19.0,0.0,0.0
1519,CHP03266,清明花,0.0,5.0,5.0,0.0,0.0
1520,CHP03270,苘麻子,0.0,3.0,3.0,1.0,0.0
1521,CHP01758,茴香根,0.0,1.0,1.0,0.0,0.0
1522,CHP01764,火炭母草,0.0,1.0,1.0,0.0,0.0
1523,CHP01724,黄秦艽,0.0,2.0,2.0,0.0,0.0
1524,CHP01733,黄蜀葵花,0.0,1.0,1.0,0.0,0.0
1525,CHP01748,黄紫堇,0.0,3.0,3.0,0.0,0.0
1526,CHP00428,春福寿草,0.0,3.0,3.0,0.0,0.0
1527,CHP00430,椿白皮,0.0,1.0,1.0,0.0,0.0
1528,CHP05009,椰子皮,0.0,1.0,1.0,0.0,0.0
1529,CHP05032,野菰,0.0,1.0,1.0,0.0,0.0
1530,CHP05041,野花椒皮,0.0,2.0,2.0,0.0,0.0
1531,CHP05042,野花椒叶,0.0,4.0,4.0,1.0,0.0
1532,CHP05066,野茉莉,0.0,12.0,12.0,0.0,0.0
1533,CHP03257,青羊参,0.0,2.0,2.0,0.0,0.0
1534,CHP03541,山蒟,0.0,2.0,2.0,0.0,0.0
1535,CHP03552,山萝卜,0.0,1.0,1.0,0.0,0.0
1536,CHP03440,沙冬青,0.0,2.0,2.0,0.0,0.0
1537,CHP04897,延胡索,0.0,19.0,19.0,1.0,0.0
1538,CHP04899,芫花,0.0,1.0,1.0,0.0,0.0
1539,CHP00463,楤木,0.0,4.0,4.0,0.0,0.0
1540,CHP05096,野罂粟,0.0,6.0,6.0,0.0,0.0
1541,CHP05121,夜合花,0.0,2.0,2.0,0.0,0.0
1542,CHP03002,牛筋果,0.0,7.0,7.0,0.0,0.0
1543,CHP03018,牛尾菜,0.0,1.0,1.0,0.0,0.0
1544,CHP03050,欧当归,0.0,3.0,3.0,1.0,0.0
1545,CHP03194,芡实,0.0,3.0,3.0,1.0,0.0
1546,CHP03201,茜草藤,0.0,1.0,1.0,0.0,0.0
1547,CHP03212,乔木紫珠,0.0,1.0,1.0,0.0,0.0
1548,CHP03216,窃衣,0.0,1.0,1.0,0.0,0.0
1549,CHP03148,铺地蜈蚣,0.0,14.0,14.0,0.0,0.0
1550,CHP00372,齿瓣延胡索,0.0,2.0,2.0,0.0,0.0
1551,CHP00374,齿叶橐吾,0.0,2.0,2.0,1.0,0.0
1552,CHP05188,银叶树,0.0,1.0,1.0,0.0,0.0
1553,CHP05191,淫羊藿根,0.0,1.0,1.0,0.0,0.0
1554,CHP05192,印度九里香,0.0,1.0,1.0,0.0,0.0
1555,CHP05194,罂粟,0.0,7.0,7.0,0.0,0.0
1556,CHP05195,罂粟壳,0.0,3.0,3.0,0.0,0.0
1557,CHP02998,牛角瓜,0.0,2.0,2.0,0.0,0.0
1558,CHP03243,青皮,0.0,2.0,2.0,1.0,0.0
1559,CHP04985,杨梅根,0.0,7.0,7.0,1.0,0.0
1560,CHP05005,药用倒提壶,0.0,3.0,3.0,0.0,0.0
1561,CHP00394,臭牡丹,0.0,4.0,4.0,0.0,0.0
1562,CHP05252,柚子,0.0,1.0,1.0,1.0,0.0
1563,CHP05267,鱼腥草,0.0,1.0,1.0,0.0,0.0
1564,CHP05274,榆树,0.0,1.0,1.0,0.0,0.0
1565,CHP00359,车桑仔叶,0.0,5.0,5.0,1.0,0.0
1566,CHP01885,角茴香,0.0,4.0,4.0,0.0,0.0
1567,CHP01802,鸡眼草,0.0,2.0,2.0,0.0,0.0
1568,CHP01810,姬蕨,0.0,6.0,6.0,0.0,0.0
1569,CHP01811,吉林乌头,0.0,1.0,1.0,0.0,0.0
1570,CHP01829,蓟罂粟,0.0,7.0,7.0,0.0,0.0
1571,CHP01847,假连翘,0.0,6.0,6.0,0.0,0.0
1572,CHP01788,鸡冠子,0.0,1.0,1.0,0.0,0.0
1573,CHP01797,鸡嗉子,0.0,4.0,4.0,0.0,0.0
1574,CHP02946,南天竹梗,0.0,1.0,1.0,0.0,0.0
1575,CHP01903,金草,0.0,2.0,2.0,1.0,0.0
1576,CHP01909,金冠鳞毛蕨,0.0,1.0,1.0,1.0,0.0
1577,CHP01910,金光菊,0.0,2.0,2.0,1.0,0.0
1578,CHP01918,金锦香,0.0,1.0,1.0,0.0,0.0
1579,CHP03094,披针叶野决明,0.0,5.0,5.0,0.0,0.0
1580,CHP01888,接骨丹,0.0,1.0,1.0,1.0,0.0
1581,CHP03053,欧鼠李,0.0,2.0,2.0,0.0,0.0
1582,CHP05355,云实叶,0.0,1.0,1.0,0.0,0.0
1583,CHP00294,菜蓟,0.0,4.0,4.0,0.0,0.0
1584,CHP00318,草胡椒,0.0,1.0,1.0,0.0,0.0
1585,CHP05306,圆萼刺参,0.0,2.0,2.0,0.0,0.0
1586,CHP05325,月见草,0.0,2.0,2.0,0.0,0.0
1587,CHP05329,越橘叶,0.0,3.0,3.0,0.0,0.0
1588,CHP05280,禹州漏芦,0.0,6.0,6.0,0.0,0.0
1589,CHP02941,南蛇藤叶,0.0,1.0,1.0,0.0,0.0
1590,CHP05171,银背藤,0.0,1.0,1.0,0.0,0.0
1591,CHP05173,银不换,0.0,1.0,1.0,0.0,0.0
1592,CHP05175,银粉背蕨,0.0,1.0,1.0,1.0,0.0
1593,CHP00332,茶条槭,0.0,2.0,2.0,1.0,0.0
1594,CHP05361,芸香草,0.0,4.0,4.0,0.0,0.0
1595,CHP05364,仔榄树,0.0,2.0,2.0,0.0,0.0
1596,CHP05373,皂角刺,0.0,2.0,2.0,0.0,0.0
1597,CHP05353,云实,0.0,1.0,1.0,0.0,0.0
1598,CHP03159,桤木,0.0,3.0,3.0,0.0,0.0
1599,CHP03177,千解草,0.0,4.0,4.0,2.0,0.0
1600,CHP03110,飘拂草,0.0,1.0,1.0,0.0,0.0
1601,CHP03113,苹果,0.0,1.0,1.0,0.0,0.0
1602,CHP03124,破布木,0.0,5.0,5.0,0.0,0.0
1603,CHP01935,金雀根,0.0,1.0,1.0,0.0,0.0
1604,CHP05163,翼首草,0.0,14.0,14.0,1.0,0.0
1605,CHP05170,茵芋,0.0,2.0,2.0,0.0,0.0
1606,CHP02987,牛扁,0.0,3.0,3.0,0.0,0.0
1607,CHP02000,九里香根,0.0,2.0,2.0,0.0,0.0
1608,CHP02007,韭菜,0.0,4.0,4.0,0.0,0.0
1609,CHP02012,酒饼叶,0.0,7.0,7.0,0.0,0.0
1610,CHP02026,橘白,0.0,1.0,1.0,1.0,0.0
1611,CHP02971,柠檬根,0.0,2.0,2.0,0.0,0.0
1612,CHP02983,牛蒡根,0.0,3.0,3.0,0.0,0.0
1613,CHP02925,南瓜,0.0,3.0,3.0,0.0,0.0
1614,CHP05450,照山白,0.0,2.0,2.0,0.0,0.0
1615,CHP05456,浙贝母,0.0,3.0,3.0,0.0,0.0
1616,CHP05461,鹧鸪菜,0.0,1.0,1.0,0.0,0.0
1617,CHP05467,真藓,0.0,1.0,1.0,0.0,0.0
1618,CHP02130,苦绳,0.0,3.0,3.0,0.0,0.0
1619,CHP02031,橘络,0.0,8.0,8.0,1.0,0.0
1620,CHP02032,橘皮,0.0,7.0,7.0,0.0,0.0
1621,CHP02049,卷丹,0.0,1.0,1.0,0.0,0.0
1622,CHP00254,鞭打绣球,0.0,1.0,1.0,0.0,0.0
1623,CHP00261,扁桃斑鸠菊,0.0,2.0,2.0,0.0,0.0
1624,CHP00265,扁竹根,0.0,1.0,1.0,0.0,0.0
1625,CHP00272,滨海前胡,0.0,2.0,2.0,0.0,0.0
1626,CHP05481,栀子叶,0.0,1.0,1.0,0.0,0.0
1627,CHP05486,蜘蛛香,0.0,10.0,10.0,4.0,0.0
1628,CHP00239,荜茇根,0.0,3.0,3.0,0.0,0.0
1629,CHP05435,长尾复叶耳蕨,0.0,1.0,1.0,0.0,0.0
1630,CHP03056,藕节,0.0,1.0,1.0,0.0,0.0
1631,CHP03075,泡桐,0.0,4.0,4.0,0.0,0.0
1632,CHP03077,泡桐果,0.0,2.0,2.0,0.0,0.0
1633,CHP03081,炮姜,0.0,1.0,1.0,0.0,0.0
1634,CHP05295,芋头,0.0,4.0,4.0,0.0,0.0
1635,CHP05304,圆柏,0.0,5.0,5.0,0.0,0.0
1636,CHP00247,薜荔,0.0,2.0,2.0,0.0,0.0
1637,CHP00250,篦子三尖杉,0.0,1.0,1.0,0.0,0.0
1638,CHP05877,鸡胆,0.0,2.0,2.0,0.0,0.0
1639,CHP00057,白草莓,0.0,2.0,2.0,0.0,0.0
1640,CHP00053,白背叶,0.0,7.0,7.0,4.0,0.0
1641,CHP00050,白八角莲,0.0,1.0,1.0,0.0,0.0
1642,CHP00042,巴西胡桐,0.0,10.0,10.0,2.0,0.0
1643,CHP00038,巴豆霜,0.0,1.0,1.0,0.0,0.0
1644,CHP06099,红曲,0.0,2.0,2.0,0.0,0.0
1645,CHP05800,鹅臎,0.0,1.0,1.0,0.0,0.0
1646,CHP06134,云芝,0.0,16.0,16.0,2.0,0.0
1647,CHP06156,红粉,0.0,1.0,1.0,1.0,0.0
1648,CHP05882,鸡肉,0.0,1.0,1.0,0.0,0.0
1649,CHP05955,蜜蜡,0.0,3.0,3.0,1.0,0.0
1650,CHP05840,海马,0.0,3.0,3.0,0.0,0.0
1651,CHP05843,海燕,0.0,2.0,2.0,0.0,0.0
1652,CHP05853,猴枣,0.0,1.0,1.0,0.0,0.0
1653,CHP05866,鲩鱼,0.0,1.0,1.0,0.0,0.0
1654,CHP02589,马桑根,0.0,1.0,1.0,0.0,0.0
1655,CHP02591,马桑叶,0.0,4.0,4.0,0.0,0.0
1656,CHP02609,麦瓶草,0.0,1.0,1.0,0.0,0.0
1657,CHP02544,麻根,0.0,6.0,6.0,0.0,0.0
1658,CHP02547,麻黄根,0.0,21.0,21.0,0.0,0.0
1659,CHP02561,马比木,0.0,1.0,1.0,0.0,0.0
1660,CHP00286,博落回,0.0,3.0,3.0,0.0,0.0
1661,CHP05539,珠芽半支,0.0,2.0,2.0,0.0,0.0
1662,CHP05670,紫萁,0.0,2.0,2.0,0.0,0.0
1663,CHP05681,紫穗槐,0.0,2.0,2.0,1.0,0.0
1664,CHP05692,紫薇花,0.0,1.0,1.0,0.0,0.0
1665,CHP02178,莱菔,0.0,5.0,5.0,0.0,0.0
1666,CHP02250,了哥王根,0.0,7.0,7.0,0.0,0.0
1667,CHP02258,棱子芹,0.0,4.0,4.0,1.0,0.0
1668,CHP02284,栗柄金粉蕨,0.0,1.0,1.0,0.0,0.0
1669,CHP02567,马蛋果,0.0,2.0,2.0,1.0,0.0
1670,CHP01040,粪箕笃,0.0,4.0,4.0,2.0,0.0
1671,CHP01050,风箱树叶,0.0,1.0,1.0,0.0,0.0
1672,CHP01054,枫香寄生,0.0,3.0,3.0,1.0,0.0
1673,CHP01012,防己叶菝葜,0.0,1.0,1.0,0.0,0.0
1674,CHP01013,飞机草,0.0,2.0,2.0,0.0,0.0
1675,CHP01020,飞扬草,0.0,1.0,1.0,1.0,0.0
1676,CHP01029,肺形草,0.0,5.0,5.0,0.0,0.0
1677,CHP04352,乌蔹莓,0.0,1.0,1.0,0.0,0.0
1678,CHP06125,石花,0.0,7.0,7.0,1.0,0.0
1679,CHP06130,太白花,0.0,1.0,1.0,0.0,0.0
1680,CHP02456,陆地棉,0.0,3.0,3.0,1.0,0.0
1681,CHP06060,原蚕沙,0.0,6.0,6.0,0.0,0.0
1682,CHP01170,高山辣根菜,0.0,1.0,1.0,0.0,0.0
1683,CHP04139,铁海棠,0.0,6.0,6.0,1.0,0.0
1684,CHP04150,铁力木,0.0,17.0,17.0,1.0,0.0
1685,CHP01030,分心木,0.0,4.0,4.0,0.0,0.0
1686,CHP05807,蜂蜜,0.0,5.0,5.0,1.0,0.0
1687,CHP05824,狗肉,0.0,1.0,1.0,0.0,0.0
1688,CHP05835,蛤壳,0.0,1.0,1.0,0.0,0.0
1689,CHP02511,萝藦子,0.0,5.0,5.0,0.0,0.0
1690,CHP02519,落葵,0.0,1.0,1.0,0.0,0.0
1691,CHP02459,鹿葱,0.0,1.0,1.0,0.0,0.0
1692,CHP02472,路路通,0.0,10.0,10.0,0.0,0.0
1693,CHP02504,罗勒子,0.0,1.0,1.0,0.0,0.0
1694,CHP00079,白果槲寄生,0.0,4.0,4.0,0.0,0.0
1695,CHP05712,紫珠,0.0,1.0,1.0,1.0,0.0
1696,CHP05729,总状绿绒蒿,0.0,1.0,1.0,0.0,0.0
1697,CHP05753,斑鸠,0.0,1.0,1.0,0.0,0.0
1698,CHP05772,蚕蛾,0.0,1.0,1.0,0.0,0.0
1699,CHP05778,蝉蜕,0.0,8.0,8.0,1.0,0.0
1700,CHP00225,暴马子皮,0.0,1.0,1.0,0.0,0.0
1701,CHP00141,白薯莨,0.0,2.0,2.0,1.0,0.0
