CHP_ID,Chinese_herbal_pieces,total_score
CHP01416,红豆杉,430.49911762
CHP04552,香茶菜,378.63154468
CHP00014,艾叶,272.14812938
CHP00689,地黄,234.9589092
CHP01118,甘草,232.8097314
CHP02748,没药,227.40320478
CHP00341,柴胡,226.51273257
CHP06111,灵芝,224.17182407
CHP01886,绞股蓝,212.68473877
CHP00417,川乌,203.42140114
CHP02254,雷公藤,198.05443713
CHP00984,番荔枝,189.89884331
CHP00216,薄荷,183.19159845
CHP00162,白芷,179.20825406
CHP00617,丹参,176.21493492
CHP00030,八角茴香,175.27852664
CHP00360,沉香,174.06438826
CHP00412,川贝母,174.00594504
CHP00513,大黄,159.31101772
CHP00948,莪术,158.34903307
CHP04419,五味子,155.51582354
CHP00168,百部,145.66820073
CHP00355,车前草,145.43446205
CHP00543,板蓝根,145.06877016
CHP03024,牛膝,130.25667634
CHP01717,黄芪,129.81635087
CHP01206,钩藤,125.08489787
CHP00608,大枣,121.52834236
CHP00274,槟榔,119.19020451
CHP00812,冬瓜皮,118.7451777
CHP00019,安息香,118.04999452
CHP00638,当归,117.49344427
CHP01516,胡芦巴,115.75128577
CHP00288,补骨脂,115.4358904
CHP00209,半夏,115.03500681
CHP05190,淫羊藿,113.91261183
CHP01958,金银花,113.64089899
CHP03682,升麻,110.35698667
CHP00039,巴戟天,109.68009918
CHP03423,桑白皮,107.77221898
CHP03319,人参,105.30725693
CHP01898,芥子,104.24983394
CHP01236,枸杞子,102.94166563
CHP00170,百合,102.84794754
CHP00037,巴豆,102.44341568
CHP02098,苦丁茶,101.79256735
CHP00306,藏红花,99.13335278
CHP00121,白毛藤,98.37476682
CHP03229,青蒿,95.60906318
CHP00032,八角莲,93.72952289
CHP00779,丁香,92.3530198
CHP00333,茶叶,92.22129941
CHP05646,紫金牛,91.44071054
CHP02298,连翘,90.86140626
CHP05319,远志,90.47442329
CHP00003,阿魏,89.21617753
CHP00142,白术,88.62637698
CHP00151,白鲜皮,88.50230488
CHP00419,川芎,88.46444406
CHP04565,香加皮,87.12320218
CHP02176,辣木,85.86867397
CHP03635,芍药,84.28806971
CHP01425,红花,84.26375454
CHP02017,桔梗,82.79149075
CHP00229,北沙参,81.91698725
CHP04818,续断,81.19806671
CHP03397,三七,81.15592686
CHP02495,罗汉果,79.66810378
CHP01623,槐花,79.64398427
CHP05675,紫杉,79.14276543
CHP00303,苍术,79.09611369
CHP00519,大戟,78.98896059
CHP01515,胡椒,78.9832964
CHP00212,半枝莲,77.87932834
CHP00720,地榆,77.649878
CHP03049,女贞子,76.88620364
CHP02172,辣椒,76.50486138
CHP01681,黄荆子,75.76067377
CHP01374,黑豆,75.53293775
CHP05477,知母,75.49523128
CHP01508,厚朴,74.570781
CHP01146,干姜,73.00063396
CHP03630,商陆,72.67614334
CHP00857,独活,71.51443898
CHP00431,椿皮,71.50148323
CHP00146,白头翁,70.58932489
CHP00415,川木通,70.24729506
CHP01110,附子,70.14863289
CHP00114,白蔹,69.57783771
CHP02090,苦参,69.37451191
CHP00612,代代花,68.83963591
CHP00201,半边莲,68.53657361
CHP03102,枇杷叶,68.52993178
CHP04075,藤黄,68.48458573
CHP00672,地耳草,68.23256243
CHP02119,苦楝皮,68.09920441
CHP01246,瓜蒌,67.86964096
CHP00048,菝葜,67.6748347
CHP05417,长春花,67.14554911
CHP00422,穿心莲,67.13635755
CHP00258,扁豆,67.13597869
CHP01058,蜂斗菜,66.87843033
CHP00361,陈皮,66.23129841
CHP01801,鸡血藤,65.98386569
CHP00150,白薇,65.92275046
CHP03202,羌活,65.83063662
CHP00884,杜仲,65.19806046
CHP05992,人中白,64.079987
CHP00088,白花菜子,63.730724714
CHP00455,刺桐,63.14833159
CHP03444,沙棘,63.13530701
CHP01999,九里香,62.74638606
CHP01045,风藤,62.62768299
CHP00322,草乌,62.43791383
CHP02546,麻黄,61.64335144
CHP00135,白前,61.25530414
CHP01818,蒺藜,61.17668373
CHP02568,马兜铃,60.36843823
CHP01983,荆芥,59.76796398
CHP00326,侧柏叶,59.3867394
CHP00557,大蒜,59.26040301
CHP03193,前胡,59.19031178
CHP00819,冬葵果,59.18454225
CHP02155,款冬花,58.913555009999996
CHP03198,茜草,58.89751667
CHP03352,乳香,58.56996793
CHP04065,桃仁,58.5665278
CHP02019,菊花,58.27624721
CHP01514,胡黄连,58.19171128
CHP03323,人参叶,58.06879065
CHP01871,降香,57.61164321
CHP02023,菊苣,56.71548161
CHP04231,土槿皮,56.62460995
CHP02037,蒟蒻薯,56.38532816
CHP00252,萹蓄,55.99858849
CHP05782,蟾酥,55.82627177
CHP00241,萆薢,55.2561695
CHP03698,十大功劳叶,55.02153402
CHP01207,钩吻,54.84628004
CHP00885,杜仲叶,54.73785412
CHP00106,白蜡树皮,54.676266489999996
CHP05157,益母草,54.56137405
CHP03683,生姜,54.44717192
CHP05805,蜂胶,52.32311909
CHP01130,甘遂,51.879984
CHP00300,苍耳子,51.63336865
CHP01260,关黄柏,51.2498596
CHP02400,龙胆草,50.92326548
CHP03341,肉苁蓉,50.88428033
CHP02606,麦冬,50.6873026
CHP00187,败酱草,50.19362912
CHP03175,千层塔,49.46770587
CHP01771,藿香,49.34779165
CHP02125,苦木,49.31440883
CHP02566,马齿苋,49.19589105
CHP01561,花椒,48.92445831
CHP00520,大蓟,48.88087962
CHP03716,石斛,48.72679691
CHP00641,党参,48.50827678
CHP02443,芦荟,48.16234404
CHP02842,牡丹皮,47.6864827
CHP03609,山茱萸,47.54161896
CHP02901,木通,47.48351736
CHP00228,北豆根,47.294742389999996
CHP04525,仙茅,46.9767139
CHP02405,龙葵,46.70768698
CHP03808,鼠尾草,46.30643721
CHP02297,连钱草,46.08269076
CHP03461,砂仁,45.99184556
CHP01745,黄药子,45.52481262
CHP00099,白及,45.39982176
CHP00775,丁公藤,45.07304916
CHP00124,白茅根,44.93362478
CHP00424,垂盆草,44.71675127
CHP02756,梅花,44.58654496
CHP01334,海带,44.143402304
CHP02056,决明子,43.69300244
CHP01543,槲寄生,43.62030722
CHP00824,冬凌草,43.41922549
CHP02808,绵萆薢,43.14003539
CHP00350,常山,43.00373035
CHP03663,射干,42.69185144
CHP04466,豨莶草,42.6198983
CHP00238,荜茇,42.54114339
CHP03082,佩兰,42.51763364
CHP02909,木竹子,42.48380035
CHP00384,赤小豆,42.10216824
CHP04083,天冬,41.89332241
CHP00470,翠雀花,41.54490789
CHP02837,墨旱莲,41.3278187
CHP04326,文殊兰,41.30377123
CHP00989,番茄,41.28602219
CHP01367,核桃仁,41.25287876
CHP05051,野菊花,41.06072638
CHP00673,地枫皮,41.03837873
CHP00456,刺五加,40.92283384
CHP01834,夹竹桃,40.59317765
CHP01408,红参,40.10306454
CHP01065,凤尾草,40.09409909
CHP02063,开口箭,39.74007967
CHP02030,橘红,39.71853378
CHP00076,白附子,39.36418498
CHP00458,葱白,39.07392733
CHP00844,豆蔻,38.65771853
CHP04556,香附,38.60436767
CHP00957,鹅不食草,38.48922123
CHP04458,西洋参,38.42943029
CHP01127,甘松,38.34171461
CHP02131,苦树皮,38.2854288
CHP01326,桂枝,38.10176059
CHP00071,白饭豆,38.03645819
CHP01630,黄柏,38.01367656
CHP00059,白菖,37.85171897
CHP05255,余甘子,37.81336377
CHP03643,蛇床子,37.67341534
CHP00093,白花蛇舌草,37.64313391
CHP01824,荠菜,37.29477334
CHP02656,猫须草,37.26615061
CHP00137,白屈菜,37.10472839
CHP01114,覆盆子,37.06797585
CHP03372,赛莨菪,36.81732123
CHP03342,肉豆蔻,36.74657797
CHP03979,苏木,36.66018847
CHP03500,山豆根,36.60552428
CHP00108,白兰花,36.50135242
CHP02406,龙葵根,36.29597851
CHP01382,黑老虎,36.2758616
CHP01964,金樱子,36.04467625
CHP03104,啤酒花,36.03182648
CHP06127,树舌,35.68995257
CHP04389,吴茱萸,35.62340405
CHP00356,车前子,35.41330268
CHP01228,枸骨叶,35.37498317
CHP01187,葛花,35.37420146
CHP00362,柽柳,35.16110258
CHP05376,泽兰,34.62577766
CHP05478,栀子,34.514840480000004
CHP00595,大叶糖胶树,34.42065154
CHP01968,金盏菊,34.34359988
CHP00090,白花丹,34.32648962
CHP01091,佛手,34.19650269
CHP03491,山慈菇,34.12359498
CHP00240,荜澄茄,33.96532618
CHP01073,凤仙透骨草,33.8108509
CHP02621,曼陀罗,33.37336565
CHP02057,蕨菜,33.23966642
CHP02904,木香,33.22320868
CHP02750,玫瑰花,33.07212525
CHP02161,昆明山海棠,32.99742244
CHP01780,鸡骨草,32.75552871
CHP01477,红芪,32.70088215
CHP05489,止泻木皮,32.67677408
CHP03192,牵牛子,32.50890905
CHP01185,葛根,32.49424848
CHP01809,积雪草,32.35225201
CHP01864,姜黄,32.29097568
CHP03704,石菖蒲,32.22038851
CHP01973,筋骨草,31.98925954
CHP04765,薤白,31.79749278
CHP04306,威灵仙,31.74476951
CHP00140,白首乌,31.492333379999998
CHP02585,马钱子,31.40078154
CHP01723,黄芩,31.33638687
CHP05185,银杏,31.31612805
CHP01222,狗牙花,31.0856242
CHP02219,莨菪叶,31.07615626
CHP02896,木棉花,31.03898522
CHP02676,毛萼香茶菜,30.96107637
CHP00186,柏子仁,30.92467582
CHP00972,儿茶,30.92035702
CHP05283,玉兰,30.49687764
CHP02272,藜芦,30.481532089999998
CHP02323,两面针,30.41447337
CHP05377,泽漆,30.23727798
CHP03771,柿蒂,30.15617235
CHP06091,茯苓皮,30.14127742
CHP01245,骨碎补,30.12263582
CHP02618,满山红,29.88600888
CHP00797,东北雷公藤,29.80391859
CHP01519,胡萝卜子,29.58789124
CHP01042,风轮菜,29.44616153
CHP01656,黄花夹竹桃,29.38315391
CHP01011,防己,29.35709783
CHP00406,楮实子,29.29346017
CHP00444,刺果苏木,29.28749698
CHP02604,买麻藤,29.24684151
CHP03439,沙参,29.23093061
CHP01449,红景天,29.20440794
CHP04173,葶苈子,29.1381823
CHP00694,地锦草,29.12907342
CHP04313,尾叶香茶菜,28.70502869
CHP02631,蔓荆子,28.68846965
CHP03665,伸筋草,28.67785266
CHP01344,海藻,28.66016197
CHP00313,草苁蓉,28.57415201
CHP02803,密蒙花,28.56615435
CHP00816,冬瓜子,28.55392447
CHP02562,马鞭草,28.35412445
CHP01414,红豆蔻,28.32675467
CHP02528,绿豆,28.23364912
CHP01923,金莲花,28.20738408
CHP02209,狼毒,28.13425197
CHP00408,楮树根,28.13409148
CHP04842,雪山林,28.07133716
CHP01603,华泽兰,28.0126263
CHP01310,鬼箭羽,27.86920644
CHP00726,灯心草,27.75682623
CHP01424,红厚壳,27.73808894
CHP01795,鸡屎藤,27.53957024
CHP05186,银杏叶,27.4940089
CHP01356,合欢皮,27.38934875
CHP03431,桑叶,27.34435303
CHP00746,滇茜草,27.28424933
CHP03997,酸浆,27.18884404
CHP01007,防风,27.16764505
CHP03182,千里光,27.08118472
CHP05104,野芝麻,26.9981324
CHP00246,蓖麻子,26.99516082
CHP00327,侧柏枝节,26.97474434
CHP03178,千斤拔,26.75965991
CHP00421,穿龙薯蓣,26.65784513
CHP00441,刺柏,26.49011292
CHP01273,贯众,26.26944438
CHP05402,獐牙菜,26.26081251
CHP05676,紫苏,26.25286368
CHP01351,诃子,26.23507004
CHP03434,桑枝,26.18602985
CHP03838,水飞蓟,26.10660241
CHP02863,木瓜,25.93561964
CHP00678,地骨皮,25.86186656
CHP02638,芒果,25.77399141
CHP04054,唐松草,25.64233072
CHP01161,高良姜,25.61016132
CHP01096,浮萍,25.59320895
CHP05360,芸香,25.44628187
CHP06090,茯苓,25.38581509
CHP01682,黄精,25.20911447
CHP04095,天南星,25.16988425
CHP01340,海南粗榧,24.9904138
CHP01357,何首乌,24.941207079999998
CHP03134,蒲公英,24.79702253
CHP03179,千金藤,24.761211
CHP02357,凌霄花,24.552410039999998
CHP00315,草豆蔻,24.26573367
CHP04473,细葛缕子,24.00458905
CHP05515,重楼,23.96070423
CHP03383,三尖杉,23.89126339
CHP01180,藁本,23.68118737
CHP05682,紫檀,23.61580425
CHP01608,化橘红,23.50043087
CHP04828,旋覆花,23.36068414
CHP05261,鱼藤,23.32619227
CHP01272,贯叶连翘,23.22111787
CHP06001,麝香,23.0664609
CHP03373,三白草,23.05849174
CHP02122,苦楝子,22.89457488
CHP03673,肾茶,22.86268023
CHP00206,半边苏,22.82809426
CHP05301,鸢尾,22.59855666
CHP02541,葎草,22.00962649
CHP02412,龙舌兰,21.6107713
CHP03429,桑椹,21.59702645
CHP02657,猫眼草,21.45907807
CHP00660,稻草,21.43154616
CHP03111,平贝母,21.42621313
CHP00872,独一味,21.41348786
CHP01486,红藤,21.3221243
CHP02391,六棱菊,21.2347689
CHP04764,缬草,21.0517333
CHP00386,赤杨,21.003993519999998
CHP05687,紫菀,20.97861782
CHP04807,绣线菊,20.97667078
CHP00416,川木香,20.90452845
CHP04047,檀香,20.81039171
CHP00305,藏边大黄,20.68139532
CHP03591,山药,20.67543486
CHP00710,地梭罗,20.6522297
CHP01580,华东膜蕨,20.64593549
CHP03139,蒲桃,20.64524108
CHP01350,旱芹,20.57184945
CHP00316,草果,20.56864284
CHP02180,莱菔子,20.54153943
CHP01370,鹤虱,20.52668836
CHP04225,土茯苓,20.46993797
CHP06128,松萝,20.46387524
CHP03398,三七花,20.43647755
CHP04519,夏枯草,20.35333534
CHP02367,琉璃草,20.27812134
CHP01836,荚蒾,20.23922091
CHP02416,龙须藤,20.20621469
CHP01364,荷叶,20.190169570000002
CHP05380,泽泻,20.12593326
CHP01931,金钱草,20.10755002
CHP04006,酸枣仁,19.94270074
CHP00020,桉叶,19.77975378
CHP00642,刀豆,19.76489092
CHP01756,茴芹,19.71968652
CHP02507,萝芙木,19.64535798
CHP00875,杜茎山,19.56494456
CHP03605,山楂叶,19.48759254
CHP00906,堆心菊,19.42791149
CHP03185,千年健,19.39995264
CHP02543,麻风树,19.32630386
CHP01338,海金砂,19.2579826
CHP03204,枪刀药,19.21930403
CHP02898,木天蓼,19.13582301
CHP00987,番木瓜,19.0993468
CHP01741,黄杨,19.06527477
CHP02353,灵香草,19.02394478
CHP04216,土贝母,19.00910259
CHP00060,白车轴草,18.98696469
CHP02612,麦芽,18.98330916
CHP02060,爵床,18.85830564
CHP00496,大风子,18.78264656
CHP02327,两头尖,18.77900956
CHP00485,大丁草,18.71126668
CHP04106,天竺黄,18.70800344
CHP04174,通草,18.62342177
CHP02537,绿绒蒿,18.61600094
CHP05427,长管香茶菜,18.54953743
CHP04838,雪莲,18.53136658
CHP02440,漏芦,18.51292313
CHP00791,定木香,18.5083138
CHP01211,狗脊,18.48697829
CHP00597,大叶仙茅,18.44908517
CHP01138,橄榄,18.38481383
CHP03218,秦艽,18.35576179
CHP00806,东风橘根,18.211739
CHP03176,千打锤,18.15294637
CHP00191,斑鸠菊,18.05932971
CHP02095,苦地丁,18.04037003
CHP02489,罗布麻叶,18.01345556
CHP02939,南蛇藤根,18.01208222
CHP01916,金鸡纳,17.70712566
CHP02441,芦根,17.64254833
CHP05132,一年蓬,17.53961835
CHP02517,落花生,17.50235011
CHP01679,黄荆叶,17.49804285
CHP00457,葱,17.3370611
CHP04178,通关藤,17.23136724
CHP02048,卷柏,17.20723424
CHP05370,皂荚,16.99138516
CHP04413,五色梅,16.98968626
CHP03186,千屈菜,16.9223077
CHP05896,僵蚕,16.91548886
CHP00630,淡豆豉,16.8957627
CHP01933,金荞麦,16.87382362
CHP02222,老鹳草,16.79029956
CHP03871,水龙骨,16.78521037
CHP01992,景天三七,16.76624957
CHP02940,南蛇藤果,16.6230784
CHP02869,木蝴蝶,16.58898654
CHP00281,菠菜,16.55086308
CHP01644,黄瓜,16.50533838
CHP00997,番泻叶,16.40126895
CHP05615,梓叶,16.3707609
CHP04482,细辛,16.34140947
CHP01813,吉祥草,16.33014746
CHP02375,柳杉,16.27878938
CHP01690,黄连,16.27346225
CHP02547,麻黄根,16.2708597
CHP01288,光叶巴豆,16.18581424
CHP02355,铃兰,16.1544497
CHP03869,水流豆,16.12126331
CHP03657,蛇葡萄,16.11051758
CHP03527,山黄皮,16.04558305
CHP02985,牛蒡子,16.0375733
CHP02240,老鼠簕,16.02113365
CHP01669,黄花远志,16.01490206
CHP03649,蛇菰,15.95537231
CHP04469,喜树,15.94129236
CHP03344,肉桂,15.93774231
CHP04008,算盘子,15.78096773
CHP05962,牛黄,15.77688099
CHP01296,广金钱草,15.75613969
CHP00762,吊干麻,15.71457277
CHP04280,晚香玉,15.68828475
CHP02137,苦玄参,15.67889089
CHP03498,山地香茶菜,15.64302832
CHP04647,小构树,15.63930413
CHP03601,山楂,15.55835452
CHP03768,使君子,15.52883299
CHP00483,大车前,15.52262459
CHP04368,无花果,15.38823389
CHP03977,苏合香,15.32887159
CHP02418,龙血树,15.32321902
CHP04359,乌药,15.322712469999999
CHP03664,麝香草,15.30860887
CHP02889,木榄,15.14283644
CHP03363,瑞香,15.03774189
CHP05704,紫玉盘,14.98281212
CHP01936,金雀花,14.89398313
CHP04824,玄参,14.856575190000001
CHP00049,霸王鞭,14.81895716
CHP02279,荔枝核,14.72967479
CHP04293,王不留行,14.69621952
CHP02337,辽东楤木,14.686705
CHP00683,地瓜子,14.6811259
CHP02658,猫爪草,14.6057877
CHP00173,百里香,14.505285220000001
CHP06113,马勃,14.49521966
CHP02498,罗汉松,14.460889309999999
CHP03256,青葙子,14.41211301
CHP00397,臭梧桐,14.40801443
CHP05061,野马追,14.38568299
CHP03884,水茄,14.35721056
CHP05112,叶底珠,14.31595196
CHP05124,夜来香,14.24585351
CHP01104,福寿草,14.16870521
CHP02342,裂果薯,14.154761070000001
CHP02500,罗汉松实,14.152123060000001
CHP01019,飞燕草,14.144493109999999
CHP01132,肝风草,14.13493521
CHP05248,柚花,14.105680060000001
CHP00100,白胶香,14.06365398
CHP01131,甘西鼠尾草,14.036775219999999
CHP05140,一枝黄花,13.97377249
CHP01143,干地黄,13.93356528
CHP04987,杨梅树皮,13.90029209
CHP00078,白果根,13.89204526
CHP00443,刺果甘草,13.82164677
CHP05680,紫苏子,13.82045483
CHP03328,忍冬藤,13.81042409
CHP00467,粗叶悬钩子,13.73271342
CHP03561,山柰,13.6900128
CHP01242,谷精草,13.688915
CHP00062,白刺花,13.63158477
CHP00292,布渣叶,13.57836024
CHP01409,红车轴草,13.536750999999999
CHP03732,石榴皮,13.50844651
CHP04975,羊踯躅,13.48015798
CHP00298,苍耳,13.47274818
CHP01773,鸡肠狼毒,13.41466919
CHP00068,白杜鹃花,13.40477466
CHP04902,芫荽子,13.40383179
CHP01751,灰叶根,13.34625759
CHP05623,紫草,13.298365819999999
CHP03695,蓍实,13.29193973
CHP04042,太子参,13.24885413
CHP02439,耧斗菜,13.24406738
CHP04372,无患子,13.1972834
CHP01930,金牛草,13.06137915
CHP01550,虎刺,13.01777576
CHP02009,韭菜子,12.959613449999999
CHP06089,冬虫夏草,12.94070094
CHP00102,白芥子,12.91674578
CHP03070,胖大海,12.9126975
CHP03258,青叶胆,12.85845564
CHP05557,猪鬃草,12.81684343
CHP00668,地不容,12.74324376
CHP00772,跌打老,12.7254887
CHP00729,灯盏细辛,12.68991493
CHP00469,催吐萝芙木,12.60093125
CHP03946,四季青,12.59675073
CHP03334,榕树,12.45837899
CHP04061,桃金娘,12.45685194
CHP03389,三棱,12.45012143
CHP01256,关白附,12.41559129
CHP02630,蔓荆,12.39695705
CHP04862,寻骨风,12.3458881
CHP00165,白珠树,12.3102664
CHP01625,槐角,12.28178819
CHP00500,大果大戟,12.19979725
CHP02055,决明,12.19751874
CHP00296,蚕豆,12.18119029
CHP04858,血桐,12.16872075
CHP06122,桑黄,12.07080112
CHP03148,铺地蜈蚣,12.06322591
CHP01235,枸杞叶,12.03056351
CHP05030,野甘草,12.00405152
CHP04546,相思藤,11.96779345
CHP03843,水红花子,11.96525394
CHP00227,北豆,11.88890801
CHP02554,麻牛膝,11.79275458
CHP00011,艾纳香,11.7838649
CHP01312,鬼针草,11.63586819
CHP01911,金果榄,11.57820589
CHP03217,芹花,11.51129498
CHP02175,辣蓼草,11.476957259999999
CHP04167,铁苋,11.4733971
CHP00998,翻白草,11.45131891
CHP04717,小通草,11.35084442
CHP04164,铁丝灵仙,11.29738193
CHP01193,葛蕈,11.27779326
CHP01676,黄荆,11.23272267
CHP00231,北玄参,11.21651764
CHP02602,马醉木,11.21101939
CHP00882,杜松,11.14432716
CHP03753,石蒜,11.12806473
CHP00708,地刷子,11.03410916
CHP00403,除虫菊,10.98845829
CHP04834,雪胆,10.98026213
CHP05205,迎春花,10.95400111
CHP00175,百脉根,10.93850016
CHP05754,斑蝥,10.92580579
CHP03013,牛舌草,10.91738592
CHP03486,山沉香,10.91504895
CHP02908,木贼,10.91419058
CHP06134,云芝,10.9140725
CHP04244,土三七,10.87786477
CHP01168,高山火绒草,10.8711452
CHP00445,刺槐花,10.82945616
CHP03687,省沽油,10.82887155
CHP02510,萝藦,10.79651326
CHP03778,柿叶,10.73242406
CHP01540,湖北黄精,10.71789739
CHP06120,绒白乳菇,10.71706177
CHP00189,斑草,10.71353872
CHP02623,曼陀罗叶,10.68674775
CHP02410,龙脑膏香,10.67554322
CHP03213,荞麦,10.66661115
CHP02588,马桑,10.665151
CHP02065,看麦娘状莎草,10.64467334
CHP05338,云南甘草,10.64265835
CHP00323,草乌叶,10.63145952
CHP01693,黄龙胆,10.62658248
CHP03226,青果,10.5817497
CHP06100,猴头菇,10.57124581
CHP03395,三面刀,10.56324097
CHP05512,肿柄菊,10.5398017
CHP03020,牛尾蒿,10.5369883
CHP01815,棘豆,10.4501919
CHP00284,播娘蒿,10.44823499
CHP00336,茶子,10.434762880000001
CHP01620,槐,10.4240664
CHP05169,茵陈,10.41035488
CHP00396,臭山羊,10.37557172
CHP00251,边缘鳞盖蕨,10.35080216
CHP03038,糯稻根,10.32818973
CHP04816,徐长卿,10.32320591
CHP01560,虎杖,10.31515839
CHP03532,山姜,10.22764634
CHP01598,华桑,10.14781006
CHP04898,延龄草,10.12327488
CHP04897,延胡索,10.00981439
CHP04866,鸦胆子,10.00058794
CHP04523,夏至草,9.9677357
CHP02557,麻叶,9.95916627
CHP05565,竹节参,9.936717
CHP03585,山香,9.9286114
CHP01776,鸡蛋花,9.86677177
CHP03975,松子仁,9.81625553
CHP05117,叶下珠,9.814842800000001
CHP00887,短瓣花,9.80878116
CHP05159,益智,9.77658077
CHP04084,天胡荽,9.71761555
CHP05572,竹沥,9.70652974
CHP00793,东北刺人参,9.7058121
CHP04863,荨麻,9.6765953
CHP02305,莲花,9.6115765
CHP02488,罗布麻,9.58301381
CHP00220,宝盖草,9.54422429
CHP05294,玉竹,9.54282358
CHP00016,安徽贝母,9.52115545
CHP01945,金铁锁,9.48764364
CHP04893,烟草,9.46850926
CHP02935,南蛇竻,9.46516676
CHP01534,葫芦茶,9.37300069
CHP05730,总状升麻,9.36417118
CHP00928,多花蒿,9.36388638
CHP04092,天罗水,9.33948895
CHP05066,野茉莉,9.33129691
CHP00949,峨参,9.30665277
CHP01753,回回豆,9.28143462
CHP01342,海南买麻藤,9.24236167
CHP03130,葡萄,9.23986708
CHP00965,鹅掌楸,9.22748804
CHP06117,蘑菇,9.22369089
CHP00731,棣棠花,9.1927128
CHP03867,水蓼,9.1714083
CHP02661,毛白杨,9.16840873
CHP01996,九节茶,9.16253268
CHP02109,苦蒿,9.14105092
CHP02855,木鳖子,9.10132748
CHP04150,铁力木,9.083988979999999
CHP00309,糙苏,9.06037125
CHP05163,翼首草,9.04888844
CHP01740,黄心果,8.99466556
CHP05286,玉米须,8.9760033
CHP00802,东方狗脊,8.96920701
CHP00119,白马骨,8.9628929
CHP00628,胆木,8.93081445
CHP02469,鹿衔草,8.89448339
CHP06133,蛹虫草,8.88837478
CHP00256,鞭叶铁线蕨,8.83830425
CHP01578,华北白前,8.83084014
CHP00454,刺楸树皮,8.79937035
CHP01234,枸杞,8.79236077
CHP05289,玉叶金花,8.79119761
CHP01757,茴香,8.78832516
CHP00221,保山乌头,8.78725183
CHP03187,千日红,8.77804675
CHP05679,紫苏叶,8.760645929999999
CHP03709,石刁柏,8.74830161
CHP02796,米仔兰,8.74821244
CHP04018,娑罗子,8.74529567
CHP01905,金钗凤尾蕨,8.7419303
CHP02930,南瓜子,8.73622807
CHP00486,大豆,8.73613138
CHP00080,白果紫草,8.64690286
CHP01323,桂皮,8.51941509
CHP01241,古柯,8.50255109
CHP01912,金合欢,8.48589454
CHP00083,白鹤灵芝,8.48032989
CHP04524,仙鹤草,8.46448768
CHP04599,响铃草,8.458451
CHP04595,香樟,8.43460906
CHP04608,向日葵叶,8.4213403
CHP05690,紫薇,8.41474328
CHP00293,菜豆树,8.40529708
CHP01957,金叶子,8.40175018
CHP03127,破叶莲,8.381381489999999
CHP04449,西瓜,8.37625281
CHP00347,常春藤,8.36606479
CHP02523,落新妇,8.35569868
CHP00040,巴拿马山石榴,8.29553029
CHP04285,万年青根,8.26342592
CHP02472,路路通,8.23182655
CHP03647,蛇根草,8.22375619
CHP00939,多伞阿魏,8.21460978
CHP01363,荷花玉兰,8.2112707
CHP04951,燕麦,8.2107399
CHP04223,土当归,8.207140429999999
CHP01261,关木通,8.13342572
CHP03135,蒲黄,8.11673246
CHP00722,灯笼草,8.09688152
CHP00670,地胆草,8.08156048
CHP05779,蟾蜍,8.0701123
CHP00371,秤钩风,8.06689457
CHP01269,管花肉苁蓉,8.0640501
CHP02781,迷迭香,8.06302907
CHP01099,浮叶眼子菜,8.04656716
CHP01600,华山矾,8.0442497
CHP00876,杜鹃花,8.0365367
CHP00480,大驳骨,8.0285917
CHP00974,耳草,7.99477588
CHP02484,轮环藤,7.9677202000000005
CHP04276,豌豆,7.95309064
CHP02308,莲生桂子花,7.94649678
CHP02478,露水草,7.94094428
CHP04057,桃儿七,7.93884363
CHP00990,番石榴,7.92629805
CHP01309,鬼箭锦鸡儿,7.91229076
CHP01181,戈壁天门冬,7.90861263
CHP00023,暗紫贝母,7.86362789
CHP01345,海州骨碎补,7.8603687099999995
CHP03302,瞿麦,7.85778423
CHP01965,金鱼藤,7.84090503
CHP04958,羊角拗,7.8329894
CHP00676,地肤子,7.83095604
CHP04069,桃枝,7.8034151099999995
CHP01663,黄花稔,7.76023017
CHP02814,绵枣儿,7.74908531
CHP00514,大黄花,7.73902089
CHP02716,毛桐,7.7308546
CHP04848,血风藤,7.72812798
CHP02082,孔雀草,7.6926991
CHP05486,蜘蛛香,7.66765844
CHP02892,木麻黄,7.64974794
CHP00973,儿茶钩藤,7.64152878
CHP02207,狼把草,7.6229298
CHP00312,草本威灵仙,7.60681767
CHP06136,猪苓,7.60327796
CHP03353,入地蜈蚣,7.59805285
CHP00013,艾实,7.59575093
CHP04591,香橼,7.57609332
CHP04190,桐油,7.5584214
CHP04547,相思子,7.539195080000001
CHP01884,角蒿,7.53535897
CHP02520,落葵花,7.5266031700000005
CHP00742,滇黄芩,7.52009781
CHP00414,川鄂淫羊藿,7.50196447
CHP03180,千金子,7.48272665
CHP03199,茜草根,7.46643991
CHP04259,菟丝子,7.46293202
CHP02839,母菊,7.4200114699999995
CHP03696,十大功劳,7.40910311
CHP01299,广西莪术,7.3926272299999995
CHP01599,华山参,7.3724464
CHP00042,巴西胡桐,7.35906485
CHP02526,吕宋果,7.35649349
CHP04629,小檗,7.31635058
CHP04809,绣线菊叶,7.29131328
CHP01783,鸡骨常山,7.2904795799999995
CHP06131,香蕈,7.28078041
CHP01988,粳米,7.26711304
CHP06015,水蛭,7.256173
CHP03263,清风藤,7.23209246
CHP03806,鼠曲草,7.22381097
CHP04821,萱草,7.20337872
CHP00947,多足蕨,7.15587614
CHP04918,岩椒草,7.14833991
CHP01015,飞廉,7.14804067
CHP00103,白金果榄,7.14570759
CHP00923,盾叶薯蓣,7.14529818
CHP01469,红母鸡草,7.12919467
CHP01076,凤眼草,7.1014433
CHP01537,湖北贝母,7.08840783
CHP04984,杨梅,7.08688698
CHP05542,珠子草,7.08276029
CHP04994,洋蒲桃叶,7.007145700000001
CHP02982,牛蒡,6.9838069
CHP05296,郁金香,6.97136969
CHP02494,罗锅底,6.9684922700000005
CHP01889,接骨木,6.95223324
CHP00853,毒芹根,6.9242346
CHP03022,牛西西,6.8849725799999995
CHP03784,手参,6.81120226
CHP00081,白蒿,6.8037715
CHP02015,救必应,6.78471292
CHP00849,豆油,6.77969506
CHP02371,柳穿鱼,6.77011193
CHP01002,繁缕,6.75755813
CHP04795,杏仁,6.73679716
CHP04055,糖荠,6.73263461
CHP00573,大叶柴胡,6.7185516100000005
CHP05322,月季花,6.71278351
CHP00044,芭蕉花,6.68402716
CHP04303,望江南,6.67528919
CHP01171,高山龙胆,6.67142813
CHP02077,刻裂紫堇,6.625042
CHP04409,五气朝阳草,6.61521211
CHP03214,茄子,6.61159423
CHP01470,红木香,6.60288659
CHP02397,龙船花,6.60119095
CHP04612,象皮木,6.57910971
CHP02501,罗汉松叶,6.55831238
CHP01230,枸橘,6.5477464
CHP06129,松蕈,6.53973009
CHP01942,金丝桃,6.52764323
CHP04574,香排草,6.49579453
CHP00756,颠茄,6.48340581
CHP04465,溪黄草,6.46949855
CHP04093,天麻,6.38982481
CHP04002,酸石榴,6.37972776
CHP02313,莲子草,6.33729147
CHP00091,白花灯笼,6.30425284
CHP00223,抱茎獐牙菜,6.29389519
CHP00803,东方荚果蕨,6.27834472
CHP05778,蝉蜕,6.27186265
CHP01316,桂花,6.26603891
CHP02789,米皮糠,6.24347123
CHP00466,粗榧子,6.19986064
CHP01524,胡桃树皮,6.19689322
CHP02114,苦苣,6.19353776
CHP00533,大麻叶泽兰,6.19272572
CHP01460,红毛七,6.17621837
CHP00604,大叶紫珠,6.15245172
CHP05154,异叶梁王茶,6.13776249
CHP01596,华千金藤,6.08314567
CHP04948,眼子菜,6.08282709
CHP03449,沙塘木,6.03562608
CHP00778,丁茄,6.01294575
CHP01431,红花鹿蹄草,5.99479381
CHP00874,杜衡,5.9655081
CHP00376,赤瓟,5.95580981
CHP03992,粟米草,5.93862948
CHP01727,黄三七,5.93289658
CHP01750,灰叶,5.92259604
CHP01376,黑杠柳,5.90973988
CHP00809,东一号剑麻,5.8966211600000005
CHP01126,甘薯,5.89175402
CHP02450,芦竹根,5.87916614
CHP01043,风毛菊,5.8559356000000005
CHP05105,野芝麻根,5.84800592
CHP01573,花叶假杜鹃,5.82411805
CHP02314,莲子心,5.804606639999999
CHP05634,紫红獐牙菜,5.78472865
CHP03314,蘘荷,5.7818065700000005
CHP04232,土荆芥,5.78130487
CHP00945,多穗石柯叶,5.75802249
CHP01763,火索麻,5.74947387
CHP01551,虎耳草,5.74823731
CHP05194,罂粟,5.71651583
CHP01517,胡萝卜,5.71390901
CHP00859,独角莲,5.70036728
CHP02670,毛大丁草,5.69309846
CHP02463,鹿角菜,5.68695766
CHP03119,婆罗门参,5.68407571
CHP01506,厚皮香,5.67480346
CHP02861,木防己,5.66999076
CHP06125,石花,5.66195232
CHP05582,竹叶椒,5.6616187700000005
CHP02816,棉花根,5.64621428
CHP01719,黄杞,5.6373527800000005
CHP04033,台湾泽兰,5.60221015
CHP01089,佛甲草,5.60105233
CHP00970,鄂北贝母,5.59923106
CHP04463,锡生藤,5.58999546
CHP05647,紫金牛根,5.58623312
CHP03088,蟛蜞菊,5.55057853
CHP01346,含羞草,5.53674802
CHP04683,小接筋草,5.53612354
CHP03679,肾子草,5.5047571
CHP05183,银线草,5.49873516
CHP02250,了哥王根,5.4771718499999995
CHP02033,橘叶,5.47179976
CHP03767,莳萝子,5.4677182
CHP01907,金粉蕨,5.46770105
CHP00728,灯油藤子,5.46317427
CHP01702,黄麻叶,5.45769238
CHP02967,柠檬,5.43661149
CHP03450,沙糖根,5.40757826
CHP03120,婆罗门皂荚,5.39926794
CHP05662,紫茉莉,5.38105355
CHP03051,欧活血丹,5.35641134
CHP03910,水仙,5.35126395
CHP02310,莲叶橐吾,5.3506177600000004
CHP01549,蝴蝶花,5.33660055
CHP05922,鹿茸,5.32424302
CHP03762,石竹,5.32133817
CHP02061,君迁子,5.32102839
CHP04896,烟窝草,5.31272243
CHP04467,喜旱莲子草,5.28036982
CHP04290,万寿菊,5.24242366
CHP00015,安哥拉八角枫,5.1986585299999994
CHP00349,常春卫矛,5.1928319
CHP04901,芫荽,5.18712142
CHP01016,飞龙掌血,5.179040179999999
CHP01739,黄菀,5.15381757
CHP05689,紫葳茎叶,5.15367375
CHP03576,山莴苣,5.14381935
CHP02012,酒饼叶,5.14223347
CHP06047,熊胆,5.13685079
CHP03587,山香圆,5.11656786
CHP04643,小飞蓬,5.09794178
CHP00053,白背叶,5.09498021
CHP03099,枇杷核,5.06358721
CHP04667,小花鬼针草,5.05627101
CHP04995,洋蓍草,5.04321549
CHP03705,石莼,5.03699698
CHP04736,小叶贯众,5.0053280099999995
CHP01896,芥菜,4.9937912
CHP03132,葡萄柚,4.99337097
CHP04578,香薷,4.99192298
CHP02429,龙眼叶,4.97539451
CHP03707,石胆草,4.9722563300000004
CHP04867,鸦片,4.97078517
CHP00767,钓樟根皮,4.96509152
CHP00094,白花射干,4.95334402
CHP02544,麻根,4.92886622
CHP01432,红花绿绒蒿,4.90635883
CHP02872,木姜子,4.8989246
CHP03116,萍蓬草,4.89256744
CHP00560,大头橐吾,4.86761092
CHP01244,骨节草,4.86595993
CHP05221,油茶根皮,4.84882145
CHP05229,油柑叶,4.8459411
CHP02997,牛耳枫子,4.84448468
CHP02025,菊芋,4.83362429
CHP05320,月桂叶,4.8096745
CHP03863,水苦荬,4.8076331
CHP00693,地锦,4.7921682
CHP06060,原蚕沙,4.782063
CHP00314,草地黄芩,4.7591388299999995
CHP00368,橙子,4.74919497
CHP00571,大叶桉叶,4.74485143
CHP05612,梓木,4.74302264
CHP02356,凌霄,4.72142956
CHP01985,荆芥穗,4.68872749
CHP02913,苜蓿,4.68118247
CHP05211,瘿花香茶菜,4.64671582
CHP03759,石枣子,4.64537195
CHP01420,红根草,4.63394312
CHP02282,荔枝叶,4.63371803
CHP04602,向日葵,4.61777963
CHP03911,水仙根,4.604107
CHP02972,柠檬皮,4.58715103
CHP00413,川滇淫羊藿,4.58286571
CHP05224,油茶子,4.58229674
CHP01163,高粱,4.580697
CHP03098,枇杷,4.5794927
CHP02777,蒙自草胡椒,4.57628082
CHP04363,巫山淫羊藿,4.57323837
CHP03002,牛筋果,4.57137156
CHP00883,杜松实,4.5685807800000005
CHP03803,鼠李,4.56178782
CHP01767,火焰花,4.54930153
CHP03547,山里红,4.5475318
CHP04985,杨梅根,4.54429191
CHP05302,元宝草,4.53688159
CHP04886,亚罗椿,4.50408043
CHP03969,松香,4.4876844799999995
CHP02511,萝藦子,4.48266649
CHP05501,枳实,4.45911262
CHP03266,清明花,4.4357347
CHP01183,茖葱,4.43138723
CHP04485,细叶桉叶,4.42834576
CHP01125,甘青铁线莲,4.41770084
CHP04085,天花粉,4.40861787
CHP02663,毛草龙,4.3906243400000005
CHP05967,牛靥,4.3872800000000005
CHP01810,姬蕨,4.38655668
CHP02244,老鸦柿,4.37737585
CHP04431,五爪龙,4.36040707
CHP05174,银柴胡,4.35415234
CHP05964,牛肾,4.34637034
CHP03962,松节,4.34380195
CHP01728,黄山药,4.33877693
CHP06037,五灵脂,4.32854312
CHP02340,列当,4.30421833
CHP04826,悬钩子,4.300238
CHP05304,圆柏,4.29659918
CHP03426,桑寄生,4.28441274
CHP01398,黑种草,4.27873061
CHP00245,蓖麻油,4.26075177
CHP03981,苏铁,4.24812617
CHP01403,衡州乌药,4.24418269
CHP02032,橘皮,4.23952569
CHP04616,橡实,4.23890721
CHP02934,南山藤,4.23547529
CHP00243,蓖麻根,4.2352227
CHP00924,盾叶唐松草,4.22413496
CHP01472,红楠,4.22211552
CHP03905,水团花,4.20759683
CHP04165,铁丝七,4.20643413
CHP02035,橘子,4.20147053
CHP04693,小连翘,4.20041476
CHP00586,大叶马尾连,4.1992275900000005
CHP06096,鬼盖,4.18721125
CHP01786,鸡冠花,4.15763255
CHP03027,牛心茄子,4.151721569999999
CHP00482,大巢菜,4.13431626
CHP05070,野木瓜,4.11234627
CHP00448,刺梨,4.09695297
CHP00724,灯笼泡,4.08685102
CHP04268,娃儿藤,4.0862891999999995
CHP02304,莲房,4.0646402
CHP03097,皮哨子,4.05525456
CHP01337,海红豆,4.0526192199999995
CHP02713,毛蕊花,4.05161187
CHP01814,极美云实,4.05074415
CHP01302,广西九里香,4.0487942
CHP02675,毛冬青,4.0483
CHP01558,虎掌草,4.02828851
CHP06116,蜜环菌,4.0067430900000005
CHP04390,梧桐,3.96909872
CHP03503,山矾,3.96615667
CHP00401,樗叶花椒,3.94836161
CHP04521,夏天无,3.94046668
CHP02545,麻花,3.93623118
CHP00963,鹅绒藤,3.93488234
CHP05403,樟梨,3.9140269500000002
CHP02516,落地生根,3.91275698
CHP01176,高乌头,3.8971465100000002
CHP02031,橘络,3.89305617
CHP04272,歪脖子果,3.8899454
CHP00213,榜嘎,3.88193544
CHP02970,柠檬桉叶,3.87947488
CHP01568,花楸,3.86588792
CHP03317,荛花,3.8374144599999997
CHP05807,蜂蜜,3.82549905
CHP01897,芥蓝,3.8166126699999996
CHP00235,贝母兰,3.80132336
CHP00770,调经草,3.79963927
CHP01381,黑壳楠,3.78568244
CHP01366,核桃楸果仁,3.77892519
CHP03124,破布木,3.75917797
CHP01840,假百合,3.752591
CHP05162,薏苡仁,3.73573236
CHP02583,马铃薯,3.73474044
CHP04962,羊角藤,3.72071124
CHP02166,腊梅花,3.71070379
CHP00331,茶树根,3.70211836
CHP03565,山萩,3.6974646499999997
CHP00940,多穗蓼,3.69575683
CHP04682,小蓟,3.6919066
CHP00178,百眼藤,3.68717898
CHP01412,红椿,3.67804445
CHP04822,萱草根,3.67611459
CHP02527,吕宋楸毛,3.66516483
CHP02216,榔榆皮,3.65505691
CHP00203,半边旗,3.65269938
CHP05499,枳椇子,3.64013795
CHP03083,蓬莪术,3.62754656
CHP04920,岩筋菜,3.6116802999999997
CHP01614,桦树皮,3.61075882
CHP02239,老鼠瓜,3.6063766
CHP05096,野罂粟,3.60342697
CHP01029,肺形草,3.60171958
CHP03084,蓬莱草,3.57361506
CHP04324,文冠果,3.56811291
CHP03718,石荠苎,3.5655298
CHP05309,圆滑番荔枝,3.55080449
CHP05650,紫堇,3.54624208
CHP01111,阜康阿魏根,3.53547988
CHP01695,黄栌,3.52622446
CHP02514,骆驼蓬,3.51452232
CHP05541,珠子参,3.5007656000000003
CHP04139,铁海棠,3.48792669
CHP05218,永宁独活,3.4801305
CHP04959,羊角拗子,3.47391241
CHP00183,柏树叶,3.47177236
CHP02420,龙牙楤木,3.46734215
CHP01035,粉葛,3.44970792
CHP02007,韭菜,3.4489388300000003
CHP03589,山小橘,3.40189674
CHP00294,菜蓟,3.39662196
CHP04459,西洋接骨木,3.3945836
CHP04374,无患子皮,3.38859463
CHP04119,甜瓜蒂,3.38739816
CHP00463,楤木,3.3873540699999998
CHP03487,山橙,3.37841549
CHP01797,鸡嗉子,3.3775623599999998
CHP02477,露蕊乌头,3.37722986
CHP01990,景天,3.35833177
CHP03364,瑞香根,3.33693865
CHP03545,山莨菪,3.32754724
CHP00828,冬珊瑚,3.3265775900000003
CHP01847,假连翘,3.32528691
CHP02696,毛连菜,3.31714257
CHP03754,石韦,3.3169654299999998
CHP02685,毛诃子,3.30889225
CHP02470,路边姜,3.29471606
CHP01846,假蒟子,3.273226
CHP01167,高山黄华,3.26211199
CHP03991,粟米,3.26125088
CHP04761,斜基粗叶木,3.25575464
CHP04839,雪莲花,3.25370861
CHP02951,南烛,3.2265667000000002
CHP01339,海韭菜,3.2244924299999997
CHP02104,苦瓜,3.21153037
CHP03751,石刷把,3.21089814
CHP03853,水黄连,3.2083850800000002
CHP03162,漆大姑,3.20837495
CHP01008,防风草,3.20825276
CHP01759,茴香茎叶,3.20600234
CHP02947,南天竹叶,3.20358341
CHP02821,缅枣,3.18889745
CHP03596,山樱桃,3.18284375
CHP05975,青蛙,3.18154098
CHP05295,芋头,3.16619105
CHP01040,粪箕笃,3.16223335
CHP00079,白果槲寄生,3.15369174
CHP02296,痢止蒿,3.14429271
CHP05780,蟾皮,3.13508844
CHP03215,茄子根,3.12674522
CHP02785,猕猴桃根,3.12514241
CHP02942,南酸枣,3.12404613
CHP01716,黄皮叶,3.10810567
CHP04538,藓生马先蒿,3.10426404
CHP05139,一枝蒿,3.09564489
CHP03177,千解草,3.0944165
CHP02769,美人蕉,3.09287965
CHP03670,神黄豆,3.07814786
CHP04422,五桠果,3.06929583
CHP03893,水松,3.06786204
CHP02178,莱菔,3.06515832
CHP04971,羊蹄,3.06341119
CHP05392,粘毛鼠尾草,3.05926936
CHP02639,芒果核,3.05120702
CHP02074,榼藤子,3.02787952
CHP05563,竹柏根,3.02056681
CHP04477,细茎石斛,3.01521398
CHP00244,蓖麻叶,3.0136999099999997
CHP05073,野漆树,2.99321208
CHP02683,毛贯众,2.99158182
CHP04108,田葱,2.98365075
CHP00269,遍地金,2.9816114000000002
CHP05040,野花椒根,2.9801384
CHP05160,益智仁,2.9689235099999998
CHP03506,山矾叶,2.96481766
CHP00576,大叶骨碎补,2.95519362
CHP03672,神香草,2.95180025
CHP00098,白花油麻藤,2.94503397
CHP03283,秋水仙,2.94378299
CHP03251,青天葵,2.93893035
CHP01849,假细锥香茶菜,2.92960285
CHP03087,蓬子菜,2.91545828
CHP02938,南蛇藤,2.91020631
CHP00321,草问荆,2.904941
CHP05287,玉蜀黍,2.89987636
CHP01593,华南吴茱萸,2.88914039
CHP00359,车桑仔叶,2.88726193
CHP05831,龟甲,2.88711631
CHP01257,关苍术,2.88165183
CHP03245,青钱柳,2.88008247
CHP03719,石见穿,2.87905535
CHP04098,天茄子,2.87853608
CHP03416,三钻风,2.85570393
CHP01641,黄甘草,2.84415365
CHP03518,山胡椒,2.83971238
CHP05409,樟树皮,2.83930322
CHP02924,南方菟丝子,2.83870145
CHP02591,马桑叶,2.82804358
CHP03504,山矾根,2.8078251
CHP04888,亚麻子,2.78930846
CHP00428,春福寿草,2.75290303
CHP03780,匙羹藤,2.75072963
CHP02918,南板蓝根,2.7463060599999998
CHP02218,莨菪根,2.7455562000000002
CHP00389,臭柏,2.74322645
CHP04753,小芸木,2.7182127
CHP04115,甜茶藤,2.69213836
CHP05280,禹州漏芦,2.69104593
CHP03934,睡莲,2.6711718400000004
CHP03274,秋海棠,2.6547138500000003
CHP00795,东北蛔蒿,2.6512621
CHP02130,苦绳,2.64708413
CHP03898,水苏,2.64613085
CHP00026,八角枫,2.62096179
CHP02133,苦檀子,2.61924929
CHP04914,岩黄连,2.6189472
CHP00364,澄茄子,2.6183938700000002
CHP01856,见血飞,2.61418374
CHP05880,鸡脑,2.61259748
CHP02987,牛扁,2.61108099
CHP00994,番石榴叶,2.6055685
CHP02824,明党参,2.6014455
CHP05635,紫花地丁,2.59904037
CHP01829,蓟罂粟,2.56984481
CHP02847,木半夏根,2.5623839999999998
CHP04325,文冠木,2.5581308199999997
CHP03306,拳参,2.5564269
CHP05007,椰子,2.55016643
CHP00799,东北延胡索,2.54682061
CHP01505,厚皮树,2.5394898599999998
CHP00394,臭牡丹,2.50222456
CHP05012,野百合,2.4989532199999998
CHP00936,多裂委陵菜,2.49530376
CHP01347,韩信草,2.49455437
CHP03075,泡桐,2.49198731
CHP05840,海马,2.49012338
CHP05834,蛤蚧,2.4885320699999998
CHP04550,香柏,2.4862218
CHP00061,白刺,2.48601507
CHP04404,五加皮,2.4794789
CHP02121,苦楝叶,2.47713076
CHP04900,芫花根,2.47203497
CHP00472,打碗花,2.47129059
CHP02258,棱子芹,2.46485867
CHP05553,猪屎豆,2.4620962
CHP05329,越橘叶,2.45856227
CHP05456,浙贝母,2.45739143
CHP00208,半枫荷,2.4571673
CHP01946,金挖耳,2.45683194
CHP01566,花锚,2.4515342
CHP03360,蕤仁,2.45025409
CHP05547,猪毛菜,2.44437429
CHP03656,蛇婆子,2.44127494
CHP00095,白花藤,2.41505455
CHP04170,铁仔,2.41348625
CHP01327,桂竹香,2.4093707
CHP00605,大叶醉鱼草,2.39585576
CHP05087,野鸦椿,2.393694
CHP04329,问荆,2.3923251
CHP01822,蕺叶秋海棠,2.3921115
CHP04772,心叶荆芥,2.38563712
CHP01450,红筷子,2.38010258
CHP03970,松叶,2.37857724
CHP01030,分心木,2.37388039
CHP05042,野花椒叶,2.35944135
CHP04903,岩白菜,2.35637311
CHP04127,甜叶菊,2.3548006
CHP04316,卫矛,2.35221389
CHP01369,鹤草芽,2.3411986000000002
CHP01876,胶质鼠尾草,2.3402713
CHP03907,水蜈蚣,2.32561509
CHP03010,牛奶树,2.3245114
CHP03685,生漆,2.32076596
CHP04571,香茅,2.31125471
CHP03659,蛇藤,2.3098053
CHP00902,断节参,2.30334759
CHP03094,披针叶野决明,2.3000570500000004
CHP01159,杠香藤,2.2984535
CHP00433,莼菜,2.27980757
CHP02054,绢毛蔷薇,2.27892916
CHP02945,南天竹根,2.26862504
CHP04904,岩败酱,2.2680820400000004
CHP03194,芡实,2.26211329
CHP01853,剪秋罗,2.24624495
CHP05482,蜘蛛抱蛋,2.2357257
CHP05195,罂粟壳,2.23121817
CHP01570,花生油,2.23075624
CHP04880,鸭跖草,2.2243865
CHP01885,角茴香,2.2232329
CHP01066,凤尾茶,2.21576538
CHP05663,紫茉莉根,2.2107331
CHP05881,鸡内金,2.19649236
CHP04577,香青兰,2.1821588
CHP02983,牛蒡根,2.17921575
CHP02159,昆明鸡血藤,2.17152626
CHP00969,鄂报春,2.1656151599999998
CHP01122,甘葛藤根,2.15760331
CHP04462,锡兰肉桂,2.15542416
CHP03273,秋枫木,2.1494047
CHP03050,欧当归,2.14753474
CHP00640,当药,2.1470603
CHP01430,红花龙胆,2.13875729
CHP05638,紫花景天,2.13344904
CHP00308,藏青果,2.13232824
CHP05428,长果荜茇,2.12988859
CHP03270,苘麻子,2.1097212
CHP02749,玫瑰,2.1088172800000002
CHP01083,扶桑花,2.0972838400000002
CHP00101,白芥,2.0884804
CHP02739,茅膏菜,2.08048182
CHP01858,见血清,2.0625973
CHP03653,蛇莓,2.05380197
CHP04851,血竭,2.05330243
CHP01387,黑水翠雀,2.05258637
CHP01054,枫香寄生,2.03585737
CHP04378,无距耧斗菜,2.03137747
CHP05983,全蝎,2.02576114
CHP06092,茯神,2.01842743
CHP02878,木槿花,2.0091531099999997
CHP02633,蔓性千斤拔,2.00642624
CHP00330,茶花,2.00208931
CHP02333,亮叶桦皮,1.97380465
CHP00234,贝加尔唐松草,1.9626246200000002
CHP04460,西洋梨,1.9569570399999998
CHP05548,猪毛蒿,1.9495586299999998
CHP00381,赤麻,1.9452615999999998
CHP06033,乌梢蛇,1.933999
CHP02582,马蔺子,1.92636824
CHP02085,苦芺,1.92461166
CHP03159,桤木,1.88419924
CHP04527,仙人掌,1.88384366
CHP00373,齿叶草,1.8799013500000001
CHP01665,黄花铁线莲,1.87482032
CHP02456,陆地棉,1.8713449199999999
CHP05843,海燕,1.86938194
CHP00649,倒吊笔,1.86481245
CHP02563,马槟榔,1.8579044599999999
CHP00662,稻芽,1.8567390000000001
CHP00351,朝鲜白头翁,1.83520864
CHP02182,兰花,1.8317279
CHP00854,毒蛆草,1.83127334
CHP02998,牛角瓜,1.82039404
CHP05791,穿山甲,1.81671705
CHP06038,犀角,1.8086598
CHP00210,半夏曲,1.80456255
CHP01359,河套大黄,1.8005949600000002
CHP00261,扁桃斑鸠菊,1.79494097
CHP03257,青羊参,1.79413622
CHP05670,紫萁,1.7823717000000001
CHP02120,苦楝实,1.78147375
CHP02914,苜蓿根,1.7702489
CHP00993,番石榴皮,1.7632963
CHP02925,南瓜,1.75860663
CHP01953,金腰,1.74699284
CHP05877,鸡胆,1.746365
CHP01748,黄紫堇,1.74463867
CHP03223,青黛,1.72420425
CHP01123,甘菊,1.7239668
CHP02306,莲蓬草,1.70567491
CHP01172,高山唐松草,1.7011292
CHP00366,橙皮,1.69755043
CHP05841,海螵蛸,1.69233386
CHP05361,芸香草,1.6862271500000001
CHP01480,红雀珊瑚,1.6823663
CHP05621,紫菜,1.67679466
CHP00541,大青,1.6756538
CHP00247,薜荔,1.6753279
CHP05364,仔榄树,1.66944266
CHP06099,红曲,1.6676716699999998
CHP02784,猕猴桃,1.6663088400000001
CHP04021,锁阳,1.6579270400000001
CHP03053,欧鼠李,1.6578154
CHP06080,豹皮菇,1.6570132000000002
CHP01708,黄缅桂,1.6476802
CHP03254,青葙,1.64746179
CHP02339,蓼实,1.64578345
CHP01144,干冬菜,1.64161864
CHP01463,红毛野海棠,1.6371925
CHP05804,蜂房,1.6353318099999998
CHP04746,小叶石楠,1.6295948
CHP04238,土木香,1.62542364
CHP01525,胡桃叶,1.6240941
CHP04367,无根藤,1.6238504
CHP00057,白草莓,1.61953775
CHP05383,泽珍珠菜,1.61882925
CHP05919,鹿角,1.6149965000000002
CHP06167,硫磺,1.6141805
CHP04358,乌苏里瓦韦,1.60928915
CHP02540,绿玉树,1.6047966
CHP04052,唐古特青兰,1.6047207
CHP01555,虎尾兰,1.5940819
CHP05357,芸薹,1.5892139
CHP01675,黄堇,1.5883808099999999
CHP02597,马先蒿,1.58737464
CHP02567,马蛋果,1.58701294
CHP04344,乌桕木根皮,1.58046216
CHP02844,牡蒿,1.57702104
CHP01712,黄皮根,1.5743133999999999
CHP00319,草莓,1.5707016
CHP04169,铁线莲,1.5704284
CHP04114,甜茶,1.5671256
CHP02062,咖啡,1.5646139
CHP02746,茅香,1.56453356
CHP00272,滨海前胡,1.56314573
CHP03456,沙枣树皮,1.56281561
CHP04253,兔儿伞,1.5615229
CHP03772,柿根,1.5570575
CHP05581,竹叶柴胡,1.5547198999999998
CHP05313,圆叶茅膏菜,1.548546
CHP05010,椰子瓤,1.54833162
CHP00156,白叶藤,1.5477989399999998
CHP03550,山柳,1.5447395
CHP02644,芒萁骨,1.54446675
CHP06067,雉,1.5439151
CHP03107,偏翅唐松草,1.54096472
CHP01375,黑豆衣,1.5375152399999998
CHP04070,桃子,1.5374101
CHP06073,紫河车,1.53555654
CHP00141,白薯莨,1.53318743
CHP03918,水杨梅,1.53132275
CHP00332,茶条槭,1.5310485699999998
CHP02293,栗树皮,1.5305323
CHP02649,莽草根,1.5272812299999998
CHP04698,小米草,1.5249798700000001
CHP04335,乌棒子,1.52134374
CHP02029,橘核,1.5171785
CHP05325,月见草,1.51666957
CHP02834,茉莉花,1.5157357
CHP05337,云南榧树,1.51477591
CHP01724,黄秦艽,1.5132494
CHP01775,鸡蛋果,1.5005221
CHP04113,甜菜,1.4949080399999999
CHP02600,马银花,1.4913649
CHP00879,杜鹃花叶,1.4908307
CHP03309,雀梅藤,1.4869237000000002
CHP05912,灵猫香,1.48625036
CHP03329,日中花,1.4815098
CHP03114,瓶尔小草,1.4792037
CHP01802,鸡眼草,1.46898353
CHP02745,茅莓,1.4584707
CHP00239,荜茇根,1.45399401
CHP01697,黄栌枝叶,1.4533589
CHP00222,报春花,1.45016033
CHP04737,小叶黑柴胡,1.4489052500000001
CHP05041,野花椒皮,1.4484526400000002
CHP01903,金草,1.44015146
CHP00583,大叶蒟,1.43085335
CHP00508,大花糙苏,1.4300741700000001
CHP02640,芒果叶,1.41668256
CHP03077,泡桐果,1.41195043
CHP04543,线叶金鸡菊,1.41160863
CHP05005,药用倒提壶,1.40474751
CHP02531,绿豆皮,1.4003027499999998
CHP00418,川西獐牙菜,1.39904547
CHP02539,绿笋片,1.3885377
CHP00393,臭茉莉,1.38099659
CHP03595,山银柴胡,1.37972074
CHP02096,苦碟子,1.37898184
CHP02971,柠檬根,1.37762766
CHP03440,沙冬青,1.37751666
CHP02515,骆驼蓬子,1.37729329
CHP01919,金橘,1.3661006599999999
CHP05766,鳖甲,1.36494082
CHP04000,酸模,1.3621347
CHP04835,雪见草,1.3504220999999998
CHP00286,博落回,1.34056711
CHP00801,东当归,1.3346744
CHP04956,羊耳蒜,1.3346244600000001
CHP04777,新疆藁本,1.32838183
CHP04283,碗蕨,1.32628695
CHP01232,枸橘核,1.30772465
CHP02034,橘叶巴戟,1.29774317
CHP01677,黄荆根,1.29531414
CHP04179,通花根,1.2939791
CHP04208,透骨草,1.2907905
CHP02920,南川升麻,1.2838602
CHP04270,瓦松,1.2759829
CHP05463,珍珠菜,1.27493245
CHP04960,羊角棉,1.2747232899999998
CHP02100,苦豆子,1.27099284
CHP05555,猪殃殃,1.2595018
CHP02457,陆英,1.2541943999999998
CHP05539,珠芽半支,1.24167901
CHP04583,香唐松草,1.24118455
CHP01910,金光菊,1.2342529899999999
CHP04171,铁轴草,1.23130297
CHP04986,杨梅核仁,1.22582046
CHP05465,珍珠梅,1.2044324999999998
CHP03889,水芹,1.1704663800000001
CHP05170,茵芋,1.1701374
CHP03365,瑞香花,1.1594853399999998
CHP01255,拐芹,1.1583548000000001
CHP05681,紫穗槐,1.15294193
CHP03243,青皮,1.1477953
CHP03606,山芝麻,1.13314495
CHP03650,蛇果黄堇,1.12703121
CHP02270,藜草,1.12647661
CHP01348,蔊菜,1.12421902
CHP03321,人参芦,1.1031407
CHP05373,皂角刺,1.10168783
CHP05306,圆萼刺参,1.0904645899999998
CHP01013,飞机草,1.07152117
CHP00374,齿叶橐吾,1.06231528
CHP05790,虫白蜡,1.05015114
CHP02084,苦艾,1.04247714
CHP05470,枕材,1.0413430300000002
CHP05591,苎麻,1.02542581
CHP04181,通脉丹,1.00075598
CHP00086,白花菜,0.9919177
CHP04392,梧桐子,0.9901791200000001
CHP03113,苹果,0.99003947
CHP06035,蜈蚣,0.97870764
CHP05121,夜合花,0.97408479
CHP03425,桑根,0.9608047399999999
CHP01811,吉林乌头,0.960437
CHP03201,茜草藤,0.9485606
CHP05450,照山白,0.9444037
CHP03541,山蒟,0.93873838
CHP05142,伊贝母,0.93648414
CHP04622,小百部,0.93512756
CHP04328,文竹,0.9348688
CHP03018,牛尾菜,0.9344546
CHP04666,小花盾叶薯蓣,0.93281573
CHP02504,罗勒子,0.9328101
CHP00038,巴豆霜,0.93145114
CHP01170,高山辣根菜,0.9306795
CHP05481,栀子叶,0.9289948
CHP04163,铁树叶,0.9266659
CHP04933,岩乌头,0.9265976
CHP00430,椿白皮,0.92656106
CHP01604,华中瘤足蕨,0.92360795
CHP03881,水木草,0.9204513
CHP02609,麦瓶草,0.9191273
CHP04297,王孙,0.9169321
CHP03110,飘拂草,0.9137721
CHP01935,金雀根,0.9113747
CHP05882,鸡肉,0.9037759
CHP00050,白八角莲,0.89976597
CHP05461,鹧鸪菜,0.89648485
CHP05355,云实叶,0.8900751
CHP01868,浆果苋,0.8900447
CHP02049,卷丹,0.88998735
CHP03568,山稔叶,0.88443184
CHP01226,枸骨根,0.8810673
CHP01963,金樱叶,0.8769841
CHP00254,鞭打绣球,0.87313163
CHP05729,总状绿绒蒿,0.8694035
CHP02519,落葵,0.86861765
CHP05955,蜜蜡,0.86493143
CHP05274,榆树,0.8640521
CHP00988,番木瓜叶,0.86153257
CHP00991,番石榴干,0.8611662
CHP05353,云实,0.8601524
CHP03375,三叉凤尾蕨,0.8586478
CHP03933,睡菜根,0.8573241
CHP05848,黑蚂蚁,0.8570461
CHP01733,黄蜀葵花,0.85642946
CHP02589,马桑根,0.85600936
CHP03056,藕节,0.85570955
CHP02707,毛葡萄,0.8512451
CHP00635,淡竹叶,0.8478508
CHP04869,鸭儿芹,0.84766674
CHP02427,龙眼肉,0.8468687
CHP04992,洋葱,0.8441005
CHP02813,绵藤,0.8427293
CHP03216,窃衣,0.8416282
CHP05435,长尾复叶耳蕨,0.8413636
CHP04059,桃根,0.8411724
CHP05592,苎麻根,0.84103996
CHP01063,凤凰木,0.83809316
CHP00225,暴马子皮,0.83669364
CHP02941,南蛇藤叶,0.8357083
CHP04379,无漏子,0.83549196
CHP01050,风箱树叶,0.8297741
CHP05267,鱼腥草,0.828825
CHP06156,红粉,0.82876813
CHP05800,鹅臎,0.82783955
CHP01764,火炭母草,0.82697123
CHP02026,橘白,0.8233196
CHP01020,飞扬草,0.8216136
CHP06118,木耳,0.8198059
CHP06039,象胆,0.8190907
CHP03401,三色堇,0.81772834
CHP01594,华南皂荚,0.81575936
CHP04233,土连翘,0.81508696
CHP05032,野菰,0.8117322
CHP05772,蚕蛾,0.8082094
CHP01546,槲叶,0.80727684
CHP05824,狗肉,0.8068353
CHP03520,山胡椒叶,0.8067508999999999
CHP02284,栗柄金粉蕨,0.80104864
CHP05889,鸡子壳,0.797656
CHP01216,狗屎花,0.79733956
CHP04110,田旋花,0.7938211
CHP03569,山珊瑚,0.789478
CHP00763,吊兰,0.789468
CHP03212,乔木紫珠,0.7893236
CHP03464,砂生槐,0.7871723
CHP00176,百蕊草,0.78648764
CHP05853,猴枣,0.783496
CHP05467,真藓,0.78248316
CHP02815,棉花,0.7785988
CHP01610,化香树果,0.7783108
CHP05837,海参,0.77640045
CHP03552,山萝卜,0.7759267
CHP05175,银粉背蕨,0.77376926
CHP05495,枳椇根,0.76747286
CHP04972,羊蹄草,0.7635659
CHP01349,旱莲花,0.76230383
CHP02000,九里香根,0.76192948
CHP03810,薯莨,0.75792205
CHP01086,芙蓉花,0.75663203
CHP03453,沙枣,0.7564197
CHP04334,窝儿七,0.75561258
CHP04352,乌蔹莓,0.7546227
CHP05345,云南菟丝子,0.7538880800000001
CHP03770,柿,0.75346947
CHP00069,白椴,0.7523828
CHP00671,地丁,0.7510565
CHP00285,伯乐树,0.7482777
CHP06040,象骨,0.74746114
CHP02459,鹿葱,0.7450416
CHP04535,咸酸蔃,0.7427402
CHP05694,紫薇叶,0.74115556
CHP02149,块茎糙苏,0.73239815
CHP02782,迷果芹,0.7305576
CHP05753,斑鸠,0.7261659
CHP05796,灯心柳珊瑚,0.7257026
CHP00807,东莨菪,0.72528159
CHP03741,石楠,0.72457236
CHP05683,紫藤,0.7198388
CHP00648,倒地铃,0.7186056
CHP05835,蛤壳,0.7177329
CHP05866,鲩鱼,0.7172725
CHP05408,樟脑,0.71153665
CHP00250,篦子三尖杉,0.7108304
CHP01941,金丝梅,0.7095686
CHP00130,白牛胆,0.70403814
CHP03299,驱虫斑鸠菊,0.70078313
CHP06130,太白花,0.70023227
CHP05252,柚子,0.6984853
CHP01909,金冠鳞毛蕨,0.69782406
CHP04215,土百部,0.69603026
CHP01888,接骨丹,0.69578916
CHP00599,大叶香薷,0.69531167
CHP04299,网脉橐吾,0.69479712
CHP03184,千年艾,0.69263196
CHP00897,短小蛇根草,0.6878156
CHP01012,防己叶菝葜,0.6873946
CHP00004,阿育魏实,0.6843692
CHP02831,魔芋,0.683437
CHP02561,马比木,0.6820744
CHP03105,辟汗草,0.68076587
CHP05004,药西瓜,0.67466605
CHP04604,向日葵花,0.6739317
CHP02659,毛八角枫,0.6730383
CHP00372,齿瓣延胡索,0.6706146
CHP01072,凤仙花,0.670514
CHP00289,补血草,0.6688336
CHP01499,红直獐牙菜,0.6687504
CHP05887,鸡子白,0.6652587
CHP05297,郁金香根,0.66435516
CHP02525,驴蹄草,0.6626779
CHP06157,琥珀,0.66236514
CHP04385,芜菁甘蓝,0.6583953
CHP00667,地柏枝,0.65548724
CHP01758,茴香根,0.6524214
CHP05379,泽藓,0.6439799
CHP05610,姊妹树,0.64286584
CHP04481,细香葱,0.6396473
CHP05198,鹰不泊,0.6367012
CHP03015,牛舌头,0.6361501
CHP01918,金锦香,0.6322914
CHP05009,椰子皮,0.62551045
CHP00768,钓樟枝叶,0.61739695
CHP01774,鸡蛋参,0.61237403
CHP04598,香樟叶,0.60969
CHP05171,银背藤,0.59516764
CHP03689,胜红蓟,0.59313375
CHP04558,香根芹,0.57793893
CHP04330,蕹菜,0.57413453
CHP04340,乌骨藤,0.5708486
CHP01156,岗松,0.56994927
CHP05712,紫珠,0.56481314
CHP05192,印度九里香,0.56239134
CHP05188,银叶树,0.56083024
CHP05795,地龙,0.5364053
CHP00149,白土茯苓,0.5302188
CHP03567,山棯叶,0.5280885
CHP03921,水杨枝叶,0.51764905
CHP03081,炮姜,0.5060341
CHP01788,鸡冠子,0.5058357
CHP01563,花椒簕,0.4998951
CHP04899,芫花,0.49631515
CHP01028,榧子,0.49626297
CHP04798,杏子,0.47486344
CHP00265,扁竹根,0.4593765
CHP04461,菥蓂,0.45750237
CHP00104,白菊花根,0.43266192
CHP04475,细果角茴香,0.41983348
CHP01201,功劳子,0.40394682
CHP00276,柄果槲寄生,0.37925133
CHP05692,紫薇花,0.3708855
CHP05173,银不换,0.3587739
CHP04322,榅桲,0.32567614
CHP01262,观音草,0.31232888
CHP04224,土丁桂,0.2955496
CHP05191,淫羊藿根,0.29313177
CHP01520,胡麻仁,0.27717564
CHP00629,胆南星,0.25191128
CHP02697,毛莲蒿,0.23517737
CHP02946,南天竹梗,0.23370263
CHP01362,荷梗,0.21346585
CHP00318,草胡椒,0.16479222
