rank,CHP_ID,Chinese_herbal_pieces,total_score,total_compounds,effective_count,high_quality_count,ultra_high_count
1,CHP01416,红豆杉,430.49911762,548.0,548.0,301.0,82.0
2,CHP04552,香茶菜,378.63154468000005,463.0,463.0,266.0,214.0
3,CHP00014,艾叶,272.14812938,397.0,397.0,119.0,16.0
4,CHP00689,地黄,234.9589092,285.0,285.0,178.0,84.0
5,CHP01118,甘草,232.80973139999998,341.0,341.0,91.0,17.0
6,CHP02748,没药,227.40320478,291.0,291.0,163.0,29.0
7,CHP00341,柴胡,226.51273257000003,299.0,299.0,156.0,69.0
8,CHP06111,灵芝,224.17182406999999,283.0,283.0,183.0,12.0
9,CHP01886,绞股蓝,212.68473876999997,247.0,247.0,221.0,104.0
10,CHP00417,川乌,203.42140113999997,268.0,268.0,129.0,70.0
11,CHP02254,雷公藤,198.05443713,257.0,257.0,126.0,24.0
12,CHP00984,番荔枝,189.89884331000002,285.0,285.0,96.0,8.0
13,CHP00216,薄荷,183.19159845,252.0,252.0,101.0,14.0
14,CHP00162,白芷,179.20825406,307.0,307.0,45.0,6.0
15,CHP00617,丹参,176.21493492000002,235.0,235.0,90.0,9.0
16,CHP00030,八角茴香,175.27852664,266.0,266.0,67.0,9.0
17,CHP00360,沉香,174.06438826000002,259.0,259.0,74.0,9.0
18,CHP00412,川贝母,174.00594504,228.0,228.0,116.0,77.0
19,CHP00513,大黄,159.31101772,205.0,205.0,108.0,5.0
20,CHP00948,莪术,158.34903307000002,226.0,226.0,65.0,5.0
21,CHP04419,五味子,155.51582353999999,239.0,239.0,60.0,17.0
22,CHP00168,百部,145.66820072999997,181.0,181.0,119.0,85.0
23,CHP00355,车前草,145.43446204999998,197.0,197.0,82.0,13.0
24,CHP00543,板蓝根,145.06877015999999,193.0,193.0,89.0,31.0
25,CHP03024,牛膝,130.25667634,162.0,162.0,117.0,25.0
26,CHP01717,黄芪,129.81635087,171.0,171.0,82.0,54.0
27,CHP01206,钩藤,125.08489786999999,174.0,174.0,71.0,22.0
28,CHP00608,大枣,121.52834236,164.0,164.0,77.0,28.0
29,CHP00274,槟榔,119.19020450999999,172.0,172.0,52.0,11.0
30,CHP00812,冬瓜皮,118.7451777,174.0,174.0,49.0,13.0
31,CHP00019,安息香,118.04999452000001,171.0,171.0,62.0,18.0
32,CHP00638,当归,117.49344427,171.0,171.0,54.0,8.0
33,CHP01516,胡芦巴,115.75128577000001,144.0,144.0,85.0,45.0
34,CHP00288,补骨脂,115.4358904,181.0,181.0,19.0,5.0
35,CHP00209,半夏,115.03500681,155.0,155.0,76.0,26.0
36,CHP05190,淫羊藿,113.91261183,165.0,165.0,49.0,0.0
37,CHP01958,金银花,113.64089899000001,146.0,146.0,77.0,39.0
38,CHP03682,升麻,110.35698667,134.0,134.0,93.0,31.0
39,CHP00039,巴戟天,109.68009918000001,153.0,153.0,57.0,29.0
40,CHP03423,桑白皮,107.77221898000002,147.0,147.0,51.0,4.0
41,CHP03319,人参,105.30725693,128.0,128.0,97.0,38.0
42,CHP01898,芥子,104.24983394,136.0,136.0,73.0,6.0
43,CHP01236,枸杞子,102.94166562999999,137.0,137.0,81.0,24.0
44,CHP00170,百合,102.84794754,137.0,137.0,57.0,27.0
45,CHP00037,巴豆,102.44341568,137.0,137.0,69.0,27.0
46,CHP02098,苦丁茶,101.79256735000001,127.0,127.0,80.0,47.0
47,CHP00306,藏红花,99.13335278000001,134.0,134.0,46.0,6.0
48,CHP00121,白毛藤,98.37476682,121.0,121.0,78.0,35.0
49,CHP03229,青蒿,95.60906317999999,120.0,120.0,65.0,32.0
50,CHP00032,八角莲,93.72952289,138.0,138.0,32.0,12.0
51,CHP00779,丁香,92.3530198,137.0,137.0,48.0,8.0
52,CHP00333,茶叶,92.22129941,125.0,125.0,49.0,17.0
53,CHP05646,紫金牛,91.44071054,122.0,122.0,56.0,32.0
54,CHP02298,连翘,90.86140626000002,116.0,116.0,59.0,9.0
55,CHP05319,远志,90.47442329,120.0,120.0,64.0,5.0
56,CHP00003,阿魏,89.21617753000001,133.0,133.0,32.0,1.0
57,CHP00142,白术,88.62637698,118.0,118.0,61.0,17.0
58,CHP00151,白鲜皮,88.50230488,117.0,117.0,65.0,34.0
59,CHP00419,川芎,88.46444405999999,127.0,127.0,50.0,7.0
60,CHP04565,香加皮,87.12320218,106.0,106.0,68.0,40.0
61,CHP02176,辣木,85.86867397,118.0,118.0,35.0,2.0
62,CHP03635,芍药,84.28806971000002,107.0,107.0,66.0,16.0
63,CHP01425,红花,84.26375454000001,114.0,114.0,45.0,4.0
64,CHP02017,桔梗,82.79149075,99.0,99.0,75.0,35.0
65,CHP00229,北沙参,81.91698724999999,105.0,105.0,58.0,9.0
66,CHP04818,续断,81.19806670999999,97.0,97.0,75.0,34.0
67,CHP03397,三七,81.15592686,117.0,117.0,44.0,23.0
68,CHP02495,罗汉果,79.66810377999998,102.0,102.0,64.0,27.0
69,CHP01623,槐花,79.64398427,112.0,112.0,34.0,9.0
70,CHP05675,紫杉,79.14276543000001,102.0,102.0,48.0,14.0
71,CHP00303,苍术,79.09611368999998,111.0,111.0,37.0,7.0
72,CHP00519,大戟,78.98896059,107.0,107.0,40.0,6.0
73,CHP01515,胡椒,78.9832964,134.0,134.0,21.0,2.0
74,CHP00212,半枝莲,77.87932834,113.0,113.0,35.0,6.0
75,CHP00720,地榆,77.649878,95.0,95.0,76.0,9.0
76,CHP03049,女贞子,76.88620364000002,107.0,107.0,46.0,7.0
77,CHP02172,辣椒,76.50486138000001,108.0,108.0,32.0,4.0
78,CHP01681,黄荆子,75.76067377,103.0,103.0,46.0,26.0
79,CHP01374,黑豆,75.53293775,120.0,120.0,29.0,7.0
80,CHP05477,知母,75.49523128,91.0,91.0,63.0,49.0
81,CHP01508,厚朴,74.570781,121.0,121.0,17.0,4.0
82,CHP01146,干姜,73.00063396,106.0,106.0,35.0,11.0
83,CHP03630,商陆,72.67614334,93.0,93.0,52.0,16.0
84,CHP00857,独活,71.51443898,108.0,108.0,25.0,3.0
85,CHP00431,椿皮,71.50148322999999,95.0,95.0,54.0,24.0
86,CHP00146,白头翁,70.58932489000001,93.0,93.0,47.0,22.0
87,CHP00415,川木通,70.24729506,96.0,96.0,26.0,5.0
88,CHP01110,附子,70.14863288999999,81.0,81.0,64.0,42.0
89,CHP00114,白蔹,69.57783770999998,102.0,102.0,43.0,7.0
90,CHP02090,苦参,69.37451191,94.0,94.0,29.0,15.0
91,CHP00612,代代花,68.83963591,96.0,96.0,35.0,9.0
92,CHP00201,半边莲,68.53657361,96.0,96.0,37.0,6.0
93,CHP03102,枇杷叶,68.52993178000001,89.0,89.0,51.0,3.0
94,CHP04075,藤黄,68.48458573,96.0,96.0,23.0,3.0
95,CHP00672,地耳草,68.23256243,98.0,98.0,27.0,4.0
96,CHP02119,苦楝皮,68.09920440999998,87.0,87.0,49.0,23.0
97,CHP01246,瓜蒌,67.86964096,90.0,90.0,39.0,20.0
98,CHP00048,菝葜,67.6748347,90.0,90.0,40.0,24.0
99,CHP05417,长春花,67.14554911,95.0,95.0,36.0,7.0
100,CHP00422,穿心莲,67.13635755000001,100.0,100.0,33.0,2.0
101,CHP00258,扁豆,67.13597869,93.0,93.0,35.0,9.0
102,CHP01058,蜂斗菜,66.87843033,94.0,94.0,33.0,4.0
103,CHP00361,陈皮,66.23129841000001,103.0,103.0,20.0,6.0
104,CHP01801,鸡血藤,65.98386568999999,96.0,96.0,28.0,0.0
105,CHP00150,白薇,65.92275046,85.0,85.0,50.0,25.0
106,CHP03202,羌活,65.83063662,102.0,102.0,25.0,6.0
107,CHP00884,杜仲,65.19806046000001,85.0,85.0,43.0,10.0
108,CHP05992,人中白,64.079987,83.0,83.0,49.0,25.0
109,CHP00088,白花菜子,63.730724714000004,94.0,94.0,37.0,8.0
110,CHP00455,刺桐,63.14833159000001,104.0,104.0,7.0,1.0
111,CHP03444,沙棘,63.13530701,90.0,90.0,39.0,7.0
112,CHP01999,九里香,62.74638606,104.0,104.0,9.0,4.0
113,CHP01045,风藤,62.62768299,89.0,89.0,26.0,4.0
114,CHP00322,草乌,62.43791383,79.0,79.0,47.0,34.0
115,CHP02546,麻黄,61.64335144,88.0,88.0,22.0,3.0
116,CHP00135,白前,61.255304140000014,78.0,78.0,44.0,24.0
117,CHP01818,蒺藜,61.17668373,75.0,75.0,52.0,35.0
118,CHP02568,马兜铃,60.368438229999995,85.0,85.0,36.0,13.0
119,CHP01983,荆芥,59.76796398,81.0,81.0,30.0,3.0
120,CHP00326,侧柏叶,59.38673939999999,90.0,90.0,24.0,1.0
121,CHP00557,大蒜,59.260403010000005,80.0,80.0,43.0,18.0
122,CHP03193,前胡,59.190311779999995,85.0,85.0,19.0,2.0
123,CHP00819,冬葵果,59.18454225,80.0,80.0,39.0,6.0
124,CHP02155,款冬花,58.91355501,79.0,79.0,39.0,7.0
125,CHP03198,茜草,58.897516669999995,74.0,74.0,40.0,5.0
126,CHP03352,乳香,58.569967930000004,77.0,77.0,40.0,6.0
127,CHP04065,桃仁,58.566527799999996,72.0,72.0,43.0,25.0
128,CHP02019,菊花,58.27624721,81.0,81.0,39.0,7.0
129,CHP01514,胡黄连,58.19171127999999,74.0,74.0,35.0,16.0
130,CHP03323,人参叶,58.068790650000004,75.0,75.0,47.0,21.0
131,CHP01871,降香,57.61164321,94.0,94.0,8.0,0.0
132,CHP02023,菊苣,56.71548161,70.0,70.0,41.0,20.0
133,CHP04231,土槿皮,56.62460995,71.0,71.0,49.0,5.0
134,CHP02037,蒟蒻薯,56.38532816,71.0,71.0,30.0,24.0
135,CHP00252,萹蓄,55.998588489999996,73.0,73.0,37.0,12.0
136,CHP05782,蟾酥,55.82627176999999,71.0,71.0,41.0,24.0
137,CHP00241,萆薢,55.256169500000006,74.0,74.0,33.0,19.0
138,CHP03698,十大功劳叶,55.02153402,67.0,67.0,44.0,36.0
139,CHP01207,钩吻,54.84628004,77.0,77.0,32.0,11.0
140,CHP00885,杜仲叶,54.73785412,73.0,73.0,34.0,10.0
141,CHP00106,白蜡树皮,54.676266489999996,82.0,82.0,23.0,2.0
142,CHP05157,益母草,54.561374050000005,69.0,69.0,42.0,12.0
143,CHP03683,生姜,54.44717192,75.0,75.0,31.0,7.0
144,CHP05805,蜂胶,52.323119090000006,83.0,83.0,8.0,0.0
145,CHP01130,甘遂,51.87998399999999,63.0,63.0,45.0,14.0
146,CHP00300,苍耳子,51.633368649999994,71.0,71.0,26.0,2.0
147,CHP01260,关黄柏,51.2498596,70.0,70.0,27.0,3.0
148,CHP02400,龙胆草,50.92326548,65.0,65.0,36.0,18.0
149,CHP03341,肉苁蓉,50.884280329999996,64.0,64.0,45.0,9.0
150,CHP02606,麦冬,50.6873026,70.0,70.0,21.0,16.0
151,CHP00187,败酱草,50.19362912,70.0,70.0,23.0,6.0
152,CHP03175,千层塔,49.467705869999996,65.0,65.0,35.0,16.0
153,CHP01771,藿香,49.347791650000005,72.0,72.0,19.0,6.0
154,CHP02125,苦木,49.314408830000005,62.0,62.0,33.0,23.0
155,CHP02566,马齿苋,49.19589105,64.0,64.0,36.0,13.0
156,CHP01561,花椒,48.92445831,83.0,83.0,17.0,2.0
157,CHP00520,大蓟,48.88087962,69.0,69.0,26.0,2.0
158,CHP03716,石斛,48.726796910000004,74.0,74.0,24.0,19.0
159,CHP00641,党参,48.50827678,65.0,65.0,32.0,7.0
160,CHP02443,芦荟,48.16234404,65.0,65.0,27.0,6.0
161,CHP02842,牡丹皮,47.68648269999999,67.0,67.0,25.0,5.0
162,CHP03609,山茱萸,47.54161896,71.0,71.0,26.0,2.0
163,CHP02901,木通,47.48351736,62.0,62.0,32.0,16.0
164,CHP00228,北豆根,47.294742389999996,72.0,72.0,22.0,14.0
165,CHP04525,仙茅,46.97671389999999,60.0,60.0,28.0,17.0
166,CHP02405,龙葵,46.70768697999999,55.0,55.0,38.0,29.0
167,CHP03808,鼠尾草,46.306437210000006,59.0,59.0,31.0,11.0
168,CHP02297,连钱草,46.082690760000006,61.0,61.0,26.0,15.0
169,CHP03461,砂仁,45.99184556,64.0,64.0,25.0,7.0
170,CHP01745,黄药子,45.524812620000006,64.0,64.0,31.0,9.0
171,CHP00099,白及,45.399821759999995,78.0,78.0,13.0,3.0
172,CHP00775,丁公藤,45.07304916,60.0,60.0,32.0,6.0
173,CHP00124,白茅根,44.93362477999999,59.0,59.0,35.0,17.0
174,CHP00424,垂盆草,44.71675127,67.0,67.0,17.0,1.0
175,CHP02756,梅花,44.58654496,64.0,64.0,19.0,4.0
176,CHP01334,海带,44.143402304000006,65.0,65.0,22.0,4.0
177,CHP02056,决明子,43.69300244,56.0,56.0,33.0,4.0
178,CHP01543,槲寄生,43.62030722,61.0,61.0,14.0,2.0
179,CHP00824,冬凌草,43.41922549,50.0,50.0,44.0,37.0
180,CHP02808,绵萆薢,43.14003538999999,53.0,53.0,32.0,21.0
181,CHP00350,常山,43.00373035,67.0,67.0,18.0,4.0
182,CHP03663,射干,42.69185144,63.0,63.0,19.0,9.0
183,CHP04466,豨莶草,42.6198983,56.0,56.0,35.0,2.0
184,CHP00238,荜茇,42.54114339000001,75.0,75.0,15.0,3.0
185,CHP03082,佩兰,42.51763364000001,59.0,59.0,20.0,2.0
186,CHP02909,木竹子,42.48380035,64.0,64.0,10.0,0.0
187,CHP00384,赤小豆,42.10216824,52.0,52.0,36.0,14.0
188,CHP04083,天冬,41.893322409999996,54.0,54.0,27.0,7.0
189,CHP00470,翠雀花,41.54490789,52.0,52.0,28.0,22.0
190,CHP02837,墨旱莲,41.327818699999995,53.0,53.0,34.0,16.0
191,CHP04326,文殊兰,41.30377123,60.0,60.0,23.0,4.0
192,CHP00989,番茄,41.286022190000004,53.0,53.0,26.0,20.0
193,CHP01367,核桃仁,41.25287876,58.0,58.0,27.0,1.0
194,CHP05051,野菊花,41.06072638,54.0,54.0,23.0,6.0
195,CHP00673,地枫皮,41.03837873,56.0,56.0,27.0,13.0
196,CHP00456,刺五加,40.92283384,53.0,53.0,28.0,11.0
197,CHP01834,夹竹桃,40.593177650000015,58.0,58.0,23.0,11.0
198,CHP01408,红参,40.103064540000005,53.0,53.0,26.0,13.0
199,CHP01065,凤尾草,40.09409909,56.0,56.0,20.0,5.0
200,CHP02063,开口箭,39.74007967,50.0,50.0,23.0,18.0
201,CHP02030,橘红,39.71853378,52.0,52.0,25.0,13.0
202,CHP00076,白附子,39.36418498,58.0,58.0,18.0,2.0
203,CHP00458,葱白,39.073927330000004,70.0,70.0,3.0,0.0
204,CHP00844,豆蔻,38.65771853,66.0,66.0,8.0,1.0
205,CHP04556,香附,38.60436767000001,52.0,52.0,27.0,5.0
206,CHP00957,鹅不食草,38.48922123,49.0,49.0,32.0,9.0
207,CHP04458,西洋参,38.42943028999999,49.0,49.0,35.0,13.0
208,CHP01127,甘松,38.34171461,50.0,50.0,23.0,10.0
209,CHP02131,苦树皮,38.285428800000005,58.0,58.0,17.0,11.0
210,CHP01326,桂枝,38.101760590000005,57.0,57.0,11.0,0.0
211,CHP00071,白饭豆,38.03645819,51.0,51.0,24.0,6.0
212,CHP01630,黄柏,38.01367655999999,54.0,54.0,17.0,5.0
213,CHP00059,白菖,37.85171897000001,61.0,61.0,12.0,1.0
214,CHP05255,余甘子,37.813363769999995,48.0,48.0,25.0,4.0
215,CHP03643,蛇床子,37.673415340000005,55.0,55.0,9.0,4.0
216,CHP00093,白花蛇舌草,37.643133909999996,46.0,46.0,31.0,14.0
217,CHP01824,荠菜,37.294773340000006,51.0,51.0,18.0,8.0
218,CHP02656,猫须草,37.266150610000004,49.0,49.0,22.0,4.0
219,CHP00137,白屈菜,37.10472838999999,58.0,58.0,18.0,8.0
220,CHP01114,覆盆子,37.06797585,52.0,52.0,21.0,3.0
221,CHP03372,赛莨菪,36.81732123,44.0,44.0,30.0,24.0
222,CHP03342,肉豆蔻,36.746577970000004,57.0,57.0,15.0,7.0
223,CHP03979,苏木,36.66018847,50.0,50.0,13.0,0.0
224,CHP03500,山豆根,36.605524280000004,52.0,52.0,19.0,3.0
225,CHP00108,白兰花,36.50135242000001,63.0,63.0,9.0,5.0
226,CHP02406,龙葵根,36.29597851,48.0,48.0,22.0,9.0
227,CHP01382,黑老虎,36.2758616,48.0,48.0,25.0,6.0
228,CHP01964,金樱子,36.044676249999995,45.0,45.0,33.0,7.0
229,CHP03104,啤酒花,36.03182648,54.0,54.0,3.0,1.0
230,CHP06127,树舌,35.689952569999996,46.0,46.0,24.0,3.0
231,CHP04389,吴茱萸,35.623404050000005,56.0,56.0,8.0,4.0
232,CHP00356,车前子,35.41330268000001,42.0,42.0,30.0,9.0
233,CHP01228,枸骨叶,35.37498317,44.0,44.0,32.0,10.0
234,CHP01187,葛花,35.37420146000001,63.0,63.0,9.0,2.0
235,CHP00362,柽柳,35.16110258,53.0,53.0,13.0,1.0
236,CHP05376,泽兰,34.62577766,45.0,45.0,22.0,5.0
237,CHP05478,栀子,34.51484048,48.0,48.0,17.0,8.0
238,CHP00595,大叶糖胶树,34.420651539999994,45.0,45.0,24.0,7.0
239,CHP01968,金盏菊,34.343599880000006,44.0,44.0,25.0,10.0
240,CHP00090,白花丹,34.326489620000004,45.0,45.0,25.0,3.0
241,CHP01091,佛手,34.19650269,51.0,51.0,15.0,1.0
242,CHP03491,山慈菇,34.12359498,50.0,50.0,11.0,0.0
243,CHP00240,荜澄茄,33.96532618,62.0,62.0,8.0,3.0
244,CHP01073,凤仙透骨草,33.810850900000005,46.0,46.0,24.0,10.0
245,CHP02621,曼陀罗,33.37336565,44.0,44.0,20.0,14.0
246,CHP02057,蕨菜,33.23966642,47.0,47.0,9.0,0.0
247,CHP02904,木香,33.223208680000006,42.0,42.0,24.0,8.0
248,CHP02750,玫瑰花,33.07212525,49.0,49.0,12.0,0.0
249,CHP02161,昆明山海棠,32.99742244000001,44.0,44.0,18.0,5.0
250,CHP01780,鸡骨草,32.75552870999999,47.0,47.0,19.0,7.0
251,CHP01477,红芪,32.70088215,47.0,47.0,16.0,8.0
252,CHP05489,止泻木皮,32.676774079999994,43.0,43.0,19.0,18.0
253,CHP03192,牵牛子,32.50890905,39.0,39.0,29.0,20.0
254,CHP01185,葛根,32.494248479999996,43.0,43.0,17.0,3.0
255,CHP01809,积雪草,32.35225201,41.0,41.0,21.0,15.0
256,CHP01864,姜黄,32.29097568,48.0,48.0,12.0,0.0
257,CHP03704,石菖蒲,32.22038851000001,45.0,45.0,10.0,2.0
258,CHP01973,筋骨草,31.989259540000003,39.0,39.0,28.0,7.0
259,CHP04765,薤白,31.79749278,40.0,40.0,23.0,11.0
260,CHP04306,威灵仙,31.74476951,40.0,40.0,22.0,12.0
261,CHP00140,白首乌,31.492333379999998,40.0,40.0,20.0,6.0
262,CHP02585,马钱子,31.40078154,39.0,39.0,27.0,9.0
263,CHP01723,黄芩,31.336386870000002,46.0,46.0,10.0,1.0
264,CHP05185,银杏,31.31612805,42.0,42.0,20.0,8.0
265,CHP01222,狗牙花,31.085624199999998,45.0,45.0,23.0,1.0
266,CHP02219,莨菪叶,31.07615626,38.0,38.0,23.0,12.0
267,CHP02896,木棉花,31.038985220000004,47.0,47.0,11.0,0.0
268,CHP02676,毛萼香茶菜,30.961076370000004,39.0,39.0,23.0,19.0
269,CHP00186,柏子仁,30.92467582,47.0,47.0,8.0,1.0
270,CHP00972,儿茶,30.920357019999997,41.0,41.0,22.0,0.0
271,CHP05283,玉兰,30.496877640000008,44.0,44.0,13.0,1.0
272,CHP02272,藜芦,30.48153209,38.0,38.0,21.0,16.0
273,CHP02323,两面针,30.41447337,43.0,43.0,17.0,14.0
274,CHP05377,泽漆,30.237277979999995,39.0,39.0,22.0,4.0
275,CHP03771,柿蒂,30.15617235,39.0,39.0,22.0,2.0
276,CHP06091,茯苓皮,30.141277420000005,39.0,39.0,21.0,1.0
277,CHP01245,骨碎补,30.122635820000003,37.0,37.0,26.0,1.0
278,CHP02618,满山红,29.886008880000002,43.0,43.0,16.0,1.0
279,CHP00797,东北雷公藤,29.803918590000002,38.0,38.0,23.0,3.0
280,CHP01519,胡萝卜子,29.58789124,43.0,43.0,12.0,1.0
281,CHP01042,风轮菜,29.446161529999998,40.0,40.0,19.0,2.0
282,CHP01656,黄花夹竹桃,29.38315391,37.0,37.0,18.0,13.0
283,CHP01011,防己,29.35709783,41.0,41.0,18.0,5.0
284,CHP00406,楮实子,29.293460170000003,45.0,45.0,10.0,1.0
285,CHP00444,刺果苏木,29.287496979999997,36.0,36.0,24.0,12.0
286,CHP02604,买麻藤,29.246841509999996,39.0,39.0,17.0,2.0
287,CHP03439,沙参,29.23093061,44.0,44.0,13.0,3.0
288,CHP01449,红景天,29.204407939999996,44.0,44.0,5.0,0.0
289,CHP04173,葶苈子,29.138182300000004,39.0,39.0,18.0,11.0
290,CHP00694,地锦草,29.129073420000005,38.0,38.0,24.0,3.0
291,CHP04313,尾叶香茶菜,28.705028690000002,35.0,35.0,21.0,16.0
292,CHP02631,蔓荆子,28.68846965,38.0,38.0,21.0,1.0
293,CHP03665,伸筋草,28.677852660000006,43.0,43.0,8.0,1.0
294,CHP01344,海藻,28.660161969999997,38.0,38.0,22.0,11.0
295,CHP00313,草苁蓉,28.57415201,36.0,36.0,19.0,4.0
296,CHP02803,密蒙花,28.56615435,35.0,35.0,24.0,8.0
297,CHP00816,冬瓜子,28.553924470000002,39.0,39.0,15.0,5.0
298,CHP02562,马鞭草,28.35412445,42.0,42.0,14.0,6.0
299,CHP01414,红豆蔻,28.326754669999996,42.0,42.0,11.0,2.0
300,CHP02528,绿豆,28.23364912,38.0,38.0,17.0,11.0
301,CHP01923,金莲花,28.207384079999997,38.0,38.0,13.0,6.0
302,CHP02209,狼毒,28.134251969999998,36.0,36.0,20.0,4.0
303,CHP00408,楮树根,28.134091479999995,46.0,46.0,0.0,0.0
304,CHP04842,雪山林,28.07133716,39.0,39.0,17.0,6.0
305,CHP01603,华泽兰,28.0126263,34.0,34.0,21.0,7.0
306,CHP01310,鬼箭羽,27.869206439999996,42.0,42.0,10.0,3.0
307,CHP00726,灯心草,27.756826229999998,37.0,37.0,12.0,2.0
308,CHP01424,红厚壳,27.73808894,40.0,40.0,2.0,2.0
309,CHP01795,鸡屎藤,27.539570240000003,35.0,35.0,19.0,7.0
310,CHP05186,银杏叶,27.4940089,44.0,44.0,9.0,3.0
311,CHP01356,合欢皮,27.389348750000003,35.0,35.0,19.0,7.0
312,CHP03431,桑叶,27.34435303,42.0,42.0,22.0,8.0
313,CHP00746,滇茜草,27.284249329999998,31.0,31.0,27.0,20.0
314,CHP03997,酸浆,27.188844039999996,35.0,35.0,17.0,13.0
315,CHP01007,防风,27.16764505,38.0,38.0,12.0,1.0
316,CHP03182,千里光,27.081184719999996,35.0,35.0,19.0,1.0
317,CHP05104,野芝麻,26.998132400000003,43.0,43.0,8.0,1.0
318,CHP00246,蓖麻子,26.995160820000002,37.0,37.0,14.0,3.0
319,CHP00327,侧柏枝节,26.97474434,42.0,42.0,13.0,1.0
320,CHP03178,千斤拔,26.759659910000003,37.0,37.0,15.0,2.0
321,CHP00421,穿龙薯蓣,26.65784513,37.0,37.0,13.0,7.0
322,CHP00441,刺柏,26.490112919999998,37.0,37.0,13.0,2.0
323,CHP01273,贯众,26.269444380000003,37.0,37.0,13.0,1.0
324,CHP05402,獐牙菜,26.26081251,37.0,37.0,9.0,1.0
325,CHP05676,紫苏,26.252863679999994,38.0,38.0,9.0,0.0
326,CHP01351,诃子,26.23507004,34.0,34.0,19.0,0.0
327,CHP03434,桑枝,26.18602985,35.0,35.0,11.0,6.0
328,CHP03838,水飞蓟,26.10660241,38.0,38.0,9.0,2.0
329,CHP02863,木瓜,25.935619640000002,41.0,41.0,5.0,1.0
330,CHP00678,地骨皮,25.861866560000003,34.0,34.0,17.0,2.0
331,CHP02638,芒果,25.77399141,36.0,36.0,12.0,4.0
332,CHP04054,唐松草,25.642330719999997,68.0,68.0,1.0,1.0
333,CHP01161,高良姜,25.61016132,51.0,51.0,4.0,1.0
334,CHP01096,浮萍,25.593208950000005,38.0,38.0,9.0,1.0
335,CHP05360,芸香,25.446281870000004,42.0,42.0,4.0,1.0
336,CHP06090,茯苓,25.38581509,30.0,30.0,25.0,9.0
337,CHP01682,黄精,25.20911447,33.0,33.0,20.0,15.0
338,CHP04095,天南星,25.16988425,42.0,42.0,11.0,3.0
339,CHP01340,海南粗榧,24.990413800000002,36.0,36.0,12.0,3.0
340,CHP01357,何首乌,24.94120708,34.0,34.0,15.0,2.0
341,CHP03134,蒲公英,24.79702253,34.0,34.0,9.0,4.0
342,CHP03179,千金藤,24.761211,41.0,41.0,8.0,1.0
343,CHP02357,凌霄花,24.552410039999998,33.0,33.0,14.0,1.0
344,CHP00315,草豆蔻,24.26573367,37.0,37.0,8.0,0.0
345,CHP04473,细葛缕子,24.00458905,30.0,30.0,17.0,0.0
346,CHP05515,重楼,23.96070423,31.0,31.0,15.0,10.0
347,CHP03383,三尖杉,23.89126339,37.0,37.0,9.0,2.0
348,CHP01180,藁本,23.681187369999996,37.0,37.0,10.0,0.0
349,CHP05682,紫檀,23.61580425,36.0,36.0,7.0,0.0
350,CHP01608,化橘红,23.50043087,33.0,33.0,12.0,2.0
351,CHP04828,旋覆花,23.360684140000004,28.0,28.0,22.0,5.0
352,CHP05261,鱼藤,23.32619227,40.0,40.0,2.0,0.0
353,CHP01272,贯叶连翘,23.22111787,32.0,32.0,15.0,2.0
354,CHP06001,麝香,23.0664609,33.0,33.0,17.0,10.0
355,CHP03373,三白草,23.05849174,34.0,34.0,4.0,1.0
356,CHP02122,苦楝子,22.894574879999997,31.0,31.0,15.0,3.0
357,CHP03673,肾茶,22.86268023,27.0,27.0,25.0,1.0
358,CHP00206,半边苏,22.828094260000004,35.0,35.0,8.0,1.0
359,CHP05301,鸢尾,22.598556660000003,37.0,37.0,7.0,1.0
360,CHP02541,葎草,22.009626490000002,31.0,31.0,4.0,3.0
361,CHP02412,龙舌兰,21.6107713,28.0,28.0,16.0,15.0
362,CHP03429,桑椹,21.597026449999998,33.0,33.0,13.0,5.0
363,CHP02657,猫眼草,21.459078070000004,30.0,30.0,12.0,5.0
364,CHP00660,稻草,21.43154616,27.0,27.0,14.0,6.0
365,CHP03111,平贝母,21.42621313,24.0,24.0,22.0,21.0
366,CHP00872,独一味,21.41348786,26.0,26.0,16.0,9.0
367,CHP01486,红藤,21.3221243,29.0,29.0,10.0,2.0
368,CHP02391,六棱菊,21.234768900000002,28.0,28.0,14.0,1.0
369,CHP04764,缬草,21.051733299999995,31.0,31.0,9.0,2.0
370,CHP00386,赤杨,21.00399352,31.0,31.0,6.0,0.0
371,CHP05687,紫菀,20.978617820000004,28.0,28.0,15.0,3.0
372,CHP04807,绣线菊,20.97667078,33.0,33.0,7.0,4.0
373,CHP00416,川木香,20.904528450000004,29.0,29.0,11.0,6.0
374,CHP04047,檀香,20.810391709999998,27.0,27.0,16.0,1.0
375,CHP00305,藏边大黄,20.68139532,28.0,28.0,10.0,1.0
376,CHP03591,山药,20.675434859999996,25.0,25.0,18.0,11.0
377,CHP00710,地梭罗,20.6522297,35.0,35.0,6.0,1.0
378,CHP01580,华东膜蕨,20.645935490000003,25.0,25.0,17.0,1.0
379,CHP03139,蒲桃,20.645241079999998,33.0,33.0,5.0,0.0
380,CHP01350,旱芹,20.571849450000002,27.0,27.0,13.0,6.0
381,CHP00316,草果,20.56864284,29.0,29.0,6.0,2.0
382,CHP02180,莱菔子,20.54153943,34.0,34.0,6.0,2.0
383,CHP01370,鹤虱,20.52668836,29.0,29.0,11.0,8.0
384,CHP04225,土茯苓,20.469937970000004,27.0,27.0,12.0,2.0
385,CHP06128,松萝,20.46387524,27.0,27.0,7.0,0.0
386,CHP03398,三七花,20.43647755,24.0,24.0,20.0,10.0
387,CHP04519,夏枯草,20.35333534,23.0,23.0,22.0,6.0
388,CHP02367,琉璃草,20.27812134,27.0,27.0,12.0,0.0
389,CHP01836,荚蒾,20.23922091,25.0,25.0,19.0,0.0
390,CHP02416,龙须藤,20.20621469,28.0,28.0,8.0,0.0
391,CHP01364,荷叶,20.19016957,31.0,31.0,13.0,2.0
392,CHP05380,泽泻,20.12593326,24.0,24.0,20.0,2.0
393,CHP01931,金钱草,20.107550019999998,27.0,27.0,12.0,6.0
394,CHP04006,酸枣仁,19.94270074,27.0,27.0,10.0,2.0
395,CHP00020,桉叶,19.779753780000004,28.0,28.0,12.0,3.0
396,CHP00642,刀豆,19.764890920000003,25.0,25.0,15.0,5.0
397,CHP01756,茴芹,19.71968652,25.0,25.0,15.0,2.0
398,CHP02507,萝芙木,19.645357980000004,28.0,28.0,11.0,1.0
399,CHP00875,杜茎山,19.56494456,25.0,25.0,10.0,10.0
400,CHP03605,山楂叶,19.487592539999998,29.0,29.0,7.0,0.0
401,CHP00906,堆心菊,19.42791149,25.0,25.0,10.0,9.0
402,CHP03185,千年健,19.399952640000002,25.0,25.0,17.0,4.0
403,CHP02543,麻风树,19.326303859999996,25.0,25.0,14.0,1.0
404,CHP01338,海金砂,19.2579826,28.0,28.0,9.0,1.0
405,CHP03204,枪刀药,19.219304029999996,28.0,28.0,12.0,1.0
406,CHP02898,木天蓼,19.135823010000003,25.0,25.0,11.0,4.0
407,CHP00987,番木瓜,19.0993468,24.0,24.0,9.0,2.0
408,CHP01741,黄杨,19.06527477,25.0,25.0,13.0,7.0
409,CHP02353,灵香草,19.02394478,26.0,26.0,12.0,4.0
410,CHP04216,土贝母,19.009102589999998,24.0,24.0,16.0,3.0
411,CHP00060,白车轴草,18.98696469,26.0,26.0,11.0,1.0
412,CHP02612,麦芽,18.983309159999997,26.0,26.0,10.0,5.0
413,CHP02060,爵床,18.858305639999998,29.0,29.0,7.0,4.0
414,CHP00496,大风子,18.782646559999996,28.0,28.0,7.0,2.0
415,CHP02327,两头尖,18.779009560000002,26.0,26.0,9.0,5.0
416,CHP00485,大丁草,18.711266679999998,28.0,28.0,8.0,1.0
417,CHP04106,天竺黄,18.70800344,26.0,26.0,9.0,6.0
418,CHP04174,通草,18.62342177,24.0,24.0,8.0,0.0
419,CHP02537,绿绒蒿,18.61600094,30.0,30.0,7.0,0.0
420,CHP05427,长管香茶菜,18.54953743,22.0,22.0,15.0,12.0
421,CHP04838,雪莲,18.53136658,26.0,26.0,9.0,1.0
422,CHP02440,漏芦,18.512923129999997,26.0,26.0,13.0,4.0
423,CHP00791,定木香,18.508313800000003,22.0,22.0,16.0,14.0
424,CHP01211,狗脊,18.48697829,29.0,29.0,0.0,0.0
425,CHP00597,大叶仙茅,18.44908517,24.0,24.0,10.0,1.0
426,CHP01138,橄榄,18.38481383,25.0,25.0,9.0,2.0
427,CHP03218,秦艽,18.355761789999995,26.0,26.0,12.0,3.0
428,CHP00806,东风橘根,18.211739,27.0,27.0,5.0,2.0
429,CHP03176,千打锤,18.15294637,26.0,26.0,9.0,7.0
430,CHP00191,斑鸠菊,18.05932971,22.0,22.0,13.0,8.0
431,CHP02095,苦地丁,18.04037003,27.0,27.0,3.0,0.0
432,CHP02489,罗布麻叶,18.013455560000004,25.0,25.0,9.0,2.0
433,CHP02939,南蛇藤根,18.01208222,23.0,23.0,15.0,0.0
434,CHP01916,金鸡纳,17.70712566,24.0,24.0,7.0,0.0
435,CHP02441,芦根,17.64254833,24.0,24.0,9.0,6.0
436,CHP05132,一年蓬,17.53961835,22.0,22.0,13.0,4.0
437,CHP02517,落花生,17.502350110000002,24.0,24.0,12.0,0.0
438,CHP01679,黄荆叶,17.498042849999997,31.0,31.0,7.0,0.0
439,CHP00457,葱,17.3370611,25.0,25.0,6.0,0.0
440,CHP04178,通关藤,17.23136724,21.0,21.0,10.0,9.0
441,CHP02048,卷柏,17.20723424,25.0,25.0,5.0,2.0
442,CHP05370,皂荚,16.991385160000004,22.0,22.0,11.0,7.0
443,CHP04413,五色梅,16.989686259999996,23.0,23.0,10.0,2.0
444,CHP03186,千屈菜,16.9223077,28.0,28.0,2.0,0.0
445,CHP05896,僵蚕,16.91548886,26.0,26.0,5.0,1.0
446,CHP00630,淡豆豉,16.8957627,23.0,23.0,4.0,2.0
447,CHP01933,金荞麦,16.87382362,23.0,23.0,10.0,2.0
448,CHP02222,老鹳草,16.79029956,22.0,22.0,8.0,0.0
449,CHP03871,水龙骨,16.785210369999998,25.0,25.0,11.0,2.0
450,CHP01992,景天三七,16.766249570000003,22.0,22.0,11.0,1.0
451,CHP02940,南蛇藤果,16.6230784,24.0,24.0,10.0,3.0
452,CHP02869,木蝴蝶,16.58898654,22.0,22.0,7.0,0.0
453,CHP00281,菠菜,16.55086308,21.0,21.0,12.0,1.0
454,CHP01644,黄瓜,16.505338379999998,22.0,22.0,6.0,0.0
455,CHP00997,番泻叶,16.40126895,22.0,22.0,9.0,0.0
456,CHP05615,梓叶,16.3707609,21.0,21.0,12.0,0.0
457,CHP04482,细辛,16.341409470000002,23.0,23.0,6.0,1.0
458,CHP01813,吉祥草,16.33014746,20.0,20.0,10.0,7.0
459,CHP02375,柳杉,16.27878938,21.0,21.0,13.0,0.0
460,CHP01690,黄连,16.27346225,24.0,24.0,6.0,2.0
461,CHP02547,麻黄根,16.270859699999995,21.0,21.0,15.0,0.0
462,CHP01288,光叶巴豆,16.18581424,24.0,24.0,7.0,1.0
463,CHP02355,铃兰,16.1544497,20.0,20.0,10.0,6.0
464,CHP03869,水流豆,16.121263309999996,32.0,32.0,2.0,1.0
465,CHP03657,蛇葡萄,16.11051758,21.0,21.0,8.0,0.0
466,CHP03527,山黄皮,16.04558305,26.0,26.0,2.0,1.0
467,CHP02985,牛蒡子,16.0375733,21.0,21.0,10.0,3.0
468,CHP02240,老鼠簕,16.02113365,20.0,20.0,10.0,4.0
469,CHP01669,黄花远志,16.01490206,21.0,21.0,10.0,0.0
470,CHP03649,蛇菰,15.955372310000001,19.0,19.0,18.0,0.0
471,CHP04469,喜树,15.941292359999998,23.0,23.0,5.0,2.0
472,CHP03344,肉桂,15.93774231,21.0,21.0,10.0,3.0
473,CHP04008,算盘子,15.78096773,20.0,20.0,11.0,2.0
474,CHP05962,牛黄,15.77688099,19.0,19.0,13.0,8.0
475,CHP01296,广金钱草,15.756139690000001,21.0,21.0,8.0,2.0
476,CHP00762,吊干麻,15.71457277,22.0,22.0,8.0,0.0
477,CHP04280,晚香玉,15.688284750000001,19.0,19.0,10.0,9.0
478,CHP02137,苦玄参,15.678890889999998,20.0,20.0,10.0,5.0
479,CHP03498,山地香茶菜,15.643028319999999,18.0,18.0,13.0,13.0
480,CHP04647,小构树,15.639304130000001,21.0,21.0,7.0,2.0
481,CHP03601,山楂,15.55835452,25.0,25.0,7.0,0.0
482,CHP03768,使君子,15.528832989999998,25.0,25.0,5.0,2.0
483,CHP00483,大车前,15.52262459,21.0,21.0,10.0,3.0
484,CHP04368,无花果,15.38823389,25.0,25.0,2.0,0.0
485,CHP03977,苏合香,15.32887159,21.0,21.0,11.0,2.0
486,CHP02418,龙血树,15.323219020000002,22.0,22.0,7.0,4.0
487,CHP04359,乌药,15.322712469999999,19.0,19.0,11.0,3.0
488,CHP03664,麝香草,15.308608870000002,21.0,21.0,8.0,1.0
489,CHP02889,木榄,15.14283644,19.0,19.0,12.0,2.0
490,CHP03363,瑞香,15.037741890000003,19.0,19.0,9.0,4.0
491,CHP05704,紫玉盘,14.98281212,21.0,21.0,4.0,0.0
492,CHP01936,金雀花,14.89398313,19.0,19.0,10.0,0.0
493,CHP04824,玄参,14.856575189999997,21.0,21.0,4.0,2.0
494,CHP00049,霸王鞭,14.818957160000002,20.0,20.0,10.0,2.0
495,CHP02279,荔枝核,14.72967479,19.0,19.0,10.0,4.0
496,CHP04293,王不留行,14.69621952,19.0,19.0,11.0,4.0
497,CHP02337,辽东楤木,14.686705,19.0,19.0,9.0,8.0
498,CHP00683,地瓜子,14.6811259,25.0,25.0,4.0,2.0
499,CHP02658,猫爪草,14.605787699999999,22.0,22.0,9.0,2.0
500,CHP00173,百里香,14.505285220000001,23.0,23.0,3.0,1.0
501,CHP06113,马勃,14.49521966,20.0,20.0,8.0,1.0
502,CHP02498,罗汉松,14.460889310000002,18.0,18.0,9.0,5.0
503,CHP03256,青葙子,14.41211301,18.0,18.0,13.0,5.0
504,CHP00397,臭梧桐,14.408014430000001,18.0,18.0,11.0,3.0
505,CHP05061,野马追,14.38568299,17.0,17.0,10.0,8.0
506,CHP03884,水茄,14.35721056,17.0,17.0,11.0,11.0
507,CHP05112,叶底珠,14.31595196,18.0,18.0,9.0,5.0
508,CHP05124,夜来香,14.245853510000002,17.0,17.0,12.0,6.0
509,CHP01104,福寿草,14.168705209999999,20.0,20.0,3.0,0.0
510,CHP02342,裂果薯,14.15476107,17.0,17.0,9.0,8.0
511,CHP02500,罗汉松实,14.15212306,17.0,17.0,9.0,8.0
512,CHP01019,飞燕草,14.14449311,17.0,17.0,10.0,8.0
513,CHP01132,肝风草,14.13493521,18.0,18.0,11.0,1.0
514,CHP05248,柚花,14.10568006,21.0,21.0,4.0,2.0
515,CHP00100,白胶香,14.063653979999998,20.0,20.0,6.0,2.0
516,CHP01131,甘西鼠尾草,14.03677522,20.0,20.0,5.0,0.0
517,CHP05140,一枝黄花,13.973772490000004,19.0,19.0,9.0,2.0
518,CHP01143,干地黄,13.93356528,21.0,21.0,2.0,0.0
519,CHP04987,杨梅树皮,13.90029209,21.0,21.0,3.0,0.0
520,CHP00078,白果根,13.89204526,16.0,16.0,12.0,10.0
521,CHP00443,刺果甘草,13.821646770000001,22.0,22.0,6.0,0.0
522,CHP05680,紫苏子,13.820454830000003,22.0,22.0,6.0,2.0
523,CHP03328,忍冬藤,13.81042409,16.0,16.0,14.0,6.0
524,CHP00467,粗叶悬钩子,13.73271342,21.0,21.0,7.0,2.0
525,CHP03561,山柰,13.6900128,20.0,20.0,7.0,0.0
526,CHP01242,谷精草,13.688914999999998,20.0,20.0,7.0,2.0
527,CHP00062,白刺花,13.631584770000002,21.0,21.0,6.0,3.0
528,CHP00292,布渣叶,13.578360240000002,20.0,20.0,8.0,1.0
529,CHP01409,红车轴草,13.536750999999999,21.0,21.0,4.0,2.0
530,CHP03732,石榴皮,13.508446509999999,18.0,18.0,6.0,1.0
531,CHP04975,羊踯躅,13.48015798,15.0,15.0,14.0,11.0
532,CHP00298,苍耳,13.472748179999998,17.0,17.0,8.0,1.0
533,CHP01773,鸡肠狼毒,13.41466919,18.0,18.0,8.0,3.0
534,CHP00068,白杜鹃花,13.40477466,18.0,18.0,6.0,1.0
535,CHP04902,芫荽子,13.40383179,17.0,17.0,8.0,1.0
536,CHP01751,灰叶根,13.346257590000002,22.0,22.0,2.0,1.0
537,CHP05623,紫草,13.29836582,20.0,20.0,1.0,0.0
538,CHP03695,蓍实,13.29193973,19.0,19.0,11.0,1.0
539,CHP04042,太子参,13.248854130000002,19.0,19.0,7.0,5.0
540,CHP02439,耧斗菜,13.244067379999999,16.0,16.0,10.0,10.0
541,CHP04372,无患子,13.1972834,16.0,16.0,11.0,8.0
542,CHP01930,金牛草,13.06137915,19.0,19.0,8.0,0.0
543,CHP01550,虎刺,13.01777576,17.0,17.0,5.0,2.0
544,CHP02009,韭菜子,12.95961345,19.0,19.0,4.0,4.0
545,CHP06089,冬虫夏草,12.94070094,17.0,17.0,6.0,5.0
546,CHP00102,白芥子,12.916745780000001,18.0,18.0,4.0,2.0
547,CHP03070,胖大海,12.912697499999998,19.0,19.0,6.0,3.0
548,CHP03258,青叶胆,12.85845564,19.0,19.0,9.0,1.0
549,CHP05557,猪鬃草,12.81684343,17.0,17.0,11.0,0.0
550,CHP00668,地不容,12.74324376,25.0,25.0,3.0,0.0
551,CHP00772,跌打老,12.7254887,16.0,16.0,6.0,2.0
552,CHP00729,灯盏细辛,12.68991493,17.0,17.0,7.0,0.0
553,CHP00469,催吐萝芙木,12.60093125,19.0,19.0,5.0,3.0
554,CHP03946,四季青,12.59675073,17.0,17.0,7.0,0.0
555,CHP03334,榕树,12.45837899,16.0,16.0,8.0,7.0
556,CHP04061,桃金娘,12.456851939999998,18.0,18.0,4.0,0.0
557,CHP03389,三棱,12.450121430000001,16.0,16.0,10.0,2.0
558,CHP01256,关白附,12.41559129,16.0,16.0,8.0,6.0
559,CHP02630,蔓荆,12.39695705,20.0,20.0,5.0,0.0
560,CHP04862,寻骨风,12.3458881,17.0,17.0,5.0,0.0
561,CHP00165,白珠树,12.310266399999998,18.0,18.0,4.0,0.0
562,CHP01625,槐角,12.281788189999999,18.0,18.0,4.0,1.0
563,CHP00500,大果大戟,12.19979725,16.0,16.0,10.0,0.0
564,CHP02055,决明,12.19751874,17.0,17.0,5.0,0.0
565,CHP00296,蚕豆,12.181190290000002,19.0,19.0,3.0,0.0
566,CHP04858,血桐,12.16872075,21.0,21.0,2.0,0.0
567,CHP06122,桑黄,12.07080112,16.0,16.0,3.0,0.0
568,CHP03148,铺地蜈蚣,12.06322591,14.0,14.0,10.0,4.0
569,CHP01235,枸杞叶,12.03056351,14.0,14.0,9.0,5.0
570,CHP05030,野甘草,12.00405152,18.0,18.0,9.0,0.0
571,CHP04546,相思藤,11.967793449999999,16.0,16.0,7.0,6.0
572,CHP03843,水红花子,11.96525394,17.0,17.0,6.0,0.0
573,CHP00227,北豆,11.88890801,16.0,16.0,8.0,3.0
574,CHP02554,麻牛膝,11.79275458,15.0,15.0,7.0,4.0
575,CHP00011,艾纳香,11.783864900000001,18.0,18.0,2.0,1.0
576,CHP01312,鬼针草,11.63586819,15.0,15.0,5.0,1.0
577,CHP01911,金果榄,11.578205890000001,15.0,15.0,11.0,3.0
578,CHP03217,芹花,11.511294979999999,17.0,17.0,3.0,2.0
579,CHP02175,辣蓼草,11.47695726,17.0,17.0,5.0,0.0
580,CHP04167,铁苋,11.473397099999998,17.0,17.0,8.0,4.0
581,CHP00998,翻白草,11.451318910000001,15.0,15.0,5.0,1.0
582,CHP04717,小通草,11.350844420000001,14.0,14.0,6.0,5.0
583,CHP04164,铁丝灵仙,11.29738193,14.0,14.0,9.0,2.0
584,CHP01193,葛蕈,11.27779326,16.0,16.0,0.0,0.0
585,CHP01676,黄荆,11.23272267,15.0,15.0,7.0,0.0
586,CHP00231,北玄参,11.21651764,15.0,15.0,6.0,0.0
587,CHP02602,马醉木,11.21101939,14.0,14.0,8.0,7.0
588,CHP00882,杜松,11.14432716,17.0,17.0,3.0,1.0
589,CHP03753,石蒜,11.12806473,16.0,16.0,6.0,2.0
590,CHP00708,地刷子,11.03410916,15.0,15.0,8.0,3.0
591,CHP00403,除虫菊,10.98845829,16.0,16.0,3.0,1.0
592,CHP04834,雪胆,10.98026213,15.0,15.0,5.0,2.0
593,CHP05205,迎春花,10.95400111,13.0,13.0,9.0,8.0
594,CHP00175,百脉根,10.93850016,15.0,15.0,6.0,1.0
595,CHP05754,斑蝥,10.92580579,18.0,18.0,2.0,1.0
596,CHP03013,牛舌草,10.91738592,14.0,14.0,7.0,1.0
597,CHP03486,山沉香,10.91504895,16.0,16.0,5.0,1.0
598,CHP02908,木贼,10.91419058,16.0,16.0,7.0,0.0
599,CHP06134,云芝,10.9140725,16.0,16.0,7.0,2.0
600,CHP04244,土三七,10.87786477,15.0,15.0,5.0,3.0
601,CHP01168,高山火绒草,10.871145199999999,17.0,17.0,6.0,0.0
602,CHP00445,刺槐花,10.829456160000001,14.0,14.0,6.0,2.0
603,CHP03687,省沽油,10.82887155,13.0,13.0,9.0,2.0
604,CHP02510,萝藦,10.79651326,14.0,14.0,6.0,3.0
605,CHP03778,柿叶,10.73242406,14.0,14.0,6.0,1.0
606,CHP01540,湖北黄精,10.71789739,13.0,13.0,7.0,6.0
607,CHP06120,绒白乳菇,10.71706177,15.0,15.0,6.0,1.0
608,CHP00189,斑草,10.713538719999999,15.0,15.0,5.0,0.0
609,CHP02623,曼陀罗叶,10.68674775,14.0,14.0,5.0,1.0
610,CHP02410,龙脑膏香,10.67554322,15.0,15.0,7.0,0.0
611,CHP03213,荞麦,10.66661115,14.0,14.0,5.0,3.0
612,CHP02588,马桑,10.665151,15.0,15.0,5.0,4.0
613,CHP02065,看麦娘状莎草,10.64467334,15.0,15.0,7.0,2.0
614,CHP05338,云南甘草,10.64265835,14.0,14.0,8.0,4.0
615,CHP00323,草乌叶,10.63145952,13.0,13.0,8.0,6.0
616,CHP01693,黄龙胆,10.62658248,16.0,16.0,6.0,0.0
617,CHP03226,青果,10.581749700000001,14.0,14.0,8.0,2.0
618,CHP06100,猴头菇,10.571245809999999,19.0,19.0,1.0,0.0
619,CHP03395,三面刀,10.563240969999999,14.0,14.0,6.0,1.0
620,CHP05512,肿柄菊,10.539801700000002,13.0,13.0,8.0,3.0
621,CHP03020,牛尾蒿,10.5369883,14.0,14.0,6.0,2.0
622,CHP01815,棘豆,10.4501919,13.0,13.0,9.0,2.0
623,CHP00284,播娘蒿,10.44823499,14.0,14.0,5.0,5.0
624,CHP00336,茶子,10.43476288,13.0,13.0,7.0,7.0
625,CHP01620,槐,10.424066400000001,13.0,13.0,8.0,4.0
626,CHP05169,茵陈,10.41035488,16.0,16.0,1.0,0.0
627,CHP00396,臭山羊,10.37557172,17.0,17.0,3.0,0.0
628,CHP00251,边缘鳞盖蕨,10.350802159999999,14.0,14.0,6.0,2.0
629,CHP03038,糯稻根,10.32818973,13.0,13.0,7.0,6.0
630,CHP04816,徐长卿,10.32320591,15.0,15.0,5.0,5.0
631,CHP01560,虎杖,10.31515839,14.0,14.0,4.0,0.0
632,CHP03532,山姜,10.22764634,18.0,18.0,0.0,0.0
633,CHP01598,华桑,10.14781006,14.0,14.0,3.0,0.0
634,CHP04898,延龄草,10.12327488,12.0,12.0,8.0,7.0
635,CHP04897,延胡索,10.00981439,19.0,19.0,2.0,1.0
636,CHP04866,鸦胆子,10.000587939999999,12.0,12.0,9.0,9.0
637,CHP04523,夏至草,9.967735699999999,13.0,13.0,4.0,0.0
638,CHP02557,麻叶,9.95916627,13.0,13.0,8.0,2.0
639,CHP05565,竹节参,9.936717000000002,12.0,12.0,7.0,6.0
640,CHP03585,山香,9.928611400000001,12.0,12.0,10.0,1.0
641,CHP01776,鸡蛋花,9.866771770000001,15.0,15.0,6.0,1.0
642,CHP03975,松子仁,9.81625553,15.0,15.0,3.0,1.0
643,CHP05117,叶下珠,9.8148428,15.0,15.0,4.0,0.0
644,CHP00887,短瓣花,9.808781159999999,14.0,14.0,3.0,1.0
645,CHP05159,益智,9.776580769999999,12.0,12.0,11.0,0.0
646,CHP04084,天胡荽,9.717615550000001,12.0,12.0,7.0,6.0
647,CHP05572,竹沥,9.706529739999999,15.0,15.0,4.0,0.0
648,CHP00793,东北刺人参,9.7058121,16.0,16.0,1.0,0.0
649,CHP04863,荨麻,9.6765953,13.0,13.0,6.0,2.0
650,CHP02305,莲花,9.6115765,17.0,17.0,2.0,0.0
651,CHP02488,罗布麻,9.583013809999999,12.0,12.0,8.0,3.0
652,CHP00220,宝盖草,9.544224290000002,12.0,12.0,5.0,5.0
653,CHP05294,玉竹,9.54282358,12.0,12.0,6.0,4.0
654,CHP00016,安徽贝母,9.52115545,11.0,11.0,9.0,4.0
655,CHP01945,金铁锁,9.48764364,12.0,12.0,7.0,0.0
656,CHP04893,烟草,9.468509260000001,13.0,13.0,5.0,2.0
657,CHP02935,南蛇竻,9.46516676,12.0,12.0,8.0,3.0
658,CHP01534,葫芦茶,9.373000690000001,12.0,12.0,5.0,2.0
659,CHP05730,总状升麻,9.36417118,11.0,11.0,8.0,8.0
660,CHP00928,多花蒿,9.36388638,10.0,10.0,10.0,10.0
661,CHP04092,天罗水,9.33948895,12.0,12.0,6.0,2.0
662,CHP05066,野茉莉,9.331296909999999,12.0,12.0,4.0,1.0
663,CHP00949,峨参,9.30665277,16.0,16.0,3.0,2.0
664,CHP01753,回回豆,9.281434619999999,14.0,14.0,2.0,0.0
665,CHP01342,海南买麻藤,9.24236167,13.0,13.0,5.0,1.0
666,CHP03130,葡萄,9.239867080000002,12.0,12.0,5.0,0.0
667,CHP00965,鹅掌楸,9.227488039999999,12.0,12.0,8.0,1.0
668,CHP06117,蘑菇,9.22369089,11.0,11.0,8.0,4.0
669,CHP00731,棣棠花,9.1927128,12.0,12.0,3.0,2.0
670,CHP03867,水蓼,9.1714083,12.0,12.0,6.0,1.0
671,CHP02661,毛白杨,9.16840873,13.0,13.0,4.0,0.0
672,CHP01996,九节茶,9.16253268,12.0,12.0,6.0,5.0
673,CHP02109,苦蒿,9.14105092,12.0,12.0,5.0,4.0
674,CHP02855,木鳖子,9.101327479999998,14.0,14.0,3.0,2.0
675,CHP04150,铁力木,9.08398898,17.0,17.0,1.0,1.0
676,CHP00309,糙苏,9.06037125,11.0,11.0,6.0,3.0
677,CHP05163,翼首草,9.048888439999999,14.0,14.0,4.0,0.0
678,CHP01740,黄心果,8.994665559999998,15.0,15.0,0.0,0.0
679,CHP05286,玉米须,8.9760033,13.0,13.0,7.0,1.0
680,CHP00802,东方狗脊,8.96920701,12.0,12.0,5.0,3.0
681,CHP00119,白马骨,8.9628929,11.0,11.0,7.0,6.0
682,CHP00628,胆木,8.93081445,13.0,13.0,4.0,0.0
683,CHP02469,鹿衔草,8.894483390000001,11.0,11.0,7.0,1.0
684,CHP06133,蛹虫草,8.88837478,11.0,11.0,7.0,0.0
685,CHP00256,鞭叶铁线蕨,8.83830425,12.0,12.0,6.0,2.0
686,CHP01578,华北白前,8.83084014,13.0,13.0,3.0,0.0
687,CHP00454,刺楸树皮,8.79937035,11.0,11.0,6.0,2.0
688,CHP01234,枸杞,8.79236077,15.0,15.0,2.0,0.0
689,CHP05289,玉叶金花,8.79119761,11.0,11.0,6.0,5.0
690,CHP01757,茴香,8.78832516,14.0,14.0,3.0,1.0
691,CHP00221,保山乌头,8.787251829999999,11.0,11.0,5.0,2.0
692,CHP03187,千日红,8.77804675,12.0,12.0,6.0,0.0
693,CHP05679,紫苏叶,8.76064593,12.0,12.0,6.0,2.0
694,CHP03709,石刁柏,8.74830161,12.0,12.0,3.0,1.0
695,CHP02796,米仔兰,8.748212440000001,12.0,12.0,5.0,0.0
696,CHP04018,娑罗子,8.74529567,11.0,11.0,7.0,3.0
697,CHP01905,金钗凤尾蕨,8.7419303,11.0,11.0,5.0,0.0
698,CHP02930,南瓜子,8.73622807,13.0,13.0,2.0,0.0
699,CHP00486,大豆,8.73613138,12.0,12.0,2.0,2.0
700,CHP00080,白果紫草,8.646902859999999,11.0,11.0,4.0,1.0
701,CHP01323,桂皮,8.519415089999999,11.0,11.0,3.0,3.0
702,CHP01241,古柯,8.502551089999999,12.0,12.0,5.0,1.0
703,CHP01912,金合欢,8.48589454,11.0,11.0,5.0,2.0
704,CHP00083,白鹤灵芝,8.48032989,13.0,13.0,0.0,0.0
705,CHP04524,仙鹤草,8.46448768,11.0,11.0,4.0,0.0
706,CHP04599,响铃草,8.458451,11.0,11.0,5.0,1.0
707,CHP04595,香樟,8.43460906,15.0,15.0,1.0,0.0
708,CHP04608,向日葵叶,8.4213403,11.0,11.0,5.0,1.0
709,CHP05690,紫薇,8.41474328,12.0,12.0,4.0,0.0
710,CHP00293,菜豆树,8.40529708,11.0,11.0,5.0,1.0
711,CHP01957,金叶子,8.40175018,10.0,10.0,7.0,3.0
712,CHP03127,破叶莲,8.38138149,11.0,11.0,5.0,1.0
713,CHP04449,西瓜,8.37625281,15.0,15.0,3.0,0.0
714,CHP00347,常春藤,8.36606479,11.0,11.0,6.0,1.0
715,CHP02523,落新妇,8.35569868,18.0,18.0,0.0,0.0
716,CHP00040,巴拿马山石榴,8.29553029,10.0,10.0,7.0,6.0
717,CHP04285,万年青根,8.26342592,10.0,10.0,6.0,4.0
718,CHP02472,路路通,8.231826550000001,10.0,10.0,7.0,1.0
719,CHP03647,蛇根草,8.22375619,10.0,10.0,6.0,2.0
720,CHP00939,多伞阿魏,8.21460978,12.0,12.0,0.0,0.0
721,CHP01363,荷花玉兰,8.2112707,11.0,11.0,4.0,2.0
722,CHP04951,燕麦,8.2107399,10.0,10.0,6.0,4.0
723,CHP04223,土当归,8.20714043,12.0,12.0,2.0,0.0
724,CHP01261,关木通,8.13342572,12.0,12.0,4.0,0.0
725,CHP03135,蒲黄,8.11673246,12.0,12.0,6.0,0.0
726,CHP00722,灯笼草,8.09688152,10.0,10.0,5.0,2.0
727,CHP00670,地胆草,8.08156048,10.0,10.0,5.0,2.0
728,CHP05779,蟾蜍,8.0701123,11.0,11.0,5.0,2.0
729,CHP00371,秤钩风,8.06689457,10.0,10.0,6.0,4.0
730,CHP01269,管花肉苁蓉,8.0640501,10.0,10.0,5.0,1.0
731,CHP02781,迷迭香,8.06302907,10.0,10.0,5.0,3.0
732,CHP01099,浮叶眼子菜,8.04656716,13.0,13.0,2.0,0.0
733,CHP01600,华山矾,8.0442497,10.0,10.0,6.0,1.0
734,CHP00876,杜鹃花,8.0365367,11.0,11.0,3.0,1.0
735,CHP00480,大驳骨,8.0285917,13.0,13.0,4.0,1.0
736,CHP00974,耳草,7.99477588,11.0,11.0,4.0,0.0
737,CHP02484,轮环藤,7.967720199999999,15.0,15.0,3.0,2.0
738,CHP04276,豌豆,7.95309064,10.0,10.0,6.0,0.0
739,CHP02308,莲生桂子花,7.9464967799999995,11.0,11.0,5.0,3.0
740,CHP02478,露水草,7.94094428,10.0,10.0,4.0,1.0
741,CHP04057,桃儿七,7.93884363,10.0,10.0,6.0,0.0
742,CHP00990,番石榴,7.92629805,12.0,12.0,1.0,0.0
743,CHP01309,鬼箭锦鸡儿,7.912290759999999,11.0,11.0,0.0,0.0
744,CHP01181,戈壁天门冬,7.90861263,10.0,10.0,4.0,1.0
745,CHP00023,暗紫贝母,7.86362789,11.0,11.0,4.0,4.0
746,CHP01345,海州骨碎补,7.86036871,10.0,10.0,6.0,1.0
747,CHP03302,瞿麦,7.85778423,10.0,10.0,5.0,1.0
748,CHP01965,金鱼藤,7.840905029999999,11.0,11.0,6.0,2.0
749,CHP04958,羊角拗,7.832989399999999,10.0,10.0,5.0,3.0
750,CHP00676,地肤子,7.83095604,10.0,10.0,6.0,2.0
751,CHP04069,桃枝,7.80341511,13.0,13.0,3.0,2.0
752,CHP01663,黄花稔,7.76023017,11.0,11.0,4.0,1.0
753,CHP02814,绵枣儿,7.74908531,10.0,10.0,6.0,4.0
754,CHP00514,大黄花,7.73902089,9.0,9.0,6.0,6.0
755,CHP02716,毛桐,7.730854599999999,11.0,11.0,1.0,0.0
756,CHP04848,血风藤,7.72812798,10.0,10.0,4.0,0.0
757,CHP02082,孔雀草,7.6926991,10.0,10.0,3.0,2.0
758,CHP05486,蜘蛛香,7.667658439999999,10.0,10.0,5.0,0.0
759,CHP02892,木麻黄,7.64974794,11.0,11.0,7.0,0.0
760,CHP00973,儿茶钩藤,7.64152878,10.0,10.0,6.0,2.0
761,CHP02207,狼把草,7.6229298,13.0,13.0,0.0,0.0
762,CHP00312,草本威灵仙,7.60681767,11.0,11.0,2.0,0.0
763,CHP06136,猪苓,7.603277960000001,9.0,9.0,7.0,7.0
764,CHP03353,入地蜈蚣,7.598052850000001,13.0,13.0,0.0,0.0
765,CHP00013,艾实,7.59575093,12.0,12.0,1.0,0.0
766,CHP04591,香橼,7.57609332,10.0,10.0,5.0,0.0
767,CHP04190,桐油,7.5584214,10.0,10.0,3.0,1.0
768,CHP04547,相思子,7.539195080000001,11.0,11.0,2.0,0.0
769,CHP01884,角蒿,7.53535897,10.0,10.0,6.0,0.0
770,CHP02520,落葵花,7.5266031700000005,9.0,9.0,7.0,1.0
771,CHP00742,滇黄芩,7.52009781,10.0,10.0,5.0,0.0
772,CHP00414,川鄂淫羊藿,7.501964469999999,11.0,11.0,3.0,0.0
773,CHP03180,千金子,7.48272665,10.0,10.0,7.0,2.0
774,CHP03199,茜草根,7.466439910000001,11.0,11.0,2.0,0.0
775,CHP04259,菟丝子,7.46293202,11.0,11.0,4.0,0.0
776,CHP02839,母菊,7.4200114699999995,10.0,10.0,3.0,2.0
777,CHP03696,十大功劳,7.40910311,12.0,12.0,2.0,0.0
778,CHP01299,广西莪术,7.3926272299999995,12.0,12.0,2.0,0.0
779,CHP01599,华山参,7.3724464,12.0,12.0,4.0,2.0
780,CHP00042,巴西胡桐,7.35906485,10.0,10.0,1.0,0.0
781,CHP02526,吕宋果,7.35649349,10.0,10.0,6.0,2.0
782,CHP04629,小檗,7.31635058,11.0,11.0,4.0,1.0
783,CHP04809,绣线菊叶,7.29131328,9.0,9.0,4.0,4.0
784,CHP01783,鸡骨常山,7.29047958,10.0,10.0,5.0,1.0
785,CHP06131,香蕈,7.28078041,9.0,9.0,7.0,2.0
786,CHP01988,粳米,7.26711304,9.0,9.0,7.0,1.0
787,CHP06015,水蛭,7.256173,9.0,9.0,6.0,2.0
788,CHP03263,清风藤,7.2320924600000005,11.0,11.0,5.0,1.0
789,CHP03806,鼠曲草,7.22381097,10.0,10.0,5.0,0.0
790,CHP04821,萱草,7.203378720000001,9.0,9.0,5.0,3.0
791,CHP00947,多足蕨,7.15587614,9.0,9.0,6.0,3.0
792,CHP04918,岩椒草,7.14833991,13.0,13.0,0.0,0.0
793,CHP01015,飞廉,7.148040669999999,11.0,11.0,2.0,1.0
794,CHP00103,白金果榄,7.14570759,10.0,10.0,2.0,1.0
795,CHP00923,盾叶薯蓣,7.14529818,11.0,11.0,3.0,0.0
796,CHP01469,红母鸡草,7.12919467,11.0,11.0,2.0,0.0
797,CHP01076,凤眼草,7.101443300000001,8.0,8.0,8.0,3.0
798,CHP01537,湖北贝母,7.08840783,9.0,9.0,5.0,4.0
799,CHP04984,杨梅,7.08688698,9.0,9.0,6.0,0.0
800,CHP05542,珠子草,7.08276029,13.0,13.0,3.0,1.0
801,CHP04994,洋蒲桃叶,7.0071457,10.0,10.0,0.0,0.0
802,CHP02982,牛蒡,6.983806900000001,12.0,12.0,0.0,0.0
803,CHP05296,郁金香,6.9713696899999995,9.0,9.0,4.0,1.0
804,CHP02494,罗锅底,6.9684922700000005,9.0,9.0,5.0,0.0
805,CHP01889,接骨木,6.95223324,10.0,10.0,4.0,0.0
806,CHP00853,毒芹根,6.924234599999999,10.0,10.0,4.0,0.0
807,CHP03022,牛西西,6.8849725799999995,9.0,9.0,4.0,0.0
808,CHP03784,手参,6.81120226,12.0,12.0,3.0,0.0
809,CHP00081,白蒿,6.803771500000001,9.0,9.0,3.0,2.0
810,CHP02015,救必应,6.78471292,9.0,9.0,3.0,0.0
811,CHP00849,豆油,6.779695060000001,10.0,10.0,4.0,0.0
812,CHP02371,柳穿鱼,6.7701119300000006,9.0,9.0,3.0,0.0
813,CHP01002,繁缕,6.75755813,9.0,9.0,4.0,1.0
814,CHP04795,杏仁,6.73679716,11.0,11.0,3.0,0.0
815,CHP04055,糖荠,6.73263461,8.0,8.0,5.0,3.0
816,CHP00573,大叶柴胡,6.71855161,9.0,9.0,2.0,0.0
817,CHP05322,月季花,6.71278351,11.0,11.0,1.0,0.0
818,CHP00044,芭蕉花,6.68402716,9.0,9.0,3.0,1.0
819,CHP04303,望江南,6.67528919,9.0,9.0,2.0,0.0
820,CHP01171,高山龙胆,6.67142813,11.0,11.0,2.0,1.0
821,CHP02077,刻裂紫堇,6.625041999999999,13.0,13.0,1.0,1.0
822,CHP04409,五气朝阳草,6.61521211,9.0,9.0,2.0,0.0
823,CHP03214,茄子,6.61159423,8.0,8.0,6.0,3.0
824,CHP01470,红木香,6.602886590000001,12.0,12.0,0.0,0.0
825,CHP02397,龙船花,6.6011909499999994,11.0,11.0,0.0,0.0
826,CHP04612,象皮木,6.57910971,10.0,10.0,2.0,0.0
827,CHP02501,罗汉松叶,6.558312379999999,9.0,9.0,3.0,1.0
828,CHP01230,枸橘,6.547746399999999,12.0,12.0,1.0,0.0
829,CHP06129,松蕈,6.53973009,8.0,8.0,5.0,2.0
830,CHP01942,金丝桃,6.52764323,10.0,10.0,1.0,0.0
831,CHP04574,香排草,6.4957945299999995,8.0,8.0,5.0,3.0
832,CHP00756,颠茄,6.48340581,11.0,11.0,3.0,0.0
833,CHP04465,溪黄草,6.46949855,7.0,7.0,7.0,6.0
834,CHP04093,天麻,6.389824810000001,11.0,11.0,1.0,1.0
835,CHP04002,酸石榴,6.37972776,8.0,8.0,4.0,1.0
836,CHP02313,莲子草,6.33729147,8.0,8.0,4.0,4.0
837,CHP00091,白花灯笼,6.304252839999999,9.0,9.0,3.0,1.0
838,CHP00223,抱茎獐牙菜,6.29389519,8.0,8.0,4.0,2.0
839,CHP00803,东方荚果蕨,6.27834472,9.0,9.0,2.0,0.0
840,CHP05778,蝉蜕,6.27186265,8.0,8.0,4.0,0.0
841,CHP01316,桂花,6.26603891,8.0,8.0,5.0,0.0
842,CHP02789,米皮糠,6.24347123,10.0,10.0,2.0,0.0
843,CHP00466,粗榧子,6.19986064,8.0,8.0,3.0,3.0
844,CHP01524,胡桃树皮,6.19689322,8.0,8.0,4.0,0.0
845,CHP02114,苦苣,6.19353776,7.0,7.0,6.0,5.0
846,CHP00533,大麻叶泽兰,6.19272572,8.0,8.0,3.0,1.0
847,CHP01460,红毛七,6.17621837,9.0,9.0,4.0,1.0
848,CHP00604,大叶紫珠,6.152451719999999,9.0,9.0,3.0,0.0
849,CHP05154,异叶梁王茶,6.13776249,8.0,8.0,4.0,2.0
850,CHP01596,华千金藤,6.08314567,8.0,8.0,3.0,1.0
851,CHP04948,眼子菜,6.08282709,9.0,9.0,4.0,0.0
852,CHP03449,沙塘木,6.035626080000001,9.0,9.0,0.0,0.0
853,CHP00778,丁茄,6.01294575,9.0,9.0,1.0,0.0
854,CHP01431,红花鹿蹄草,5.99479381,8.0,8.0,4.0,0.0
855,CHP00874,杜衡,5.9655081,9.0,9.0,1.0,0.0
856,CHP00376,赤瓟,5.95580981,8.0,8.0,4.0,0.0
857,CHP03992,粟米草,5.9386294799999995,8.0,8.0,3.0,0.0
858,CHP01727,黄三七,5.9328965799999995,7.0,7.0,5.0,5.0
859,CHP01750,灰叶,5.92259604,8.0,8.0,2.0,0.0
860,CHP01376,黑杠柳,5.909739879999999,7.0,7.0,5.0,2.0
861,CHP00809,东一号剑麻,5.8966211600000005,9.0,9.0,0.0,0.0
862,CHP01126,甘薯,5.89175402,8.0,8.0,5.0,0.0
863,CHP02450,芦竹根,5.879166140000001,11.0,11.0,1.0,1.0
864,CHP01043,风毛菊,5.8559356000000005,8.0,8.0,2.0,2.0
865,CHP05105,野芝麻根,5.84800592,8.0,8.0,3.0,0.0
866,CHP01573,花叶假杜鹃,5.82411805,7.0,7.0,4.0,3.0
867,CHP02314,莲子心,5.80460664,11.0,11.0,2.0,1.0
868,CHP05634,紫红獐牙菜,5.78472865,8.0,8.0,2.0,0.0
869,CHP03314,蘘荷,5.7818065700000005,11.0,11.0,0.0,0.0
870,CHP04232,土荆芥,5.7813048700000005,8.0,8.0,4.0,0.0
871,CHP00945,多穗石柯叶,5.75802249,8.0,8.0,4.0,0.0
872,CHP01763,火索麻,5.749473869999999,8.0,8.0,0.0,0.0
873,CHP01551,虎耳草,5.7482373099999995,7.0,7.0,6.0,0.0
874,CHP05194,罂粟,5.7165158300000005,7.0,7.0,5.0,2.0
875,CHP01517,胡萝卜,5.71390901,8.0,8.0,2.0,0.0
876,CHP00859,独角莲,5.70036728,8.0,8.0,4.0,1.0
877,CHP02670,毛大丁草,5.69309846,9.0,9.0,2.0,0.0
878,CHP02463,鹿角菜,5.686957659999999,7.0,7.0,4.0,1.0
879,CHP03119,婆罗门参,5.68407571,8.0,8.0,2.0,0.0
880,CHP01506,厚皮香,5.67480346,7.0,7.0,4.0,4.0
881,CHP02861,木防己,5.66999076,13.0,13.0,1.0,0.0
882,CHP06125,石花,5.66195232,7.0,7.0,4.0,0.0
883,CHP05582,竹叶椒,5.6616187700000005,10.0,10.0,1.0,0.0
884,CHP02816,棉花根,5.646214280000001,9.0,9.0,0.0,0.0
885,CHP01719,黄杞,5.6373527800000005,8.0,8.0,3.0,0.0
886,CHP04033,台湾泽兰,5.6022101499999994,7.0,7.0,4.0,0.0
887,CHP01089,佛甲草,5.60105233,8.0,8.0,2.0,1.0
888,CHP00970,鄂北贝母,5.59923106,8.0,8.0,4.0,0.0
889,CHP04463,锡生藤,5.58999546,9.0,9.0,1.0,0.0
890,CHP05647,紫金牛根,5.58623312,7.0,7.0,3.0,1.0
891,CHP03088,蟛蜞菊,5.550578530000001,7.0,7.0,5.0,1.0
892,CHP01346,含羞草,5.536748019999999,8.0,8.0,3.0,0.0
893,CHP04683,小接筋草,5.536123539999999,7.0,7.0,4.0,1.0
894,CHP03679,肾子草,5.5047571,7.0,7.0,4.0,1.0
895,CHP05183,银线草,5.498735160000001,7.0,7.0,3.0,3.0
896,CHP02250,了哥王根,5.47717185,7.0,7.0,4.0,1.0
897,CHP02033,橘叶,5.47179976,8.0,8.0,2.0,0.0
898,CHP03767,莳萝子,5.4677182,8.0,8.0,0.0,0.0
899,CHP01907,金粉蕨,5.46770105,7.0,7.0,2.0,0.0
900,CHP00728,灯油藤子,5.46317427,7.0,7.0,4.0,1.0
901,CHP01702,黄麻叶,5.457692379999999,7.0,7.0,3.0,1.0
902,CHP02967,柠檬,5.43661149,8.0,8.0,1.0,0.0
903,CHP03450,沙糖根,5.40757826,8.0,8.0,0.0,0.0
904,CHP03120,婆罗门皂荚,5.3992679400000005,9.0,9.0,1.0,0.0
905,CHP05662,紫茉莉,5.381053550000001,8.0,8.0,1.0,0.0
906,CHP03051,欧活血丹,5.35641134,8.0,8.0,4.0,0.0
907,CHP03910,水仙,5.35126395,7.0,7.0,4.0,0.0
908,CHP02310,莲叶橐吾,5.350617760000001,12.0,12.0,0.0,0.0
909,CHP01549,蝴蝶花,5.336600549999999,7.0,7.0,2.0,0.0
910,CHP05922,鹿茸,5.32424302,7.0,7.0,4.0,0.0
911,CHP03762,石竹,5.32133817,8.0,8.0,1.0,0.0
912,CHP02061,君迁子,5.32102839,7.0,7.0,4.0,1.0
913,CHP04896,烟窝草,5.31272243,9.0,9.0,2.0,2.0
914,CHP04467,喜旱莲子草,5.28036982,7.0,7.0,3.0,1.0
915,CHP04290,万寿菊,5.24242366,7.0,7.0,2.0,0.0
916,CHP00015,安哥拉八角枫,5.19865853,9.0,9.0,1.0,0.0
917,CHP00349,常春卫矛,5.192831900000001,6.0,6.0,5.0,1.0
918,CHP04901,芫荽,5.1871214199999995,8.0,8.0,1.0,0.0
919,CHP01016,飞龙掌血,5.17904018,11.0,11.0,0.0,0.0
920,CHP01739,黄菀,5.15381757,7.0,7.0,3.0,0.0
921,CHP05689,紫葳茎叶,5.153673749999999,6.0,6.0,4.0,3.0
922,CHP03576,山莴苣,5.14381935,6.0,6.0,4.0,3.0
923,CHP02012,酒饼叶,5.142233470000001,7.0,7.0,2.0,0.0
924,CHP06047,熊胆,5.1368507899999996,6.0,6.0,5.0,1.0
925,CHP03587,山香圆,5.11656786,6.0,6.0,5.0,1.0
926,CHP04643,小飞蓬,5.09794178,8.0,8.0,1.0,0.0
927,CHP00053,白背叶,5.094980210000001,7.0,7.0,1.0,0.0
928,CHP03099,枇杷核,5.06358721,6.0,6.0,5.0,0.0
929,CHP04667,小花鬼针草,5.056271010000001,6.0,6.0,5.0,0.0
930,CHP04995,洋蓍草,5.04321549,7.0,7.0,2.0,1.0
931,CHP03705,石莼,5.03699698,8.0,8.0,0.0,0.0
932,CHP04736,小叶贯众,5.0053280099999995,6.0,6.0,4.0,2.0
933,CHP01896,芥菜,4.9937912,7.0,7.0,3.0,1.0
934,CHP03132,葡萄柚,4.99337097,7.0,7.0,2.0,0.0
935,CHP04578,香薷,4.99192298,8.0,8.0,3.0,0.0
936,CHP02429,龙眼叶,4.975394509999999,6.0,6.0,3.0,1.0
937,CHP03707,石胆草,4.97225633,6.0,6.0,4.0,1.0
938,CHP04867,鸦片,4.970785170000001,9.0,9.0,0.0,0.0
939,CHP00767,钓樟根皮,4.96509152,8.0,8.0,1.0,1.0
940,CHP00094,白花射干,4.95334402,9.0,9.0,0.0,0.0
941,CHP02544,麻根,4.92886622,6.0,6.0,4.0,0.0
942,CHP01432,红花绿绒蒿,4.90635883,9.0,9.0,2.0,0.0
943,CHP02872,木姜子,4.8989246,8.0,8.0,2.0,0.0
944,CHP03116,萍蓬草,4.8925674400000005,6.0,6.0,4.0,0.0
945,CHP00560,大头橐吾,4.867610920000001,6.0,6.0,3.0,1.0
946,CHP01244,骨节草,4.865959930000001,6.0,6.0,5.0,0.0
947,CHP05221,油茶根皮,4.84882145,7.0,7.0,3.0,0.0
948,CHP05229,油柑叶,4.8459411,6.0,6.0,4.0,0.0
949,CHP02997,牛耳枫子,4.844484680000001,6.0,6.0,4.0,1.0
950,CHP02025,菊芋,4.8336242899999995,6.0,6.0,4.0,1.0
951,CHP05320,月桂叶,4.8096745,6.0,6.0,3.0,1.0
952,CHP03863,水苦荬,4.807633099999999,6.0,6.0,3.0,1.0
953,CHP00693,地锦,4.7921682,6.0,6.0,5.0,2.0
954,CHP06060,原蚕沙,4.782063,6.0,6.0,5.0,0.0
955,CHP00314,草地黄芩,4.7591388299999995,7.0,7.0,2.0,1.0
956,CHP00368,橙子,4.74919497,8.0,8.0,0.0,0.0
957,CHP00571,大叶桉叶,4.74485143,7.0,7.0,2.0,0.0
958,CHP05612,梓木,4.7430226399999995,7.0,7.0,1.0,0.0
959,CHP02356,凌霄,4.72142956,6.0,6.0,2.0,1.0
960,CHP01985,荆芥穗,4.68872749,6.0,6.0,3.0,2.0
961,CHP02913,苜蓿,4.68118247,6.0,6.0,3.0,1.0
962,CHP05211,瘿花香茶菜,4.64671582,6.0,6.0,3.0,2.0
963,CHP03759,石枣子,4.64537195,9.0,9.0,1.0,0.0
964,CHP01420,红根草,4.6339431200000005,6.0,6.0,3.0,0.0
965,CHP02282,荔枝叶,4.63371803,6.0,6.0,2.0,0.0
966,CHP04602,向日葵,4.617779630000001,6.0,6.0,2.0,0.0
967,CHP03911,水仙根,4.604107,6.0,6.0,1.0,1.0
968,CHP02972,柠檬皮,4.587151029999999,6.0,6.0,3.0,0.0
969,CHP00413,川滇淫羊藿,4.58286571,8.0,8.0,0.0,0.0
970,CHP05224,油茶子,4.58229674,6.0,6.0,3.0,2.0
971,CHP01163,高粱,4.580697,6.0,6.0,3.0,0.0
972,CHP03098,枇杷,4.579492699999999,6.0,6.0,3.0,0.0
973,CHP02777,蒙自草胡椒,4.576280819999999,9.0,9.0,0.0,0.0
974,CHP04363,巫山淫羊藿,4.57323837,7.0,7.0,2.0,0.0
975,CHP03002,牛筋果,4.57137156,7.0,7.0,1.0,1.0
976,CHP00883,杜松实,4.5685807800000005,7.0,7.0,0.0,0.0
977,CHP03803,鼠李,4.56178782,6.0,6.0,2.0,0.0
978,CHP01767,火焰花,4.549301529999999,6.0,6.0,3.0,0.0
979,CHP03547,山里红,4.547531800000001,6.0,6.0,0.0,0.0
980,CHP04985,杨梅根,4.54429191,7.0,7.0,1.0,0.0
981,CHP05302,元宝草,4.53688159,8.0,8.0,1.0,0.0
982,CHP04886,亚罗椿,4.50408043,7.0,7.0,1.0,0.0
983,CHP03969,松香,4.4876844799999995,6.0,6.0,4.0,0.0
984,CHP02511,萝藦子,4.48266649,5.0,5.0,5.0,2.0
985,CHP05501,枳实,4.45911262,6.0,6.0,1.0,0.0
986,CHP03266,清明花,4.4357347,5.0,5.0,5.0,3.0
987,CHP01183,茖葱,4.43138723,6.0,6.0,2.0,2.0
988,CHP04485,细叶桉叶,4.428345759999999,7.0,7.0,2.0,0.0
989,CHP01125,甘青铁线莲,4.41770084,6.0,6.0,2.0,1.0
990,CHP04085,天花粉,4.40861787,5.0,5.0,4.0,3.0
991,CHP02663,毛草龙,4.39062434,6.0,6.0,3.0,0.0
992,CHP05967,牛靥,4.38728,6.0,6.0,2.0,0.0
993,CHP01810,姬蕨,4.38655668,6.0,6.0,1.0,0.0
994,CHP02244,老鸦柿,4.37737585,6.0,6.0,2.0,0.0
995,CHP04431,五爪龙,4.360407070000001,6.0,6.0,3.0,0.0
996,CHP05174,银柴胡,4.354152340000001,6.0,6.0,3.0,3.0
997,CHP05964,牛肾,4.34637034,6.0,6.0,2.0,1.0
998,CHP03962,松节,4.3438019500000005,7.0,7.0,3.0,2.0
999,CHP01728,黄山药,4.33877693,5.0,5.0,4.0,2.0
1000,CHP06037,五灵脂,4.32854312,6.0,6.0,1.0,0.0
1001,CHP02340,列当,4.30421833,5.0,5.0,4.0,1.0
1002,CHP04826,悬钩子,4.300238,5.0,5.0,4.0,2.0
1003,CHP05304,圆柏,4.29659918,5.0,5.0,5.0,0.0
1004,CHP03426,桑寄生,4.28441274,6.0,6.0,2.0,2.0
1005,CHP01398,黑种草,4.278730609999999,7.0,7.0,3.0,1.0
1006,CHP00245,蓖麻油,4.26075177,7.0,7.0,1.0,0.0
1007,CHP03981,苏铁,4.24812617,7.0,7.0,1.0,1.0
1008,CHP01403,衡州乌药,4.24418269,7.0,7.0,1.0,1.0
1009,CHP02032,橘皮,4.23952569,7.0,7.0,2.0,0.0
1010,CHP04616,橡实,4.23890721,6.0,6.0,2.0,0.0
1011,CHP02934,南山藤,4.23547529,5.0,5.0,3.0,3.0
1012,CHP00243,蓖麻根,4.2352227,8.0,8.0,1.0,0.0
1013,CHP00924,盾叶唐松草,4.22413496,10.0,10.0,0.0,0.0
1014,CHP01472,红楠,4.22211552,6.0,6.0,0.0,0.0
1015,CHP03905,水团花,4.20759683,6.0,6.0,3.0,0.0
1016,CHP04165,铁丝七,4.20643413,6.0,6.0,2.0,0.0
1017,CHP02035,橘子,4.20147053,6.0,6.0,2.0,0.0
1018,CHP04693,小连翘,4.20041476,6.0,6.0,0.0,0.0
1019,CHP00586,大叶马尾连,4.1992275900000005,13.0,13.0,0.0,0.0
1020,CHP06096,鬼盖,4.18721125,6.0,6.0,2.0,0.0
1021,CHP01786,鸡冠花,4.15763255,6.0,6.0,2.0,0.0
1022,CHP03027,牛心茄子,4.15172157,5.0,5.0,3.0,2.0
1023,CHP00482,大巢菜,4.134316259999999,5.0,5.0,3.0,1.0
1024,CHP05070,野木瓜,4.11234627,6.0,6.0,1.0,0.0
1025,CHP00448,刺梨,4.09695297,5.0,5.0,3.0,1.0
1026,CHP00724,灯笼泡,4.08685102,5.0,5.0,2.0,2.0
1027,CHP04268,娃儿藤,4.0862891999999995,6.0,6.0,3.0,0.0
1028,CHP02304,莲房,4.0646401999999995,5.0,5.0,5.0,0.0
1029,CHP03097,皮哨子,4.05525456,5.0,5.0,3.0,1.0
1030,CHP01337,海红豆,4.0526192199999995,6.0,6.0,1.0,0.0
1031,CHP02713,毛蕊花,4.05161187,5.0,5.0,3.0,3.0
1032,CHP01814,极美云实,4.05074415,9.0,9.0,0.0,0.0
1033,CHP01302,广西九里香,4.0487942,6.0,6.0,0.0,0.0
1034,CHP02675,毛冬青,4.0483,5.0,5.0,3.0,0.0
1035,CHP01558,虎掌草,4.028288509999999,5.0,5.0,3.0,3.0
1036,CHP06116,蜜环菌,4.00674309,6.0,6.0,1.0,0.0
1037,CHP04390,梧桐,3.9690987200000003,8.0,8.0,0.0,0.0
1038,CHP03503,山矾,3.9661566699999997,5.0,5.0,3.0,0.0
1039,CHP00401,樗叶花椒,3.94836161,7.0,7.0,1.0,1.0
1040,CHP04521,夏天无,3.94046668,5.0,5.0,3.0,1.0
1041,CHP02545,麻花,3.93623118,6.0,6.0,0.0,0.0
1042,CHP00963,鹅绒藤,3.9348823399999997,6.0,6.0,2.0,0.0
1043,CHP05403,樟梨,3.91402695,5.0,5.0,3.0,2.0
1044,CHP02516,落地生根,3.9127569799999997,5.0,5.0,4.0,2.0
1045,CHP01176,高乌头,3.8971465100000002,5.0,5.0,2.0,0.0
1046,CHP02031,橘络,3.8930561699999995,8.0,8.0,1.0,0.0
1047,CHP04272,歪脖子果,3.8899453999999998,6.0,6.0,0.0,0.0
1048,CHP00213,榜嘎,3.88193544,5.0,5.0,3.0,1.0
1049,CHP02970,柠檬桉叶,3.87947488,5.0,5.0,3.0,0.0
1050,CHP01568,花楸,3.8658879200000005,5.0,5.0,3.0,2.0
1051,CHP03317,荛花,3.83741446,5.0,5.0,2.0,0.0
1052,CHP05807,蜂蜜,3.82549905,5.0,5.0,1.0,0.0
1053,CHP01897,芥蓝,3.8166126700000005,6.0,6.0,2.0,0.0
1054,CHP00235,贝母兰,3.8013233599999996,6.0,6.0,1.0,0.0
1055,CHP00770,调经草,3.79963927,5.0,5.0,2.0,0.0
1056,CHP01381,黑壳楠,3.7856824400000004,8.0,8.0,1.0,0.0
1057,CHP01366,核桃楸果仁,3.7789251900000003,6.0,6.0,1.0,0.0
1058,CHP03124,破布木,3.75917797,5.0,5.0,2.0,0.0
1059,CHP01840,假百合,3.752591,5.0,5.0,1.0,0.0
1060,CHP05162,薏苡仁,3.73573236,6.0,6.0,2.0,0.0
1061,CHP02583,马铃薯,3.7347404400000004,5.0,5.0,1.0,1.0
1062,CHP04962,羊角藤,3.72071124,5.0,5.0,2.0,1.0
1063,CHP02166,腊梅花,3.7107037899999997,5.0,5.0,2.0,1.0
1064,CHP00331,茶树根,3.70211836,5.0,5.0,1.0,0.0
1065,CHP03565,山萩,3.69746465,5.0,5.0,1.0,0.0
1066,CHP00940,多穗蓼,3.69575683,6.0,6.0,1.0,0.0
1067,CHP04682,小蓟,3.6919065999999994,5.0,5.0,3.0,0.0
1068,CHP00178,百眼藤,3.68717898,5.0,5.0,1.0,1.0
1069,CHP01412,红椿,3.67804445,5.0,5.0,1.0,1.0
1070,CHP04822,萱草根,3.67611459,5.0,5.0,2.0,0.0
1071,CHP02527,吕宋楸毛,3.66516483,6.0,6.0,0.0,0.0
1072,CHP02216,榔榆皮,3.65505691,5.0,5.0,1.0,0.0
1073,CHP00203,半边旗,3.65269938,5.0,5.0,1.0,0.0
1074,CHP05499,枳椇子,3.6401379499999997,5.0,5.0,1.0,1.0
1075,CHP03083,蓬莪术,3.6275465600000003,6.0,6.0,0.0,0.0
1076,CHP04920,岩筋菜,3.6116803,4.0,4.0,4.0,3.0
1077,CHP01614,桦树皮,3.61075882,5.0,5.0,2.0,0.0
1078,CHP02239,老鼠瓜,3.6063766,5.0,5.0,2.0,0.0
1079,CHP05096,野罂粟,3.60342697,6.0,6.0,1.0,1.0
1080,CHP01029,肺形草,3.60171958,5.0,5.0,4.0,1.0
1081,CHP03084,蓬莱草,3.57361506,5.0,5.0,0.0,0.0
1082,CHP04324,文冠果,3.56811291,4.0,4.0,4.0,2.0
1083,CHP03718,石荠苎,3.5655298,8.0,8.0,0.0,0.0
1084,CHP05309,圆滑番荔枝,3.55080449,5.0,5.0,3.0,0.0
1085,CHP05650,紫堇,3.54624208,8.0,8.0,0.0,0.0
1086,CHP01111,阜康阿魏根,3.5354798800000005,7.0,7.0,0.0,0.0
1087,CHP01695,黄栌,3.5262244600000003,5.0,5.0,1.0,0.0
1088,CHP02514,骆驼蓬,3.5145223199999998,5.0,5.0,1.0,0.0
1089,CHP05541,珠子参,3.5007656000000003,5.0,5.0,1.0,0.0
1090,CHP04139,铁海棠,3.4879266899999997,6.0,6.0,0.0,0.0
1091,CHP05218,永宁独活,3.4801305,5.0,5.0,2.0,0.0
1092,CHP04959,羊角拗子,3.47391241,4.0,4.0,3.0,3.0
1093,CHP00183,柏树叶,3.47177236,6.0,6.0,2.0,1.0
1094,CHP02420,龙牙楤木,3.46734215,5.0,5.0,1.0,1.0
1095,CHP01035,粉葛,3.44970792,5.0,5.0,2.0,0.0
1096,CHP02007,韭菜,3.44893883,4.0,4.0,3.0,3.0
1097,CHP03589,山小橘,3.40189674,5.0,5.0,0.0,0.0
1098,CHP00294,菜蓟,3.39662196,4.0,4.0,3.0,2.0
1099,CHP04459,西洋接骨木,3.3945836,4.0,4.0,3.0,0.0
1100,CHP04374,无患子皮,3.38859463,5.0,5.0,2.0,0.0
1101,CHP04119,甜瓜蒂,3.38739816,4.0,4.0,3.0,0.0
1102,CHP00463,楤木,3.3873540699999998,4.0,4.0,3.0,0.0
1103,CHP03487,山橙,3.3784154900000005,6.0,6.0,2.0,1.0
1104,CHP01797,鸡嗉子,3.3775623599999998,4.0,4.0,3.0,2.0
1105,CHP02477,露蕊乌头,3.37722986,5.0,5.0,2.0,0.0
1106,CHP01990,景天,3.35833177,5.0,5.0,1.0,0.0
1107,CHP03364,瑞香根,3.33693865,4.0,4.0,2.0,2.0
1108,CHP03545,山莨菪,3.3275472400000004,5.0,5.0,2.0,0.0
1109,CHP00828,冬珊瑚,3.32657759,5.0,5.0,1.0,1.0
1110,CHP01847,假连翘,3.3252869099999995,6.0,6.0,2.0,1.0
1111,CHP02696,毛连菜,3.31714257,4.0,4.0,2.0,2.0
1112,CHP03754,石韦,3.31696543,4.0,4.0,3.0,1.0
1113,CHP02685,毛诃子,3.30889225,5.0,5.0,2.0,0.0
1114,CHP02470,路边姜,3.2947160600000003,5.0,5.0,0.0,0.0
1115,CHP01846,假蒟子,3.273226,8.0,8.0,1.0,0.0
1116,CHP01167,高山黄华,3.26211199,6.0,6.0,1.0,0.0
1117,CHP03991,粟米,3.26125088,5.0,5.0,1.0,0.0
1118,CHP04761,斜基粗叶木,3.2557546399999997,4.0,4.0,2.0,1.0
1119,CHP04839,雪莲花,3.25370861,4.0,4.0,2.0,1.0
1120,CHP02951,南烛,3.2265667000000002,4.0,4.0,2.0,2.0
1121,CHP01339,海韭菜,3.2244924299999997,4.0,4.0,2.0,0.0
1122,CHP02104,苦瓜,3.2115303699999997,4.0,4.0,3.0,0.0
1123,CHP03751,石刷把,3.21089814,4.0,4.0,3.0,0.0
1124,CHP03853,水黄连,3.20838508,6.0,6.0,1.0,1.0
1125,CHP03162,漆大姑,3.2083749499999996,4.0,4.0,3.0,1.0
1126,CHP01008,防风草,3.2082527599999997,4.0,4.0,3.0,0.0
1127,CHP01759,茴香茎叶,3.20600234,4.0,4.0,2.0,0.0
1128,CHP02947,南天竹叶,3.2035834100000002,4.0,4.0,3.0,0.0
1129,CHP02821,缅枣,3.18889745,4.0,4.0,2.0,0.0
1130,CHP03596,山樱桃,3.1828437499999995,4.0,4.0,2.0,2.0
1131,CHP05975,青蛙,3.18154098,4.0,4.0,3.0,1.0
1132,CHP05295,芋头,3.16619105,4.0,4.0,1.0,1.0
1133,CHP01040,粪箕笃,3.16223335,4.0,4.0,2.0,0.0
1134,CHP00079,白果槲寄生,3.15369174,4.0,4.0,2.0,1.0
1135,CHP02296,痢止蒿,3.14429271,4.0,4.0,2.0,0.0
1136,CHP05780,蟾皮,3.13508844,4.0,4.0,2.0,1.0
1137,CHP03215,茄子根,3.12674522,4.0,4.0,2.0,0.0
1138,CHP02785,猕猴桃根,3.12514241,5.0,5.0,1.0,0.0
1139,CHP02942,南酸枣,3.12404613,4.0,4.0,1.0,0.0
1140,CHP01716,黄皮叶,3.1081056699999996,4.0,4.0,2.0,2.0
1141,CHP04538,藓生马先蒿,3.10426404,4.0,4.0,2.0,0.0
1142,CHP05139,一枝蒿,3.09564489,4.0,4.0,3.0,0.0
1143,CHP03177,千解草,3.0944165,4.0,4.0,2.0,0.0
1144,CHP02769,美人蕉,3.09287965,4.0,4.0,2.0,0.0
1145,CHP03670,神黄豆,3.07814786,4.0,4.0,2.0,0.0
1146,CHP04422,五桠果,3.0692958299999997,4.0,4.0,2.0,2.0
1147,CHP03893,水松,3.06786204,4.0,4.0,1.0,0.0
1148,CHP02178,莱菔,3.0651583199999997,5.0,5.0,1.0,1.0
1149,CHP04971,羊蹄,3.06341119,4.0,4.0,2.0,1.0
1150,CHP05392,粘毛鼠尾草,3.05926936,4.0,4.0,2.0,0.0
1151,CHP02639,芒果核,3.0512070200000005,5.0,5.0,0.0,0.0
1152,CHP02074,榼藤子,3.02787952,5.0,5.0,2.0,0.0
1153,CHP05563,竹柏根,3.02056681,4.0,4.0,2.0,0.0
1154,CHP04477,细茎石斛,3.01521398,4.0,4.0,1.0,1.0
1155,CHP00244,蓖麻叶,3.01369991,4.0,4.0,1.0,0.0
1156,CHP05073,野漆树,2.9932120799999997,5.0,5.0,0.0,0.0
1157,CHP02683,毛贯众,2.99158182,4.0,4.0,0.0,0.0
1158,CHP04108,田葱,2.98365075,4.0,4.0,1.0,0.0
1159,CHP00269,遍地金,2.9816114000000002,4.0,4.0,1.0,0.0
1160,CHP05040,野花椒根,2.9801384,5.0,5.0,0.0,0.0
1161,CHP05160,益智仁,2.96892351,5.0,5.0,1.0,0.0
1162,CHP03506,山矾叶,2.96481766,4.0,4.0,1.0,0.0
1163,CHP00576,大叶骨碎补,2.9551936199999997,4.0,4.0,2.0,0.0
1164,CHP03672,神香草,2.95180025,4.0,4.0,1.0,0.0
1165,CHP00098,白花油麻藤,2.94503397,5.0,5.0,0.0,0.0
1166,CHP03283,秋水仙,2.9437829899999994,5.0,5.0,1.0,1.0
1167,CHP03251,青天葵,2.9389303499999997,5.0,5.0,2.0,1.0
1168,CHP01849,假细锥香茶菜,2.92960285,4.0,4.0,0.0,0.0
1169,CHP03087,蓬子菜,2.9154582799999997,4.0,4.0,1.0,0.0
1170,CHP02938,南蛇藤,2.91020631,4.0,4.0,1.0,0.0
1171,CHP00321,草问荆,2.904941,4.0,4.0,1.0,0.0
1172,CHP05287,玉蜀黍,2.89987636,4.0,4.0,1.0,0.0
1173,CHP01593,华南吴茱萸,2.88914039,4.0,4.0,1.0,0.0
1174,CHP00359,车桑仔叶,2.88726193,5.0,5.0,0.0,0.0
1175,CHP05831,龟甲,2.88711631,5.0,5.0,1.0,0.0
1176,CHP01257,关苍术,2.88165183,4.0,4.0,1.0,1.0
1177,CHP03245,青钱柳,2.88008247,4.0,4.0,2.0,0.0
1178,CHP03719,石见穿,2.87905535,4.0,4.0,1.0,0.0
1179,CHP04098,天茄子,2.87853608,4.0,4.0,1.0,0.0
1180,CHP03416,三钻风,2.85570393,4.0,4.0,0.0,0.0
1181,CHP01641,黄甘草,2.84415365,4.0,4.0,2.0,0.0
1182,CHP03518,山胡椒,2.83971238,5.0,5.0,0.0,0.0
1183,CHP05409,樟树皮,2.8393032199999997,4.0,4.0,0.0,0.0
1184,CHP02924,南方菟丝子,2.8387014500000003,4.0,4.0,2.0,0.0
1185,CHP02591,马桑叶,2.8280435799999997,4.0,4.0,2.0,1.0
1186,CHP03504,山矾根,2.8078250999999996,4.0,4.0,2.0,0.0
1187,CHP04888,亚麻子,2.78930846,4.0,4.0,1.0,1.0
1188,CHP00428,春福寿草,2.75290303,3.0,3.0,3.0,3.0
1189,CHP03780,匙羹藤,2.75072963,4.0,4.0,1.0,0.0
1190,CHP02918,南板蓝根,2.7463060599999998,4.0,4.0,1.0,0.0
1191,CHP02218,莨菪根,2.7455562,4.0,4.0,2.0,0.0
1192,CHP00389,臭柏,2.74322645,4.0,4.0,1.0,0.0
1193,CHP04753,小芸木,2.7182127,4.0,4.0,0.0,0.0
1194,CHP04115,甜茶藤,2.6921383600000004,4.0,4.0,0.0,0.0
1195,CHP05280,禹州漏芦,2.69104593,6.0,6.0,1.0,0.0
1196,CHP03934,睡莲,2.67117184,5.0,5.0,1.0,0.0
1197,CHP03274,秋海棠,2.6547138500000003,5.0,5.0,1.0,0.0
1198,CHP00795,东北蛔蒿,2.6512621,3.0,3.0,3.0,1.0
1199,CHP02130,苦绳,2.64708413,3.0,3.0,3.0,1.0
1200,CHP03898,水苏,2.64613085,4.0,4.0,0.0,0.0
1201,CHP00026,八角枫,2.62096179,4.0,4.0,1.0,0.0
1202,CHP02133,苦檀子,2.61924929,6.0,6.0,1.0,0.0
1203,CHP04914,岩黄连,2.6189472,4.0,4.0,0.0,0.0
1204,CHP00364,澄茄子,2.6183938700000002,4.0,4.0,0.0,0.0
1205,CHP01856,见血飞,2.6141837399999996,3.0,3.0,2.0,2.0
1206,CHP05880,鸡脑,2.6125974800000002,3.0,3.0,2.0,1.0
1207,CHP02987,牛扁,2.61108099,3.0,3.0,2.0,2.0
1208,CHP00994,番石榴叶,2.6055685,3.0,3.0,3.0,0.0
1209,CHP02824,明党参,2.6014455,4.0,4.0,1.0,0.0
1210,CHP05635,紫花地丁,2.59904037,4.0,4.0,1.0,0.0
1211,CHP01829,蓟罂粟,2.5698448099999998,7.0,7.0,0.0,0.0
1212,CHP02847,木半夏根,2.5623839999999998,3.0,3.0,2.0,1.0
1213,CHP04325,文冠木,2.55813082,5.0,5.0,0.0,0.0
1214,CHP03306,拳参,2.5564269,3.0,3.0,3.0,0.0
1215,CHP05007,椰子,2.55016643,4.0,4.0,0.0,0.0
1216,CHP00799,东北延胡索,2.54682061,4.0,4.0,0.0,0.0
1217,CHP01505,厚皮树,2.53948986,5.0,5.0,0.0,0.0
1218,CHP00394,臭牡丹,2.50222456,4.0,4.0,0.0,0.0
1219,CHP05012,野百合,2.4989532199999998,3.0,3.0,2.0,0.0
1220,CHP00936,多裂委陵菜,2.49530376,3.0,3.0,2.0,0.0
1221,CHP01347,韩信草,2.49455437,4.0,4.0,1.0,0.0
1222,CHP03075,泡桐,2.49198731,4.0,4.0,0.0,0.0
1223,CHP05840,海马,2.49012338,3.0,3.0,3.0,0.0
1224,CHP05834,蛤蚧,2.4885320699999998,3.0,3.0,2.0,0.0
1225,CHP04550,香柏,2.4862218,3.0,3.0,2.0,0.0
1226,CHP00061,白刺,2.48601507,4.0,4.0,0.0,0.0
1227,CHP04404,五加皮,2.4794789,3.0,3.0,2.0,0.0
1228,CHP02121,苦楝叶,2.47713076,3.0,3.0,2.0,2.0
1229,CHP04900,芫花根,2.4720349699999997,3.0,3.0,2.0,0.0
1230,CHP00472,打碗花,2.47129059,3.0,3.0,2.0,1.0
1231,CHP02258,棱子芹,2.46485867,4.0,4.0,0.0,0.0
1232,CHP05553,猪屎豆,2.4620962,3.0,3.0,2.0,0.0
1233,CHP05329,越橘叶,2.45856227,3.0,3.0,2.0,1.0
1234,CHP05456,浙贝母,2.45739143,3.0,3.0,1.0,1.0
1235,CHP00208,半枫荷,2.4571673,3.0,3.0,2.0,0.0
1236,CHP01946,金挖耳,2.45683194,3.0,3.0,2.0,0.0
1237,CHP01566,花锚,2.4515341999999998,4.0,4.0,2.0,0.0
1238,CHP03360,蕤仁,2.45025409,3.0,3.0,1.0,1.0
1239,CHP05547,猪毛菜,2.44437429,4.0,4.0,0.0,0.0
1240,CHP03656,蛇婆子,2.44127494,3.0,3.0,2.0,0.0
1241,CHP00095,白花藤,2.4150545500000002,3.0,3.0,1.0,0.0
1242,CHP04170,铁仔,2.41348625,3.0,3.0,1.0,1.0
1243,CHP01327,桂竹香,2.4093706999999998,3.0,3.0,2.0,0.0
1244,CHP00605,大叶醉鱼草,2.3958557600000003,4.0,4.0,0.0,0.0
1245,CHP05087,野鸦椿,2.393694,3.0,3.0,1.0,0.0
1246,CHP04329,问荆,2.3923251,4.0,4.0,1.0,0.0
1247,CHP01822,蕺叶秋海棠,2.3921115,3.0,3.0,2.0,1.0
1248,CHP04772,心叶荆芥,2.38563712,3.0,3.0,1.0,1.0
1249,CHP01450,红筷子,2.38010258,3.0,3.0,1.0,0.0
1250,CHP03970,松叶,2.37857724,4.0,4.0,0.0,0.0
1251,CHP01030,分心木,2.37388039,4.0,4.0,2.0,0.0
1252,CHP05042,野花椒叶,2.35944135,4.0,4.0,0.0,0.0
1253,CHP04903,岩白菜,2.35637311,3.0,3.0,1.0,0.0
1254,CHP04127,甜叶菊,2.3548006,3.0,3.0,1.0,1.0
1255,CHP04316,卫矛,2.35221389,3.0,3.0,1.0,1.0
1256,CHP01369,鹤草芽,2.3411986000000002,3.0,3.0,1.0,0.0
1257,CHP01876,胶质鼠尾草,2.3402713,3.0,3.0,1.0,1.0
1258,CHP03907,水蜈蚣,2.32561509,3.0,3.0,2.0,0.0
1259,CHP03010,牛奶树,2.3245114,4.0,4.0,0.0,0.0
1260,CHP03685,生漆,2.32076596,3.0,3.0,0.0,0.0
1261,CHP04571,香茅,2.31125471,3.0,3.0,1.0,1.0
1262,CHP03659,蛇藤,2.3098053,3.0,3.0,1.0,0.0
1263,CHP00902,断节参,2.30334759,3.0,3.0,1.0,0.0
1264,CHP03094,披针叶野决明,2.3000570500000004,5.0,5.0,0.0,0.0
1265,CHP01159,杠香藤,2.2984535,3.0,3.0,1.0,0.0
1266,CHP00433,莼菜,2.27980757,3.0,3.0,1.0,1.0
1267,CHP02054,绢毛蔷薇,2.2789291599999997,3.0,3.0,1.0,0.0
1268,CHP02945,南天竹根,2.26862504,5.0,5.0,0.0,0.0
1269,CHP04904,岩败酱,2.2680820400000004,3.0,3.0,1.0,0.0
1270,CHP03194,芡实,2.26211329,3.0,3.0,2.0,1.0
1271,CHP01853,剪秋罗,2.2462449500000004,3.0,3.0,1.0,1.0
1272,CHP05482,蜘蛛抱蛋,2.2357256999999997,3.0,3.0,1.0,0.0
1273,CHP05195,罂粟壳,2.23121817,3.0,3.0,2.0,1.0
1274,CHP01570,花生油,2.23075624,3.0,3.0,2.0,0.0
1275,CHP04880,鸭跖草,2.2243864999999996,4.0,4.0,0.0,0.0
1276,CHP01885,角茴香,2.2232329,4.0,4.0,0.0,0.0
1277,CHP01066,凤尾茶,2.2157653799999997,4.0,4.0,0.0,0.0
1278,CHP05663,紫茉莉根,2.2107331,3.0,3.0,1.0,0.0
1279,CHP05881,鸡内金,2.19649236,3.0,3.0,1.0,0.0
1280,CHP04577,香青兰,2.1821588,3.0,3.0,0.0,0.0
1281,CHP02983,牛蒡根,2.17921575,3.0,3.0,0.0,0.0
1282,CHP02159,昆明鸡血藤,2.17152626,3.0,3.0,1.0,0.0
1283,CHP00969,鄂报春,2.1656151599999998,3.0,3.0,1.0,0.0
1284,CHP01122,甘葛藤根,2.15760331,3.0,3.0,0.0,0.0
1285,CHP04462,锡兰肉桂,2.15542416,3.0,3.0,0.0,0.0
1286,CHP03273,秋枫木,2.1494047,3.0,3.0,1.0,0.0
1287,CHP03050,欧当归,2.14753474,3.0,3.0,1.0,1.0
1288,CHP00640,当药,2.1470603,3.0,3.0,0.0,0.0
1289,CHP01430,红花龙胆,2.13875729,3.0,3.0,1.0,0.0
1290,CHP05638,紫花景天,2.13344904,3.0,3.0,1.0,0.0
1291,CHP00308,藏青果,2.13232824,3.0,3.0,1.0,0.0
1292,CHP05428,长果荜茇,2.1298885899999997,4.0,4.0,0.0,0.0
1293,CHP03270,苘麻子,2.1097212,3.0,3.0,1.0,0.0
1294,CHP02749,玫瑰,2.10881728,3.0,3.0,1.0,0.0
1295,CHP01083,扶桑花,2.0972838400000002,3.0,3.0,0.0,0.0
1296,CHP00101,白芥,2.0884804,3.0,3.0,0.0,0.0
1297,CHP02739,茅膏菜,2.08048182,3.0,3.0,2.0,0.0
1298,CHP01858,见血清,2.0625973,3.0,3.0,1.0,0.0
1299,CHP03653,蛇莓,2.05380197,3.0,3.0,0.0,0.0
1300,CHP04851,血竭,2.05330243,4.0,4.0,1.0,0.0
1301,CHP01387,黑水翠雀,2.05258637,3.0,3.0,0.0,0.0
1302,CHP01054,枫香寄生,2.03585737,3.0,3.0,1.0,0.0
1303,CHP04378,无距耧斗菜,2.03137747,3.0,3.0,0.0,0.0
1304,CHP05983,全蝎,2.02576114,3.0,3.0,1.0,0.0
1305,CHP06092,茯神,2.01842743,3.0,3.0,1.0,0.0
1306,CHP02878,木槿花,2.00915311,3.0,3.0,1.0,1.0
1307,CHP02633,蔓性千斤拔,2.00642624,3.0,3.0,1.0,0.0
1308,CHP00330,茶花,2.00208931,3.0,3.0,0.0,0.0
1309,CHP02333,亮叶桦皮,1.97380465,3.0,3.0,0.0,0.0
1310,CHP00234,贝加尔唐松草,1.96262462,4.0,4.0,0.0,0.0
1311,CHP04460,西洋梨,1.9569570399999998,3.0,3.0,1.0,0.0
1312,CHP05548,猪毛蒿,1.9495586299999998,3.0,3.0,1.0,1.0
1313,CHP00381,赤麻,1.9452615999999998,3.0,3.0,1.0,0.0
1314,CHP06033,乌梢蛇,1.9339990000000002,3.0,3.0,2.0,0.0
1315,CHP02582,马蔺子,1.9263682400000002,3.0,3.0,0.0,0.0
1316,CHP02085,苦芺,1.92461166,3.0,3.0,0.0,0.0
1317,CHP03159,桤木,1.88419924,3.0,3.0,1.0,0.0
1318,CHP04527,仙人掌,1.88384366,3.0,3.0,1.0,0.0
1319,CHP00373,齿叶草,1.8799013500000001,3.0,3.0,1.0,0.0
1320,CHP01665,黄花铁线莲,1.87482032,3.0,3.0,1.0,0.0
1321,CHP02456,陆地棉,1.87134492,3.0,3.0,0.0,0.0
1322,CHP05843,海燕,1.86938194,2.0,2.0,2.0,2.0
1323,CHP00649,倒吊笔,1.86481245,2.0,2.0,2.0,2.0
1324,CHP02563,马槟榔,1.8579044599999999,2.0,2.0,2.0,2.0
1325,CHP00662,稻芽,1.8567390000000001,2.0,2.0,2.0,2.0
1326,CHP00351,朝鲜白头翁,1.83520864,3.0,3.0,1.0,0.0
1327,CHP02182,兰花,1.8317279000000002,3.0,3.0,0.0,0.0
1328,CHP00854,毒蛆草,1.83127334,3.0,3.0,1.0,0.0
1329,CHP02998,牛角瓜,1.82039404,2.0,2.0,2.0,2.0
1330,CHP05791,穿山甲,1.81671705,3.0,3.0,1.0,0.0
1331,CHP06038,犀角,1.8086598,2.0,2.0,2.0,1.0
1332,CHP00210,半夏曲,1.80456255,2.0,2.0,2.0,1.0
1333,CHP01359,河套大黄,1.8005949600000002,2.0,2.0,2.0,1.0
1334,CHP00261,扁桃斑鸠菊,1.79494097,2.0,2.0,2.0,1.0
1335,CHP03257,青羊参,1.79413622,2.0,2.0,2.0,1.0
1336,CHP05670,紫萁,1.7823717000000001,2.0,2.0,2.0,1.0
1337,CHP02120,苦楝实,1.78147375,3.0,3.0,0.0,0.0
1338,CHP02914,苜蓿根,1.7702489,2.0,2.0,2.0,1.0
1339,CHP00993,番石榴皮,1.7632963,2.0,2.0,2.0,0.0
1340,CHP02925,南瓜,1.75860663,3.0,3.0,0.0,0.0
1341,CHP01953,金腰,1.74699284,3.0,3.0,1.0,0.0
1342,CHP05877,鸡胆,1.746365,2.0,2.0,2.0,1.0
1343,CHP01748,黄紫堇,1.74463867,3.0,3.0,0.0,0.0
1344,CHP03223,青黛,1.72420425,2.0,2.0,2.0,0.0
1345,CHP01123,甘菊,1.7239668,2.0,2.0,2.0,0.0
1346,CHP02306,莲蓬草,1.70567491,3.0,3.0,0.0,0.0
1347,CHP01172,高山唐松草,1.7011292,3.0,3.0,0.0,0.0
1348,CHP00366,橙皮,1.69755043,3.0,3.0,0.0,0.0
1349,CHP05841,海螵蛸,1.69233386,2.0,2.0,1.0,1.0
1350,CHP05361,芸香草,1.6862271500000001,4.0,4.0,0.0,0.0
1351,CHP01480,红雀珊瑚,1.6823663,2.0,2.0,1.0,0.0
1352,CHP05621,紫菜,1.67679466,2.0,2.0,2.0,0.0
1353,CHP00541,大青,1.6756538,2.0,2.0,1.0,1.0
1354,CHP00247,薜荔,1.6753279,2.0,2.0,2.0,0.0
1355,CHP05364,仔榄树,1.66944266,2.0,2.0,2.0,0.0
1356,CHP06099,红曲,1.6676716699999998,2.0,2.0,1.0,0.0
1357,CHP02784,猕猴桃,1.6663088400000001,2.0,2.0,1.0,0.0
1358,CHP04021,锁阳,1.6579270400000001,2.0,2.0,2.0,0.0
1359,CHP03053,欧鼠李,1.6578154,2.0,2.0,2.0,0.0
1360,CHP06080,豹皮菇,1.6570132000000002,3.0,3.0,0.0,0.0
1361,CHP01708,黄缅桂,1.6476802,2.0,2.0,1.0,0.0
1362,CHP03254,青葙,1.64746179,3.0,3.0,0.0,0.0
1363,CHP02339,蓼实,1.64578345,2.0,2.0,1.0,0.0
1364,CHP01144,干冬菜,1.64161864,2.0,2.0,1.0,1.0
1365,CHP01463,红毛野海棠,1.6371925,2.0,2.0,1.0,0.0
1366,CHP05804,蜂房,1.6353318099999998,4.0,4.0,0.0,0.0
1367,CHP04746,小叶石楠,1.6295948,2.0,2.0,1.0,0.0
1368,CHP04238,土木香,1.62542364,2.0,2.0,1.0,0.0
1369,CHP01525,胡桃叶,1.6240941,2.0,2.0,1.0,0.0
1370,CHP04367,无根藤,1.6238504,4.0,4.0,0.0,0.0
1371,CHP00057,白草莓,1.61953775,2.0,2.0,1.0,0.0
1372,CHP05383,泽珍珠菜,1.61882925,2.0,2.0,1.0,0.0
1373,CHP05919,鹿角,1.6149965000000002,2.0,2.0,1.0,0.0
1374,CHP06167,硫磺,1.6141805,2.0,2.0,1.0,0.0
1375,CHP04358,乌苏里瓦韦,1.60928915,2.0,2.0,1.0,1.0
1376,CHP02540,绿玉树,1.6047966,2.0,2.0,1.0,0.0
1377,CHP04052,唐古特青兰,1.6047207,2.0,2.0,1.0,0.0
1378,CHP01555,虎尾兰,1.5940819,2.0,2.0,1.0,0.0
1379,CHP05357,芸薹,1.5892139,2.0,2.0,1.0,1.0
1380,CHP01675,黄堇,1.5883808099999999,3.0,3.0,1.0,0.0
1381,CHP02597,马先蒿,1.58737464,2.0,2.0,1.0,0.0
1382,CHP02567,马蛋果,1.58701294,2.0,2.0,1.0,1.0
1383,CHP04344,乌桕木根皮,1.58046216,2.0,2.0,1.0,0.0
1384,CHP02844,牡蒿,1.57702104,2.0,2.0,1.0,0.0
1385,CHP01712,黄皮根,1.5743133999999999,2.0,2.0,1.0,0.0
1386,CHP00319,草莓,1.5707016,2.0,2.0,1.0,1.0
1387,CHP04169,铁线莲,1.5704284,2.0,2.0,1.0,1.0
1388,CHP04114,甜茶,1.5671256,2.0,2.0,1.0,1.0
1389,CHP02062,咖啡,1.5646139,2.0,2.0,1.0,0.0
1390,CHP02746,茅香,1.56453356,2.0,2.0,1.0,0.0
1391,CHP00272,滨海前胡,1.56314573,2.0,2.0,0.0,0.0
1392,CHP03456,沙枣树皮,1.56281561,2.0,2.0,1.0,1.0
1393,CHP04253,兔儿伞,1.5615229,2.0,2.0,1.0,0.0
1394,CHP03772,柿根,1.5570575,2.0,2.0,1.0,0.0
1395,CHP05581,竹叶柴胡,1.5547198999999998,2.0,2.0,1.0,1.0
1396,CHP05313,圆叶茅膏菜,1.548546,2.0,2.0,1.0,0.0
1397,CHP05010,椰子瓤,1.54833162,2.0,2.0,1.0,0.0
1398,CHP00156,白叶藤,1.5477989399999998,2.0,2.0,1.0,0.0
1399,CHP03550,山柳,1.5447395,2.0,2.0,1.0,1.0
1400,CHP02644,芒萁骨,1.54446675,2.0,2.0,1.0,0.0
1401,CHP06067,雉,1.5439151,2.0,2.0,1.0,0.0
1402,CHP03107,偏翅唐松草,1.54096472,3.0,3.0,0.0,0.0
1403,CHP01375,黑豆衣,1.5375152399999998,2.0,2.0,1.0,0.0
1404,CHP04070,桃子,1.5374101,2.0,2.0,1.0,1.0
1405,CHP06073,紫河车,1.53555654,2.0,2.0,1.0,0.0
1406,CHP00141,白薯莨,1.53318743,2.0,2.0,1.0,0.0
1407,CHP03918,水杨梅,1.53132275,2.0,2.0,1.0,0.0
1408,CHP00332,茶条槭,1.5310485699999998,2.0,2.0,1.0,0.0
1409,CHP02293,栗树皮,1.5305323,2.0,2.0,1.0,0.0
1410,CHP02649,莽草根,1.5272812299999998,2.0,2.0,1.0,0.0
1411,CHP04698,小米草,1.5249798700000001,2.0,2.0,1.0,0.0
1412,CHP04335,乌棒子,1.52134374,2.0,2.0,1.0,0.0
1413,CHP02029,橘核,1.5171785,2.0,2.0,1.0,1.0
1414,CHP05325,月见草,1.51666957,2.0,2.0,1.0,0.0
1415,CHP02834,茉莉花,1.5157357,2.0,2.0,1.0,0.0
1416,CHP05337,云南榧树,1.51477591,3.0,3.0,0.0,0.0
1417,CHP01724,黄秦艽,1.5132494,2.0,2.0,0.0,0.0
1418,CHP01775,鸡蛋果,1.5005221,2.0,2.0,0.0,0.0
1419,CHP04113,甜菜,1.4949080399999999,3.0,3.0,1.0,0.0
1420,CHP02600,马银花,1.4913649,2.0,2.0,1.0,0.0
1421,CHP00879,杜鹃花叶,1.4908307,2.0,2.0,1.0,0.0
1422,CHP03309,雀梅藤,1.4869237000000002,2.0,2.0,0.0,0.0
1423,CHP05912,灵猫香,1.48625036,2.0,2.0,0.0,0.0
1424,CHP03329,日中花,1.4815098,2.0,2.0,0.0,0.0
1425,CHP03114,瓶尔小草,1.4792037,2.0,2.0,1.0,0.0
1426,CHP01802,鸡眼草,1.46898353,2.0,2.0,0.0,0.0
1427,CHP02745,茅莓,1.4584707,2.0,2.0,1.0,0.0
1428,CHP00239,荜茇根,1.4539940100000002,3.0,3.0,0.0,0.0
1429,CHP01697,黄栌枝叶,1.4533589,2.0,2.0,0.0,0.0
1430,CHP00222,报春花,1.45016033,2.0,2.0,1.0,0.0
1431,CHP04737,小叶黑柴胡,1.4489052500000001,2.0,2.0,1.0,0.0
1432,CHP05041,野花椒皮,1.4484526400000002,2.0,2.0,0.0,0.0
1433,CHP01903,金草,1.44015146,2.0,2.0,1.0,0.0
1434,CHP00583,大叶蒟,1.43085335,2.0,2.0,1.0,1.0
1435,CHP00508,大花糙苏,1.4300741700000001,2.0,2.0,1.0,0.0
1436,CHP02640,芒果叶,1.41668256,2.0,2.0,0.0,0.0
1437,CHP03077,泡桐果,1.41195043,2.0,2.0,0.0,0.0
1438,CHP04543,线叶金鸡菊,1.41160863,2.0,2.0,0.0,0.0
1439,CHP05005,药用倒提壶,1.40474751,3.0,3.0,1.0,0.0
1440,CHP02531,绿豆皮,1.4003027499999998,2.0,2.0,0.0,0.0
1441,CHP00418,川西獐牙菜,1.39904547,2.0,2.0,1.0,0.0
1442,CHP02539,绿笋片,1.3885377,2.0,2.0,0.0,0.0
1443,CHP00393,臭茉莉,1.38099659,2.0,2.0,0.0,0.0
1444,CHP03595,山银柴胡,1.37972074,2.0,2.0,0.0,0.0
1445,CHP02096,苦碟子,1.37898184,2.0,2.0,1.0,0.0
1446,CHP02971,柠檬根,1.37762766,2.0,2.0,0.0,0.0
1447,CHP03440,沙冬青,1.37751666,2.0,2.0,1.0,1.0
1448,CHP02515,骆驼蓬子,1.37729329,2.0,2.0,0.0,0.0
1449,CHP01919,金橘,1.3661006599999999,2.0,2.0,0.0,0.0
1450,CHP05766,鳖甲,1.36494082,2.0,2.0,0.0,0.0
1451,CHP04000,酸模,1.3621347,2.0,2.0,0.0,0.0
1452,CHP04835,雪见草,1.3504220999999998,2.0,2.0,0.0,0.0
1453,CHP00286,博落回,1.3405671099999998,3.0,3.0,0.0,0.0
1454,CHP00801,东当归,1.3346744,2.0,2.0,0.0,0.0
1455,CHP04956,羊耳蒜,1.3346244600000001,2.0,2.0,0.0,0.0
1456,CHP04777,新疆藁本,1.32838183,2.0,2.0,0.0,0.0
1457,CHP04283,碗蕨,1.32628695,2.0,2.0,0.0,0.0
1458,CHP01232,枸橘核,1.30772465,4.0,4.0,0.0,0.0
1459,CHP02034,橘叶巴戟,1.29774317,2.0,2.0,0.0,0.0
1460,CHP01677,黄荆根,1.29531414,2.0,2.0,0.0,0.0
1461,CHP04179,通花根,1.2939791,2.0,2.0,0.0,0.0
1462,CHP04208,透骨草,1.2907905,2.0,2.0,0.0,0.0
1463,CHP02920,南川升麻,1.2838602,2.0,2.0,0.0,0.0
1464,CHP04270,瓦松,1.2759829,2.0,2.0,0.0,0.0
1465,CHP05463,珍珠菜,1.27493245,2.0,2.0,0.0,0.0
1466,CHP04960,羊角棉,1.2747232899999998,2.0,2.0,1.0,0.0
1467,CHP02100,苦豆子,1.27099284,2.0,2.0,1.0,1.0
1468,CHP05555,猪殃殃,1.2595018,2.0,2.0,0.0,0.0
1469,CHP02457,陆英,1.2541943999999998,2.0,2.0,1.0,0.0
1470,CHP05539,珠芽半支,1.24167901,2.0,2.0,0.0,0.0
1471,CHP04583,香唐松草,1.24118455,3.0,3.0,0.0,0.0
1472,CHP01910,金光菊,1.2342529899999999,2.0,2.0,0.0,0.0
1473,CHP04171,铁轴草,1.23130297,2.0,2.0,0.0,0.0
1474,CHP04986,杨梅核仁,1.22582046,2.0,2.0,0.0,0.0
1475,CHP05465,珍珠梅,1.2044324999999998,2.0,2.0,0.0,0.0
1476,CHP03889,水芹,1.1704663800000001,2.0,2.0,1.0,0.0
1477,CHP05170,茵芋,1.1701374,2.0,2.0,0.0,0.0
1478,CHP03365,瑞香花,1.1594853399999998,2.0,2.0,0.0,0.0
1479,CHP01255,拐芹,1.1583548000000001,2.0,2.0,0.0,0.0
1480,CHP05681,紫穗槐,1.15294193,2.0,2.0,0.0,0.0
1481,CHP03243,青皮,1.1477953,2.0,2.0,0.0,0.0
1482,CHP03606,山芝麻,1.13314495,2.0,2.0,0.0,0.0
1483,CHP03650,蛇果黄堇,1.12703121,2.0,2.0,0.0,0.0
1484,CHP02270,藜草,1.12647661,3.0,3.0,0.0,0.0
1485,CHP01348,蔊菜,1.12421902,2.0,2.0,1.0,0.0
1486,CHP03321,人参芦,1.1031407,2.0,2.0,1.0,1.0
1487,CHP05373,皂角刺,1.10168783,2.0,2.0,0.0,0.0
1488,CHP05306,圆萼刺参,1.0904645899999998,2.0,2.0,0.0,0.0
1489,CHP01013,飞机草,1.07152117,2.0,2.0,0.0,0.0
1490,CHP00374,齿叶橐吾,1.06231528,2.0,2.0,0.0,0.0
1491,CHP05790,虫白蜡,1.05015114,4.0,4.0,0.0,0.0
1492,CHP02084,苦艾,1.04247714,2.0,2.0,0.0,0.0
1493,CHP05470,枕材,1.0413430300000002,2.0,2.0,0.0,0.0
1494,CHP05591,苎麻,1.02542581,3.0,3.0,0.0,0.0
1495,CHP04181,通脉丹,1.00075598,2.0,2.0,0.0,0.0
1496,CHP00086,白花菜,0.9919177,2.0,2.0,0.0,0.0
1497,CHP04392,梧桐子,0.9901791200000001,2.0,2.0,0.0,0.0
1498,CHP03113,苹果,0.99003947,1.0,1.0,1.0,1.0
1499,CHP06035,蜈蚣,0.97870764,2.0,2.0,0.0,0.0
1500,CHP05121,夜合花,0.97408479,2.0,2.0,0.0,0.0
1501,CHP03425,桑根,0.9608047399999999,2.0,2.0,0.0,0.0
1502,CHP01811,吉林乌头,0.960437,1.0,1.0,1.0,1.0
1503,CHP03201,茜草藤,0.9485606,1.0,1.0,1.0,1.0
1504,CHP05450,照山白,0.9444037,2.0,2.0,0.0,0.0
1505,CHP03541,山蒟,0.93873838,2.0,2.0,0.0,0.0
1506,CHP05142,伊贝母,0.93648414,2.0,2.0,0.0,0.0
1507,CHP04622,小百部,0.93512756,1.0,1.0,1.0,1.0
1508,CHP04328,文竹,0.9348688,1.0,1.0,1.0,1.0
1509,CHP03018,牛尾菜,0.9344546,1.0,1.0,1.0,1.0
1510,CHP04666,小花盾叶薯蓣,0.93281573,1.0,1.0,1.0,1.0
1511,CHP02504,罗勒子,0.9328101,1.0,1.0,1.0,1.0
1512,CHP00038,巴豆霜,0.93145114,1.0,1.0,1.0,1.0
1513,CHP01170,高山辣根菜,0.9306795,1.0,1.0,1.0,1.0
1514,CHP05481,栀子叶,0.9289948,1.0,1.0,1.0,1.0
1515,CHP04163,铁树叶,0.9266659,1.0,1.0,1.0,1.0
1516,CHP04933,岩乌头,0.9265976,1.0,1.0,1.0,1.0
1517,CHP00430,椿白皮,0.92656106,1.0,1.0,1.0,1.0
1518,CHP01604,华中瘤足蕨,0.92360795,1.0,1.0,1.0,1.0
1519,CHP03881,水木草,0.9204513,1.0,1.0,1.0,1.0
1520,CHP02609,麦瓶草,0.9191273,1.0,1.0,1.0,1.0
1521,CHP04297,王孙,0.9169321,1.0,1.0,1.0,1.0
1522,CHP03110,飘拂草,0.9137721,1.0,1.0,1.0,1.0
1523,CHP01935,金雀根,0.9113747,1.0,1.0,1.0,1.0
1524,CHP05882,鸡肉,0.9037759,1.0,1.0,1.0,1.0
1525,CHP00050,白八角莲,0.89976597,1.0,1.0,1.0,0.0
1526,CHP05461,鹧鸪菜,0.89648485,1.0,1.0,1.0,0.0
1527,CHP05355,云实叶,0.8900751,1.0,1.0,1.0,0.0
1528,CHP01868,浆果苋,0.8900447,1.0,1.0,1.0,0.0
1529,CHP02049,卷丹,0.88998735,1.0,1.0,1.0,0.0
1530,CHP03568,山稔叶,0.88443184,1.0,1.0,1.0,0.0
1531,CHP01226,枸骨根,0.8810673,1.0,1.0,1.0,0.0
1532,CHP01963,金樱叶,0.8769841,1.0,1.0,1.0,0.0
1533,CHP00254,鞭打绣球,0.87313163,1.0,1.0,1.0,0.0
1534,CHP05729,总状绿绒蒿,0.8694035,1.0,1.0,1.0,0.0
1535,CHP02519,落葵,0.86861765,1.0,1.0,1.0,0.0
1536,CHP05955,蜜蜡,0.86493143,3.0,3.0,0.0,0.0
1537,CHP05274,榆树,0.8640521,1.0,1.0,1.0,0.0
1538,CHP00988,番木瓜叶,0.86153257,1.0,1.0,1.0,0.0
1539,CHP00991,番石榴干,0.8611662,1.0,1.0,1.0,0.0
1540,CHP05353,云实,0.8601524,1.0,1.0,1.0,0.0
1541,CHP03375,三叉凤尾蕨,0.8586478,1.0,1.0,1.0,0.0
1542,CHP03933,睡菜根,0.8573241,1.0,1.0,1.0,0.0
1543,CHP05848,黑蚂蚁,0.8570461,1.0,1.0,1.0,0.0
1544,CHP01733,黄蜀葵花,0.85642946,1.0,1.0,1.0,0.0
1545,CHP02589,马桑根,0.85600936,1.0,1.0,1.0,0.0
1546,CHP03056,藕节,0.85570955,1.0,1.0,1.0,0.0
1547,CHP02707,毛葡萄,0.8512451,1.0,1.0,1.0,0.0
1548,CHP00635,淡竹叶,0.8478508,1.0,1.0,1.0,0.0
1549,CHP04869,鸭儿芹,0.84766674,1.0,1.0,1.0,0.0
1550,CHP02427,龙眼肉,0.8468687,1.0,1.0,1.0,0.0
1551,CHP04992,洋葱,0.8441005,1.0,1.0,1.0,0.0
1552,CHP02813,绵藤,0.8427293,1.0,1.0,1.0,0.0
1553,CHP03216,窃衣,0.8416282,1.0,1.0,1.0,0.0
1554,CHP05435,长尾复叶耳蕨,0.8413636,1.0,1.0,1.0,0.0
1555,CHP04059,桃根,0.8411724,1.0,1.0,1.0,0.0
1556,CHP05592,苎麻根,0.84103996,1.0,1.0,1.0,0.0
1557,CHP01063,凤凰木,0.83809316,1.0,1.0,1.0,0.0
1558,CHP00225,暴马子皮,0.83669364,1.0,1.0,1.0,0.0
1559,CHP02941,南蛇藤叶,0.8357083,1.0,1.0,1.0,0.0
1560,CHP04379,无漏子,0.83549196,1.0,1.0,1.0,0.0
1561,CHP01050,风箱树叶,0.8297741,1.0,1.0,1.0,0.0
1562,CHP05267,鱼腥草,0.828825,1.0,1.0,1.0,0.0
1563,CHP06156,红粉,0.82876813,1.0,1.0,1.0,0.0
1564,CHP05800,鹅臎,0.82783955,1.0,1.0,1.0,0.0
1565,CHP01764,火炭母草,0.82697123,1.0,1.0,1.0,0.0
1566,CHP02026,橘白,0.8233196,1.0,1.0,1.0,0.0
1567,CHP01020,飞扬草,0.8216136,1.0,1.0,1.0,0.0
1568,CHP06118,木耳,0.8198059,1.0,1.0,1.0,0.0
1569,CHP06039,象胆,0.8190907,1.0,1.0,1.0,0.0
1570,CHP03401,三色堇,0.81772834,1.0,1.0,1.0,0.0
1571,CHP01594,华南皂荚,0.81575936,1.0,1.0,1.0,0.0
1572,CHP04233,土连翘,0.81508696,1.0,1.0,1.0,0.0
1573,CHP05032,野菰,0.8117322,1.0,1.0,1.0,0.0
1574,CHP05772,蚕蛾,0.8082094,1.0,1.0,1.0,0.0
1575,CHP01546,槲叶,0.80727684,1.0,1.0,1.0,0.0
1576,CHP05824,狗肉,0.8068353,1.0,1.0,1.0,0.0
1577,CHP03520,山胡椒叶,0.8067508999999999,2.0,2.0,0.0,0.0
1578,CHP02284,栗柄金粉蕨,0.80104864,1.0,1.0,1.0,0.0
1579,CHP05889,鸡子壳,0.797656,1.0,1.0,0.0,0.0
1580,CHP01216,狗屎花,0.79733956,1.0,1.0,0.0,0.0
1581,CHP04110,田旋花,0.7938211,1.0,1.0,0.0,0.0
1582,CHP03569,山珊瑚,0.789478,1.0,1.0,0.0,0.0
1583,CHP00763,吊兰,0.789468,1.0,1.0,0.0,0.0
1584,CHP03212,乔木紫珠,0.7893236,1.0,1.0,0.0,0.0
1585,CHP03464,砂生槐,0.7871723,1.0,1.0,0.0,0.0
1586,CHP00176,百蕊草,0.78648764,1.0,1.0,0.0,0.0
1587,CHP05853,猴枣,0.783496,1.0,1.0,0.0,0.0
1588,CHP05467,真藓,0.78248316,1.0,1.0,0.0,0.0
1589,CHP02815,棉花,0.7785988,1.0,1.0,0.0,0.0
1590,CHP01610,化香树果,0.7783108,1.0,1.0,0.0,0.0
1591,CHP05837,海参,0.77640045,1.0,1.0,0.0,0.0
1592,CHP03552,山萝卜,0.7759267,1.0,1.0,0.0,0.0
1593,CHP05175,银粉背蕨,0.77376926,1.0,1.0,0.0,0.0
1594,CHP05495,枳椇根,0.76747286,1.0,1.0,0.0,0.0
1595,CHP04972,羊蹄草,0.7635659,1.0,1.0,0.0,0.0
1596,CHP01349,旱莲花,0.76230383,2.0,2.0,0.0,0.0
1597,CHP02000,九里香根,0.76192948,2.0,2.0,0.0,0.0
1598,CHP03810,薯莨,0.75792205,1.0,1.0,0.0,0.0
1599,CHP01086,芙蓉花,0.75663203,1.0,1.0,0.0,0.0
1600,CHP03453,沙枣,0.7564197,1.0,1.0,0.0,0.0
1601,CHP04334,窝儿七,0.75561258,2.0,2.0,0.0,0.0
1602,CHP04352,乌蔹莓,0.7546227,1.0,1.0,0.0,0.0
1603,CHP05345,云南菟丝子,0.7538880800000001,2.0,2.0,0.0,0.0
1604,CHP03770,柿,0.75346947,1.0,1.0,0.0,0.0
1605,CHP00069,白椴,0.7523828,1.0,1.0,0.0,0.0
1606,CHP00671,地丁,0.7510565,1.0,1.0,0.0,0.0
1607,CHP00285,伯乐树,0.7482777,1.0,1.0,0.0,0.0
1608,CHP06040,象骨,0.74746114,1.0,1.0,0.0,0.0
1609,CHP02459,鹿葱,0.7450416,1.0,1.0,0.0,0.0
1610,CHP04535,咸酸蔃,0.7427402,1.0,1.0,0.0,0.0
1611,CHP05694,紫薇叶,0.74115556,1.0,1.0,0.0,0.0
1612,CHP02149,块茎糙苏,0.73239815,1.0,1.0,0.0,0.0
1613,CHP02782,迷果芹,0.7305576,1.0,1.0,0.0,0.0
1614,CHP05753,斑鸠,0.7261659,1.0,1.0,0.0,0.0
1615,CHP05796,灯心柳珊瑚,0.7257026,1.0,1.0,0.0,0.0
1616,CHP00807,东莨菪,0.72528159,2.0,2.0,0.0,0.0
1617,CHP03741,石楠,0.72457236,1.0,1.0,0.0,0.0
1618,CHP05683,紫藤,0.7198388,1.0,1.0,0.0,0.0
1619,CHP00648,倒地铃,0.7186056,1.0,1.0,0.0,0.0
1620,CHP05835,蛤壳,0.7177329,1.0,1.0,0.0,0.0
1621,CHP05866,鲩鱼,0.7172725,1.0,1.0,0.0,0.0
1622,CHP05408,樟脑,0.71153665,1.0,1.0,0.0,0.0
1623,CHP00250,篦子三尖杉,0.7108304,1.0,1.0,0.0,0.0
1624,CHP01941,金丝梅,0.7095686,1.0,1.0,0.0,0.0
1625,CHP00130,白牛胆,0.70403814,1.0,1.0,0.0,0.0
1626,CHP03299,驱虫斑鸠菊,0.70078313,1.0,1.0,0.0,0.0
1627,CHP06130,太白花,0.70023227,1.0,1.0,0.0,0.0
1628,CHP05252,柚子,0.6984853,1.0,1.0,0.0,0.0
1629,CHP01909,金冠鳞毛蕨,0.69782406,1.0,1.0,0.0,0.0
1630,CHP04215,土百部,0.69603026,1.0,1.0,0.0,0.0
1631,CHP01888,接骨丹,0.69578916,1.0,1.0,0.0,0.0
1632,CHP00599,大叶香薷,0.69531167,1.0,1.0,0.0,0.0
1633,CHP04299,网脉橐吾,0.69479712,2.0,2.0,0.0,0.0
1634,CHP03184,千年艾,0.69263196,1.0,1.0,0.0,0.0
1635,CHP00897,短小蛇根草,0.6878156,1.0,1.0,0.0,0.0
1636,CHP01012,防己叶菝葜,0.6873946,1.0,1.0,0.0,0.0
1637,CHP00004,阿育魏实,0.6843692,1.0,1.0,0.0,0.0
1638,CHP02831,魔芋,0.683437,1.0,1.0,0.0,0.0
1639,CHP02561,马比木,0.6820744,1.0,1.0,0.0,0.0
1640,CHP03105,辟汗草,0.68076587,1.0,1.0,0.0,0.0
1641,CHP05004,药西瓜,0.67466605,1.0,1.0,0.0,0.0
1642,CHP04604,向日葵花,0.6739317,1.0,1.0,0.0,0.0
1643,CHP02659,毛八角枫,0.6730383,1.0,1.0,0.0,0.0
1644,CHP00372,齿瓣延胡索,0.6706146,2.0,2.0,0.0,0.0
1645,CHP01072,凤仙花,0.670514,1.0,1.0,0.0,0.0
1646,CHP00289,补血草,0.6688336,1.0,1.0,0.0,0.0
1647,CHP01499,红直獐牙菜,0.6687504,1.0,1.0,0.0,0.0
1648,CHP05887,鸡子白,0.6652587,1.0,1.0,0.0,0.0
1649,CHP05297,郁金香根,0.66435516,1.0,1.0,0.0,0.0
1650,CHP02525,驴蹄草,0.6626779,1.0,1.0,0.0,0.0
1651,CHP06157,琥珀,0.66236514,1.0,1.0,0.0,0.0
1652,CHP04385,芜菁甘蓝,0.6583953,1.0,1.0,0.0,0.0
1653,CHP00667,地柏枝,0.65548724,1.0,1.0,0.0,0.0
1654,CHP01758,茴香根,0.6524214,1.0,1.0,0.0,0.0
1655,CHP05379,泽藓,0.6439799,1.0,1.0,0.0,0.0
1656,CHP05610,姊妹树,0.64286584,1.0,1.0,0.0,0.0
1657,CHP04481,细香葱,0.6396473,1.0,1.0,0.0,0.0
1658,CHP05198,鹰不泊,0.6367012,1.0,1.0,0.0,0.0
1659,CHP03015,牛舌头,0.6361501,1.0,1.0,0.0,0.0
1660,CHP01918,金锦香,0.6322914,1.0,1.0,0.0,0.0
1661,CHP05009,椰子皮,0.62551045,1.0,1.0,0.0,0.0
1662,CHP00768,钓樟枝叶,0.61739695,1.0,1.0,0.0,0.0
1663,CHP01774,鸡蛋参,0.61237403,2.0,2.0,0.0,0.0
1664,CHP04598,香樟叶,0.60969,1.0,1.0,0.0,0.0
1665,CHP05171,银背藤,0.59516764,1.0,1.0,0.0,0.0
1666,CHP03689,胜红蓟,0.59313375,1.0,1.0,0.0,0.0
1667,CHP04558,香根芹,0.57793893,2.0,2.0,0.0,0.0
1668,CHP04330,蕹菜,0.57413453,2.0,2.0,0.0,0.0
1669,CHP04340,乌骨藤,0.5708486,1.0,1.0,0.0,0.0
1670,CHP01156,岗松,0.56994927,1.0,1.0,0.0,0.0
1671,CHP05712,紫珠,0.56481314,1.0,1.0,0.0,0.0
1672,CHP05192,印度九里香,0.56239134,1.0,1.0,0.0,0.0
1673,CHP05188,银叶树,0.56083024,1.0,1.0,0.0,0.0
1674,CHP05795,地龙,0.5364053,1.0,1.0,0.0,0.0
1675,CHP00149,白土茯苓,0.5302188,1.0,1.0,0.0,0.0
1676,CHP03567,山棯叶,0.5280885,1.0,1.0,0.0,0.0
1677,CHP03921,水杨枝叶,0.51764905,1.0,1.0,0.0,0.0
1678,CHP03081,炮姜,0.5060341,1.0,1.0,0.0,0.0
1679,CHP01788,鸡冠子,0.5058357,1.0,1.0,0.0,0.0
1680,CHP01563,花椒簕,0.4998951,1.0,1.0,0.0,0.0
1681,CHP04899,芫花,0.49631515,1.0,1.0,0.0,0.0
1682,CHP01028,榧子,0.49626297,1.0,1.0,0.0,0.0
1683,CHP04798,杏子,0.47486344,1.0,1.0,0.0,0.0
1684,CHP00265,扁竹根,0.4593765,1.0,1.0,0.0,0.0
1685,CHP04461,菥蓂,0.45750237,1.0,1.0,0.0,0.0
1686,CHP00104,白菊花根,0.43266192,1.0,1.0,0.0,0.0
1687,CHP04475,细果角茴香,0.41983348,1.0,1.0,0.0,0.0
1688,CHP01201,功劳子,0.40394682,1.0,1.0,0.0,0.0
1689,CHP00276,柄果槲寄生,0.37925133,1.0,1.0,0.0,0.0
1690,CHP05692,紫薇花,0.3708855,1.0,1.0,0.0,0.0
1691,CHP05173,银不换,0.3587739,1.0,1.0,0.0,0.0
1692,CHP04322,榅桲,0.32567614,1.0,1.0,0.0,0.0
1693,CHP01262,观音草,0.31232888,1.0,1.0,0.0,0.0
1694,CHP04224,土丁桂,0.2955496,1.0,1.0,0.0,0.0
1695,CHP05191,淫羊藿根,0.29313177,1.0,1.0,0.0,0.0
1696,CHP01520,胡麻仁,0.27717564,1.0,1.0,0.0,0.0
1697,CHP00629,胆南星,0.25191128,1.0,1.0,0.0,0.0
1698,CHP02697,毛莲蒿,0.23517737,1.0,1.0,0.0,0.0
1699,CHP02946,南天竹梗,0.23370263,1.0,1.0,0.0,0.0
1700,CHP01362,荷梗,0.21346585,1.0,1.0,0.0,0.0
1701,CHP00318,草胡椒,0.16479222,1.0,1.0,0.0,0.0
