rank,CHP_ID,Chinese_herbal_pieces,ultra_high_avg,total_compounds,effective_count,high_quality_count,ultra_high_count
1,CHP03113,苹果,0.99003947,1.0,1.0,1.0,1.0
2,CHP04888,亚麻子,0.9792942,4.0,4.0,1.0,1.0
3,CHP00298,苍耳,0.9737245,17.0,17.0,8.0,1.0
4,CHP05780,蟾皮,0.9732671,4.0,4.0,2.0,1.0
5,CHP01988,粳米,0.9712764,9.0,9.0,7.0,1.0
6,CHP04093,天麻,0.9681532,11.0,11.0,1.0,1.0
7,CHP05283,玉兰,0.9680934,44.0,44.0,13.0,1.0
8,CHP05680,紫苏子,0.968035025,22.0,22.0,6.0,2.0
9,CHP05880,鸡脑,0.9660451,3.0,3.0,2.0,1.0
10,CHP05975,青蛙,0.9656869,4.0,4.0,3.0,1.0
11,CHP00583,大叶蒟,0.96185005,2.0,2.0,1.0,1.0
12,CHP01811,吉林乌头,0.960437,1.0,1.0,1.0,1.0
13,CHP00401,樗叶花椒,0.9602666,7.0,7.0,1.0,1.0
14,CHP01161,高良姜,0.9581976,51.0,51.0,4.0,1.0
15,CHP02501,罗汉松叶,0.957102,9.0,9.0,3.0,1.0
16,CHP04897,延胡索,0.9555148,19.0,19.0,2.0,1.0
17,CHP01011,防己,0.9549322159999999,41.0,41.0,18.0,5.0
18,CHP02588,马桑,0.954125775,15.0,15.0,5.0,4.0
19,CHP00016,安徽贝母,0.953775015,11.0,11.0,9.0,4.0
20,CHP01185,葛根,0.9533829933333333,43.0,43.0,17.0,3.0
21,CHP01187,葛花,0.952934505,63.0,63.0,9.0,2.0
22,CHP01235,枸杞叶,0.952662024,14.0,14.0,9.0,5.0
23,CHP04736,小叶贯众,0.952293305,6.0,6.0,4.0,2.0
24,CHP00238,荜茇,0.9514474,75.0,75.0,15.0,3.0
25,CHP00541,大青,0.9514387,2.0,2.0,1.0,1.0
26,CHP03383,三尖杉,0.95118243,37.0,37.0,9.0,2.0
27,CHP05542,珠子草,0.95062685,13.0,13.0,3.0,1.0
28,CHP03020,牛尾蒿,0.950490625,14.0,14.0,6.0,2.0
29,CHP03321,人参芦,0.950469,2.0,2.0,1.0,1.0
30,CHP00857,独活,0.9504085,108.0,108.0,25.0,3.0
31,CHP02161,昆明山海棠,0.9493056699999999,44.0,44.0,18.0,5.0
32,CHP02546,麻黄,0.9488090266666666,88.0,88.0,22.0,3.0
33,CHP05841,海螵蛸,0.9486926,2.0,2.0,1.0,1.0
34,CHP03201,茜草藤,0.9485606,1.0,1.0,1.0,1.0
35,CHP01019,飞燕草,0.9483590325,17.0,17.0,10.0,8.0
36,CHP00533,大麻叶泽兰,0.948053,8.0,8.0,3.0,1.0
37,CHP03771,柿蒂,0.94761267,39.0,39.0,22.0,2.0
38,CHP00448,刺梨,0.9471879,5.0,5.0,3.0,1.0
39,CHP02342,裂果薯,0.9467799050000001,17.0,17.0,9.0,8.0
40,CHP00828,冬珊瑚,0.94661397,5.0,5.0,1.0,1.0
41,CHP00424,垂盆草,0.94652003,67.0,67.0,17.0,1.0
42,CHP02077,刻裂紫堇,0.9463234,13.0,13.0,1.0,1.0
43,CHP01757,茴香,0.9453322,14.0,14.0,3.0,1.0
44,CHP04467,喜旱莲子草,0.94528615,7.0,7.0,3.0,1.0
45,CHP00081,白蒿,0.9448995499999999,9.0,9.0,3.0,2.0
46,CHP04042,太子参,0.944325882,19.0,19.0,7.0,5.0
47,CHP04150,铁力木,0.94430447,17.0,17.0,1.0,1.0
48,CHP04047,檀香,0.94417876,27.0,27.0,16.0,1.0
49,CHP01359,河套大黄,0.94296396,2.0,2.0,2.0,1.0
50,CHP01323,桂皮,0.9427747700000001,11.0,11.0,3.0,3.0
51,CHP05456,浙贝母,0.9427743,3.0,3.0,1.0,1.0
52,CHP02037,蒟蒻薯,0.942588825,71.0,71.0,30.0,24.0
53,CHP01723,黄芩,0.94178617,46.0,46.0,10.0,1.0
54,CHP01256,关白附,0.9417591433333334,16.0,16.0,8.0,6.0
55,CHP00300,苍耳子,0.941533475,71.0,71.0,26.0,2.0
56,CHP02500,罗汉松实,0.9413230662500001,17.0,17.0,9.0,8.0
57,CHP05061,野马追,0.94124879875,17.0,17.0,10.0,8.0
58,CHP00472,打碗花,0.9412092,3.0,3.0,2.0,1.0
59,CHP02623,曼陀罗叶,0.9408345,14.0,14.0,5.0,1.0
60,CHP03768,使君子,0.94068,25.0,25.0,5.0,2.0
61,CHP01813,吉祥草,0.940475197142857,20.0,20.0,10.0,7.0
62,CHP02131,苦树皮,0.9404706909090909,58.0,58.0,17.0,11.0
63,CHP01110,附子,0.940228082142857,81.0,81.0,64.0,42.0
64,CHP00362,柽柳,0.940081,53.0,53.0,13.0,1.0
65,CHP04821,萱草,0.9396754666666668,9.0,9.0,5.0,3.0
66,CHP01138,橄榄,0.93935437,25.0,25.0,9.0,2.0
67,CHP01625,槐角,0.9392141,18.0,18.0,4.0,1.0
68,CHP04809,绣线菊叶,0.9389292625000001,9.0,9.0,4.0,4.0
69,CHP01543,槲寄生,0.93881393,61.0,61.0,14.0,2.0
70,CHP00246,蓖麻子,0.9387518699999999,37.0,37.0,14.0,3.0
71,CHP01345,海州骨碎补,0.9386214,10.0,10.0,6.0,1.0
72,CHP02100,苦豆子,0.9383774,2.0,2.0,1.0,1.0
73,CHP03213,荞麦,0.9383007466666666,14.0,14.0,5.0,3.0
74,CHP02063,开口箭,0.9380712444444446,50.0,50.0,23.0,18.0
75,CHP02176,辣木,0.93802087,118.0,118.0,35.0,2.0
76,CHP04477,细茎石斛,0.9379338,4.0,4.0,1.0,1.0
77,CHP01797,鸡嗉子,0.93781193,4.0,4.0,3.0,2.0
78,CHP02007,韭菜,0.93780656,4.0,4.0,3.0,3.0
79,CHP04608,向日葵叶,0.9376982,11.0,11.0,5.0,1.0
80,CHP05185,银杏,0.9376400675,42.0,42.0,20.0,8.0
81,CHP01534,葫芦茶,0.93760137,12.0,12.0,5.0,2.0
82,CHP06091,茯苓皮,0.9375598,39.0,39.0,21.0,1.0
83,CHP00445,刺槐花,0.9373294,14.0,14.0,6.0,2.0
84,CHP03214,茄子,0.9373115,8.0,8.0,6.0,3.0
85,CHP03754,石韦,0.9372861,4.0,4.0,3.0,1.0
86,CHP00421,穿龙薯蓣,0.9372356657142856,37.0,37.0,13.0,7.0
87,CHP00470,翠雀花,0.9370356909090908,52.0,52.0,28.0,22.0
88,CHP02272,藜芦,0.936857200625,38.0,38.0,21.0,16.0
89,CHP01728,黄山药,0.936748985,5.0,5.0,4.0,2.0
90,CHP01412,红椿,0.9366029,5.0,5.0,1.0,1.0
91,CHP04065,桃仁,0.9365858691999999,72.0,72.0,43.0,25.0
92,CHP04069,桃枝,0.936478225,13.0,13.0,3.0,2.0
93,CHP05877,鸡胆,0.9364355,2.0,2.0,2.0,1.0
94,CHP00928,多花蒿,0.936388638,10.0,10.0,10.0,10.0
95,CHP02412,龙舌兰,0.9363421226666665,28.0,28.0,16.0,15.0
96,CHP01181,戈壁天门冬,0.9357306,10.0,10.0,4.0,1.0
97,CHP05689,紫葳茎叶,0.9356492166666667,6.0,6.0,4.0,3.0
98,CHP02048,卷柏,0.9356215,25.0,25.0,5.0,2.0
99,CHP02061,君迁子,0.93550646,7.0,7.0,4.0,1.0
100,CHP00080,白果紫草,0.93547744,11.0,11.0,4.0,1.0
101,CHP00844,豆蔻,0.9353894,66.0,66.0,8.0,1.0
102,CHP01599,华山参,0.935327325,12.0,12.0,4.0,2.0
103,CHP02951,南烛,0.9352715,4.0,4.0,2.0,2.0
104,CHP00906,堆心菊,0.9351873177777777,25.0,25.0,10.0,9.0
105,CHP04622,小百部,0.93512756,1.0,1.0,1.0,1.0
106,CHP00417,川乌,0.9348821205714285,268.0,268.0,129.0,70.0
107,CHP04328,文竹,0.9348688,1.0,1.0,1.0,1.0
108,CHP02125,苦木,0.9348302317391304,62.0,62.0,33.0,23.0
109,CHP01783,鸡骨常山,0.93482697,10.0,10.0,5.0,1.0
110,CHP02696,毛连菜,0.93482227,4.0,4.0,2.0,2.0
111,CHP00209,半夏,0.9346982507692307,155.0,155.0,76.0,26.0
112,CHP05843,海燕,0.93469097,2.0,2.0,2.0,2.0
113,CHP01985,荆芥穗,0.93464263,6.0,6.0,3.0,2.0
114,CHP00728,灯油藤子,0.93448246,7.0,7.0,4.0,1.0
115,CHP03018,牛尾菜,0.9344546,1.0,1.0,1.0,1.0
116,CHP03258,青叶胆,0.93437874,19.0,19.0,9.0,1.0
117,CHP01847,假连翘,0.9342492,6.0,6.0,2.0,1.0
118,CHP04828,旋覆花,0.9341410939999999,28.0,28.0,22.0,5.0
119,CHP03716,石斛,0.9338062957894735,74.0,74.0,24.0,19.0
120,CHP01540,湖北黄精,0.933803375,13.0,13.0,7.0,6.0
121,CHP00076,白附子,0.93370075,58.0,58.0,18.0,2.0
122,CHP03341,肉苁蓉,0.9336360633333332,64.0,64.0,45.0,9.0
123,CHP01933,金荞麦,0.93356865,23.0,23.0,10.0,2.0
124,CHP00059,白菖,0.9335349,61.0,61.0,12.0,1.0
125,CHP00213,榜嘎,0.9335321,5.0,5.0,3.0,1.0
126,CHP03709,石刁柏,0.9335152,12.0,12.0,3.0,1.0
127,CHP02323,两面针,0.9334360849999997,43.0,43.0,17.0,14.0
128,CHP00091,白花灯笼,0.9334251,9.0,9.0,3.0,1.0
129,CHP04280,晚香玉,0.9334201933333333,19.0,19.0,10.0,9.0
130,CHP00106,白蜡树皮,0.93339735,82.0,82.0,23.0,2.0
131,CHP00032,八角莲,0.9333818908333332,138.0,138.0,32.0,12.0
132,CHP04216,土贝母,0.9333382,24.0,24.0,16.0,3.0
133,CHP00772,跌打老,0.9331852700000001,16.0,16.0,6.0,2.0
134,CHP05104,野芝麻,0.9331275,43.0,43.0,8.0,1.0
135,CHP05754,斑蝥,0.9330205,18.0,18.0,2.0,1.0
136,CHP02591,马桑叶,0.93296653,4.0,4.0,2.0,1.0
137,CHP00178,百眼藤,0.93292505,5.0,5.0,1.0,1.0
138,CHP03962,松节,0.93291473,7.0,7.0,3.0,2.0
139,CHP02418,龙血树,0.9328458150000001,22.0,22.0,7.0,4.0
140,CHP04666,小花盾叶薯蓣,0.93281573,1.0,1.0,1.0,1.0
141,CHP02504,罗勒子,0.9328101,1.0,1.0,1.0,1.0
142,CHP03002,牛筋果,0.93269587,7.0,7.0,1.0,1.0
143,CHP05183,银线草,0.9325388533333333,7.0,7.0,3.0,3.0
144,CHP03134,蒲公英,0.932523,34.0,34.0,9.0,4.0
145,CHP03884,水茄,0.9324600281818182,17.0,17.0,11.0,11.0
146,CHP00649,倒吊笔,0.932406225,2.0,2.0,2.0,2.0
147,CHP01398,黑种草,0.93239343,7.0,7.0,3.0,1.0
148,CHP05515,重楼,0.9320343079999999,31.0,31.0,15.0,10.0
149,CHP03679,肾子草,0.9320092,7.0,7.0,4.0,1.0
150,CHP05992,人中白,0.9320052580000001,83.0,83.0,49.0,25.0
151,CHP04898,延龄草,0.9320021714285714,12.0,12.0,8.0,7.0
152,CHP00965,鹅掌楸,0.9318822,12.0,12.0,8.0,1.0
153,CHP01561,花椒,0.93176845,83.0,83.0,17.0,2.0
154,CHP00689,地黄,0.9317099741666666,285.0,285.0,178.0,84.0
155,CHP04465,溪黄草,0.931696975,7.0,7.0,7.0,6.0
156,CHP03038,糯稻根,0.9316932933333333,13.0,13.0,7.0,6.0
157,CHP02405,龙葵,0.9316747324137931,55.0,55.0,38.0,29.0
158,CHP05477,知母,0.9316271863265305,91.0,91.0,63.0,49.0
159,CHP02498,罗汉松,0.93161162,18.0,18.0,9.0,5.0
160,CHP05376,泽兰,0.931511454,45.0,45.0,22.0,5.0
161,CHP00038,巴豆霜,0.93145114,1.0,1.0,1.0,1.0
162,CHP00281,菠菜,0.9314024,21.0,21.0,12.0,1.0
163,CHP03997,酸浆,0.931394996923077,35.0,35.0,17.0,13.0
164,CHP00121,白毛藤,0.9313517759999999,121.0,121.0,78.0,35.0
165,CHP01414,红豆蔻,0.9313332999999999,42.0,42.0,11.0,2.0
166,CHP00102,白芥子,0.9313183,18.0,18.0,4.0,2.0
167,CHP04313,尾叶香茶菜,0.9313167306250001,35.0,35.0,21.0,16.0
168,CHP02934,南山藤,0.9312181466666667,5.0,5.0,3.0,3.0
169,CHP01515,胡椒,0.93120973,134.0,134.0,21.0,2.0
170,CHP00023,暗紫贝母,0.9311353025,11.0,11.0,4.0,4.0
171,CHP02612,麦芽,0.931074106,26.0,26.0,10.0,5.0
172,CHP05730,总状升麻,0.93106547875,11.0,11.0,8.0,8.0
173,CHP02863,木瓜,0.93104064,41.0,41.0,5.0,1.0
174,CHP00258,扁豆,0.9310361877777777,93.0,93.0,35.0,9.0
175,CHP05548,猪毛蒿,0.9309335,3.0,3.0,1.0,1.0
176,CHP02172,辣椒,0.9308838575,108.0,108.0,32.0,4.0
177,CHP00323,草乌叶,0.9308033400000001,13.0,13.0,8.0,6.0
178,CHP02429,龙眼叶,0.9307486,6.0,6.0,3.0,1.0
179,CHP04285,万年青根,0.9307319375,10.0,10.0,6.0,4.0
180,CHP03363,瑞香,0.9307225975,19.0,19.0,9.0,4.0
181,CHP03373,三白草,0.9307081,34.0,34.0,4.0,1.0
182,CHP00431,椿皮,0.9306883079166667,95.0,95.0,54.0,24.0
183,CHP01170,高山辣根菜,0.9306795,1.0,1.0,1.0,1.0
184,CHP04772,心叶荆芥,0.93058777,3.0,3.0,1.0,1.0
185,CHP01537,湖北贝母,0.9305054075000001,9.0,9.0,5.0,4.0
186,CHP00483,大车前,0.9303872733333334,21.0,21.0,10.0,3.0
187,CHP00062,白刺花,0.9303441333333332,21.0,21.0,6.0,3.0
188,CHP00078,白果根,0.9302998160000001,16.0,16.0,12.0,10.0
189,CHP02557,麻叶,0.930294525,13.0,13.0,8.0,2.0
190,CHP00726,灯心草,0.930292075,37.0,37.0,12.0,2.0
191,CHP04413,五色梅,0.93028149,23.0,23.0,10.0,2.0
192,CHP01269,管花肉苁蓉,0.93024766,10.0,10.0,5.0,1.0
193,CHP03498,山地香茶菜,0.9302091507692308,18.0,18.0,13.0,13.0
194,CHP00412,川贝母,0.9301459657142858,228.0,228.0,116.0,77.0
195,CHP03853,水黄连,0.93013495,6.0,6.0,1.0,1.0
196,CHP00322,草乌,0.9301327008823529,79.0,79.0,47.0,34.0
197,CHP03665,伸筋草,0.93010587,43.0,43.0,8.0,1.0
198,CHP03395,三面刀,0.9300373,14.0,14.0,6.0,1.0
199,CHP05186,银杏叶,0.9298940433333334,44.0,44.0,9.0,3.0
200,CHP03088,蟛蜞菊,0.92987347,7.0,7.0,5.0,1.0
201,CHP02219,莨菪叶,0.9298572133333333,38.0,38.0,23.0,12.0
202,CHP05051,野菊花,0.9297569583333334,54.0,54.0,23.0,6.0
203,CHP05301,鸢尾,0.92973673,37.0,37.0,7.0,1.0
204,CHP01996,九节茶,0.92959158,12.0,12.0,6.0,5.0
205,CHP02082,孔雀草,0.92956433,10.0,10.0,3.0,2.0
206,CHP02839,母菊,0.92948508,10.0,10.0,3.0,2.0
207,CHP05403,樟梨,0.9293598750000001,5.0,5.0,3.0,2.0
208,CHP03440,沙冬青,0.9292852,2.0,2.0,1.0,1.0
209,CHP02567,马蛋果,0.9291746,2.0,2.0,1.0,1.0
210,CHP04083,天冬,0.9290658685714286,54.0,54.0,27.0,7.0
211,CHP04683,小接筋草,0.92905724,7.0,7.0,4.0,1.0
212,CHP05481,栀子叶,0.9289948,1.0,1.0,1.0,1.0
213,CHP03111,平贝母,0.9289819890476191,24.0,24.0,22.0,21.0
214,CHP02563,马槟榔,0.9289522299999999,2.0,2.0,2.0,2.0
215,CHP00221,保山乌头,0.9289399,11.0,11.0,5.0,2.0
216,CHP04838,雪莲,0.92883396,26.0,26.0,9.0,1.0
217,CHP00415,川木通,0.9288181219999998,96.0,96.0,26.0,5.0
218,CHP01260,关黄柏,0.9288127,70.0,70.0,27.0,3.0
219,CHP03527,山黄皮,0.9287739,26.0,26.0,2.0,1.0
220,CHP03372,赛莨菪,0.92867731,44.0,44.0,30.0,24.0
221,CHP00039,巴戟天,0.9286304355172412,153.0,153.0,57.0,29.0
222,CHP00480,大驳骨,0.9285197,13.0,13.0,4.0,1.0
223,CHP03176,千打锤,0.9284652657142857,26.0,26.0,9.0,7.0
224,CHP03178,千斤拔,0.9284521299999999,37.0,37.0,15.0,2.0
225,CHP00309,糙苏,0.9284383366666665,11.0,11.0,6.0,3.0
226,CHP02254,雷公藤,0.9284328037499999,257.0,257.0,126.0,24.0
227,CHP00662,稻芽,0.9283695000000001,2.0,2.0,2.0,2.0
228,CHP01999,九里香,0.92836847,104.0,104.0,9.0,4.0
229,CHP03838,水飞蓟,0.92827575,38.0,38.0,9.0,2.0
230,CHP00356,车前子,0.9282335344444443,42.0,42.0,30.0,9.0
231,CHP00168,百部,0.9282328789411765,181.0,181.0,119.0,85.0
232,CHP00872,独一味,0.9282316299999999,26.0,26.0,16.0,9.0
233,CHP04225,土茯苓,0.9281502349999999,27.0,27.0,12.0,2.0
234,CHP01682,黄精,0.9281358686666666,33.0,33.0,20.0,15.0
235,CHP00469,催吐萝芙木,0.9280739800000001,19.0,19.0,5.0,3.0
236,CHP05140,一枝黄花,0.92805885,19.0,19.0,9.0,2.0
237,CHP04962,羊角藤,0.9280531,5.0,5.0,2.0,1.0
238,CHP02756,梅花,0.9279736224999999,64.0,64.0,19.0,4.0
239,CHP02606,麦冬,0.927868074375,70.0,70.0,21.0,16.0
240,CHP00989,番茄,0.9278351485,53.0,53.0,26.0,20.0
241,CHP02484,轮环藤,0.9277132450000001,15.0,15.0,3.0,2.0
242,CHP02618,满山红,0.9276694,43.0,43.0,16.0,1.0
243,CHP01042,风轮菜,0.92766607,40.0,40.0,19.0,2.0
244,CHP04546,相思藤,0.9276443583333333,16.0,16.0,7.0,6.0
245,CHP03981,苏铁,0.92753947,7.0,7.0,1.0,1.0
246,CHP01409,红车轴草,0.92753552,21.0,21.0,4.0,2.0
247,CHP04178,通关藤,0.9275075622222223,21.0,21.0,10.0,9.0
248,CHP03663,射干,0.9274412788888888,63.0,63.0,19.0,9.0
249,CHP04765,薤白,0.9273004954545455,40.0,40.0,23.0,11.0
250,CHP00019,安息香,0.9272360366666665,171.0,171.0,62.0,18.0
251,CHP05112,叶底珠,0.927188984,18.0,18.0,9.0,5.0
252,CHP03423,桑白皮,0.9271618925,147.0,147.0,51.0,4.0
253,CHP00882,杜松,0.92714816,17.0,17.0,3.0,1.0
254,CHP03698,十大功劳叶,0.9271103197222222,67.0,67.0,44.0,36.0
255,CHP00360,沉香,0.9271033266666667,259.0,259.0,74.0,9.0
256,CHP03647,蛇根草,0.9270995,10.0,10.0,6.0,2.0
257,CHP04525,仙茅,0.9270663052941177,60.0,60.0,28.0,17.0
258,CHP02528,绿豆,0.9270354363636364,38.0,38.0,17.0,11.0
259,CHP00557,大蒜,0.9270269172222222,80.0,80.0,43.0,18.0
260,CHP00240,荜澄茄,0.9270221666666667,62.0,62.0,8.0,3.0
261,CHP02439,耧斗菜,0.926892134,16.0,16.0,10.0,10.0
262,CHP00241,萆薢,0.9268547794736842,74.0,74.0,33.0,19.0
263,CHP04163,铁树叶,0.9266659,1.0,1.0,1.0,1.0
264,CHP04933,岩乌头,0.9265976,1.0,1.0,1.0,1.0
265,CHP04951,燕麦,0.9265820075000001,10.0,10.0,6.0,4.0
266,CHP01603,华泽兰,0.9265626099999998,34.0,34.0,21.0,7.0
267,CHP00430,椿白皮,0.92656106,1.0,1.0,1.0,1.0
268,CHP04552,香茶菜,0.926512243364486,463.0,463.0,266.0,214.0
269,CHP00220,宝盖草,0.9265103,12.0,12.0,5.0,5.0
270,CHP03202,羌活,0.92649012,102.0,102.0,25.0,6.0
271,CHP00467,粗叶悬钩子,0.92648888,21.0,21.0,7.0,2.0
272,CHP01931,金钱草,0.9264577516666668,27.0,27.0,12.0,6.0
273,CHP01207,钩吻,0.9264222009090911,77.0,77.0,32.0,11.0
274,CHP02180,莱菔子,0.926390075,34.0,34.0,6.0,2.0
275,CHP03193,前胡,0.92632553,85.0,85.0,19.0,2.0
276,CHP04975,羊踯躅,0.9263042954545455,15.0,15.0,14.0,11.0
277,CHP00722,灯笼草,0.926249725,10.0,10.0,5.0,2.0
278,CHP00011,艾纳香,0.9261592,18.0,18.0,2.0,1.0
279,CHP04092,天罗水,0.92611725,12.0,12.0,6.0,2.0
280,CHP05296,郁金香,0.9260696,9.0,9.0,4.0,1.0
281,CHP01818,蒺藜,0.9260292342857144,75.0,75.0,52.0,35.0
282,CHP02121,苦楝叶,0.92600528,3.0,3.0,2.0,2.0
283,CHP06117,蘑菇,0.92597414,11.0,11.0,8.0,4.0
284,CHP03704,石菖蒲,0.92583215,45.0,45.0,10.0,2.0
285,CHP04326,文殊兰,0.9257685950000001,60.0,60.0,23.0,4.0
286,CHP03426,桑寄生,0.925765455,6.0,6.0,2.0,2.0
287,CHP04106,天竺黄,0.9257162466666666,26.0,26.0,9.0,6.0
288,CHP02621,曼陀罗,0.9255947642857143,44.0,44.0,20.0,14.0
289,CHP00673,地枫皮,0.9253955046153846,56.0,56.0,27.0,13.0
290,CHP04170,铁仔,0.92536175,3.0,3.0,1.0,1.0
291,CHP06131,香蕈,0.925356,9.0,9.0,7.0,2.0
292,CHP04574,香排草,0.9252636566666667,8.0,8.0,5.0,3.0
293,CHP05489,止泻木皮,0.9252547761111111,43.0,43.0,19.0,18.0
294,CHP06090,茯苓,0.9252446677777778,30.0,30.0,25.0,9.0
295,CHP03808,鼠尾草,0.9251948200000001,59.0,59.0,31.0,11.0
296,CHP04316,卫矛,0.92512596,3.0,3.0,1.0,1.0
297,CHP00957,鹅不食草,0.9250893400000001,49.0,49.0,32.0,9.0
298,CHP06120,绒白乳菇,0.92506045,15.0,15.0,6.0,1.0
299,CHP02904,木香,0.925033955,42.0,42.0,24.0,8.0
300,CHP00256,鞭叶铁线蕨,0.92489055,12.0,12.0,6.0,2.0
301,CHP00355,车前草,0.9248820092307692,197.0,197.0,82.0,13.0
302,CHP05294,玉竹,0.9248170675,12.0,12.0,6.0,4.0
303,CHP00103,白金果榄,0.92477715,10.0,10.0,2.0,1.0
304,CHP04389,吴茱萸,0.9247680575,56.0,56.0,8.0,4.0
305,CHP02279,荔枝核,0.924642695,19.0,19.0,10.0,4.0
306,CHP01608,化橘红,0.924623325,33.0,33.0,12.0,2.0
307,CHP03229,青蒿,0.9246228259375,120.0,120.0,65.0,32.0
308,CHP02297,连钱草,0.9246208120000001,61.0,61.0,26.0,15.0
309,CHP01310,鬼箭羽,0.9245843533333334,42.0,42.0,10.0,3.0
310,CHP00030,八角茴香,0.9245376888888889,266.0,266.0,67.0,9.0
311,CHP05295,芋头,0.92452085,4.0,4.0,1.0,1.0
312,CHP05581,竹叶柴胡,0.9244361,2.0,2.0,1.0,1.0
313,CHP06038,犀角,0.92443,2.0,2.0,2.0,1.0
314,CHP01516,胡芦巴,0.9243599688888887,144.0,144.0,85.0,45.0
315,CHP01727,黄三七,0.9243409440000001,7.0,7.0,5.0,5.0
316,CHP03977,苏合香,0.92430583,21.0,21.0,11.0,2.0
317,CHP01273,贯众,0.9243041,37.0,37.0,13.0,1.0
318,CHP04359,乌药,0.9241580666666667,19.0,19.0,11.0,3.0
319,CHP00294,菜蓟,0.9241249,4.0,4.0,3.0,2.0
320,CHP01312,鬼针草,0.92409706,15.0,15.0,5.0,1.0
321,CHP00767,钓樟根皮,0.92408925,8.0,8.0,1.0,1.0
322,CHP04893,烟草,0.92406845,13.0,13.0,5.0,2.0
323,CHP00137,白屈菜,0.92403644875,58.0,58.0,18.0,8.0
324,CHP01183,茖葱,0.9240021300000001,6.0,6.0,2.0,2.0
325,CHP00037,巴豆,0.9239870351851853,137.0,137.0,69.0,27.0
326,CHP01508,厚朴,0.923877275,121.0,121.0,17.0,4.0
327,CHP01029,肺形草,0.9238313,5.0,5.0,4.0,1.0
328,CHP00987,番木瓜,0.923797,24.0,24.0,9.0,2.0
329,CHP04842,雪山林,0.9237644366666666,39.0,39.0,17.0,6.0
330,CHP02406,龙葵根,0.9237476066666667,48.0,48.0,22.0,9.0
331,CHP01824,荠菜,0.92368193,51.0,51.0,18.0,8.0
332,CHP02568,马兜铃,0.9236249284615385,85.0,85.0,36.0,13.0
333,CHP01604,华中瘤足蕨,0.92360795,1.0,1.0,1.0,1.0
334,CHP04866,鸦胆子,0.9235323066666665,12.0,12.0,9.0,9.0
335,CHP04807,绣线菊,0.9235265500000001,33.0,33.0,7.0,4.0
336,CHP00048,菝葜,0.9235240416666667,90.0,90.0,40.0,24.0
337,CHP02441,芦根,0.9234829999999999,24.0,24.0,9.0,6.0
338,CHP02298,连翘,0.923453761111111,116.0,116.0,59.0,9.0
339,CHP00261,扁桃斑鸠菊,0.9234425,2.0,2.0,2.0,1.0
340,CHP03576,山莴苣,0.9234012833333333,6.0,6.0,4.0,3.0
341,CHP01519,胡萝卜子,0.92335594,43.0,43.0,12.0,1.0
342,CHP00724,灯笼泡,0.923318875,5.0,5.0,2.0,2.0
343,CHP00876,杜鹃花,0.9232438,11.0,11.0,3.0,1.0
344,CHP05782,蟾酥,0.9232303620833333,71.0,71.0,41.0,24.0
345,CHP00884,杜仲,0.9232019979999999,85.0,85.0,43.0,10.0
346,CHP01144,干冬菜,0.9231914,2.0,2.0,1.0,1.0
347,CHP01630,黄柏,0.9231809480000001,54.0,54.0,17.0,5.0
348,CHP03682,升麻,0.9231648709677418,134.0,134.0,93.0,31.0
349,CHP02808,绵萆薢,0.9231545147619048,53.0,53.0,32.0,21.0
350,CHP04358,乌苏里瓦韦,0.9231532,2.0,2.0,1.0,1.0
351,CHP00228,北豆根,0.923064365,72.0,72.0,22.0,14.0
352,CHP00170,百合,0.9230547477777776,137.0,137.0,57.0,27.0
353,CHP01367,核桃仁,0.9229663,58.0,58.0,27.0,1.0
354,CHP03869,水流豆,0.9228094,32.0,32.0,2.0,1.0
355,CHP03192,牵牛子,0.9226852275,39.0,39.0,29.0,20.0
356,CHP02019,菊花,0.9226828157142857,81.0,81.0,39.0,7.0
357,CHP03070,胖大海,0.9226466333333333,19.0,19.0,6.0,3.0
358,CHP01015,飞廉,0.92260396,11.0,11.0,2.0,1.0
359,CHP00496,大风子,0.9225670749999999,28.0,28.0,7.0,2.0
360,CHP00984,番荔枝,0.9225513025000001,285.0,285.0,96.0,8.0
361,CHP00142,白术,0.9225301111764705,118.0,118.0,61.0,17.0
362,CHP03609,山茱萸,0.922452925,71.0,71.0,26.0,2.0
363,CHP03198,茜草,0.92244302,74.0,74.0,40.0,5.0
364,CHP00630,淡豆豉,0.9224415850000001,23.0,23.0,4.0,2.0
365,CHP00859,独角莲,0.9224373,8.0,8.0,4.0,1.0
366,CHP00708,地刷子,0.9223963333333333,15.0,15.0,8.0,3.0
367,CHP02030,橘红,0.922374066923077,52.0,52.0,25.0,13.0
368,CHP00100,白胶香,0.92233593,20.0,20.0,6.0,2.0
369,CHP02781,迷迭香,0.9222856333333334,10.0,10.0,5.0,3.0
370,CHP04167,铁苋,0.9222455624999999,17.0,17.0,8.0,4.0
371,CHP05255,余甘子,0.9222412725000001,48.0,48.0,25.0,4.0
372,CHP00071,白饭豆,0.9222365266666667,51.0,51.0,24.0,6.0
373,CHP00341,柴胡,0.9220158617391304,299.0,299.0,156.0,69.0
374,CHP00824,冬凌草,0.9219953324324327,50.0,50.0,44.0,37.0
375,CHP02090,苦参,0.9219847126666667,94.0,94.0,29.0,15.0
376,CHP00313,草苁蓉,0.9219191824999999,36.0,36.0,19.0,4.0
377,CHP02155,款冬花,0.9218715314285715,79.0,79.0,39.0,7.0
378,CHP01127,甘松,0.9218035450000001,50.0,50.0,23.0,10.0
379,CHP00642,刀豆,0.92178936,25.0,25.0,15.0,5.0
380,CHP01424,红厚壳,0.92174553,40.0,40.0,2.0,2.0
381,CHP00216,薄荷,0.921729455,252.0,252.0,101.0,14.0
382,CHP00514,大黄花,0.9216394916666667,9.0,9.0,6.0,6.0
383,CHP05357,芸薹,0.9215685,2.0,2.0,1.0,1.0
384,CHP00049,霸王鞭,0.9214274,20.0,20.0,10.0,2.0
385,CHP04055,糖荠,0.9213221866666667,8.0,8.0,5.0,3.0
386,CHP04008,算盘子,0.92130188,20.0,20.0,11.0,2.0
387,CHP03175,千层塔,0.921298665,65.0,65.0,35.0,16.0
388,CHP01896,芥菜,0.9212567,7.0,7.0,3.0,1.0
389,CHP03364,瑞香根,0.9212556000000001,4.0,4.0,2.0,2.0
390,CHP02009,韭菜子,0.9211492950000001,19.0,19.0,4.0,4.0
391,CHP01776,鸡蛋花,0.9210043,15.0,15.0,6.0,1.0
392,CHP01241,古柯,0.9208573,12.0,12.0,5.0,1.0
393,CHP00887,短瓣花,0.92080593,14.0,14.0,3.0,1.0
394,CHP01702,黄麻叶,0.9207963,7.0,7.0,3.0,1.0
395,CHP02327,两头尖,0.92067366,26.0,26.0,9.0,5.0
396,CHP03695,蓍实,0.92065877,19.0,19.0,11.0,1.0
397,CHP00314,草地黄芩,0.9206389,7.0,7.0,2.0,1.0
398,CHP00998,翻白草,0.9206098,15.0,15.0,5.0,1.0
399,CHP02676,毛萼香茶菜,0.9206073747368421,39.0,39.0,23.0,19.0
400,CHP02488,罗布麻,0.9205098666666668,12.0,12.0,8.0,3.0
401,CHP03881,水木草,0.9204513,1.0,1.0,1.0,1.0
402,CHP02119,苦楝皮,0.9203948143478263,87.0,87.0,49.0,23.0
403,CHP01357,何首乌,0.920388335,34.0,34.0,15.0,2.0
404,CHP06015,水蛭,0.920299385,9.0,9.0,6.0,2.0
405,CHP04419,五味子,0.9202399988235295,239.0,239.0,60.0,17.0
406,CHP02516,落地生根,0.9201874999999999,5.0,5.0,4.0,2.0
407,CHP03342,肉豆蔻,0.9201808628571427,57.0,57.0,15.0,7.0
408,CHP03643,蛇床子,0.9201342874999999,55.0,55.0,9.0,4.0
409,CHP02878,木槿花,0.92007524,3.0,3.0,1.0,1.0
410,CHP04824,玄参,0.92006665,21.0,21.0,4.0,2.0
411,CHP01690,黄连,0.9200092550000001,24.0,24.0,6.0,2.0
412,CHP00543,板蓝根,0.9199767132258064,193.0,193.0,89.0,31.0
413,CHP03398,三七花,0.919909026,24.0,24.0,20.0,10.0
414,CHP03179,千金藤,0.9198419,41.0,41.0,8.0,1.0
415,CHP03596,山樱桃,0.9198122,4.0,4.0,2.0,2.0
416,CHP01992,景天三七,0.9198122,22.0,22.0,11.0,1.0
417,CHP00441,刺柏,0.91979278,37.0,37.0,13.0,2.0
418,CHP00397,臭梧桐,0.91972098,18.0,18.0,11.0,3.0
419,CHP00316,草果,0.9197183250000001,29.0,29.0,6.0,2.0
420,CHP00135,白前,0.91970857625,78.0,78.0,44.0,24.0
421,CHP02511,萝藦子,0.919682265,5.0,5.0,5.0,2.0
422,CHP05646,紫金牛,0.91967698625,122.0,122.0,56.0,32.0
423,CHP03431,桑叶,0.91965370375,42.0,42.0,22.0,8.0
424,CHP00617,丹参,0.91964617,235.0,235.0,90.0,9.0
425,CHP00791,定木香,0.91956652,22.0,22.0,16.0,14.0
426,CHP01573,花叶假杜鹃,0.9195517300000001,7.0,7.0,4.0,3.0
427,CHP00108,白兰花,0.919531446,63.0,63.0,9.0,5.0
428,CHP00775,丁公藤,0.9194996316666666,60.0,60.0,32.0,6.0
429,CHP03013,牛舌草,0.9194622,14.0,14.0,7.0,1.0
430,CHP03397,三七,0.9194441608695653,117.0,117.0,44.0,23.0
431,CHP04190,桐油,0.9194433,10.0,10.0,3.0,1.0
432,CHP01568,花楸,0.9193306800000001,5.0,5.0,3.0,2.0
433,CHP00151,白鲜皮,0.9193175538235295,117.0,117.0,65.0,34.0
434,CHP03975,松子仁,0.91925144,15.0,15.0,3.0,1.0
435,CHP00816,冬瓜子,0.91918598,39.0,39.0,15.0,5.0
436,CHP02609,麦瓶草,0.9191273,1.0,1.0,1.0,1.0
437,CHP02340,列当,0.91909206,5.0,5.0,4.0,1.0
438,CHP00090,白花丹,0.9190679766666667,45.0,45.0,25.0,3.0
439,CHP02308,莲生桂子花,0.9190622233333333,11.0,11.0,5.0,3.0
440,CHP01236,枸杞子,0.9190280229166666,137.0,137.0,81.0,24.0
441,CHP02130,苦绳,0.9190118,3.0,3.0,3.0,1.0
442,CHP05779,蟾蜍,0.91900408,11.0,11.0,5.0,2.0
443,CHP01741,黄杨,0.9189572242857142,25.0,25.0,13.0,7.0
444,CHP04565,香加皮,0.91894909775,106.0,106.0,68.0,40.0
445,CHP02837,墨旱莲,0.918935029375,53.0,53.0,34.0,16.0
446,CHP01374,黑豆,0.9189212642857142,120.0,120.0,29.0,7.0
447,CHP01171,高山龙胆,0.91886836,11.0,11.0,2.0,1.0
448,CHP05427,长管香茶菜,0.9188563341666667,22.0,22.0,15.0,12.0
449,CHP02065,看麦娘状莎草,0.918777615,15.0,15.0,7.0,2.0
450,CHP00020,桉叶,0.9187609366666667,28.0,28.0,12.0,3.0
451,CHP00683,地瓜子,0.91869382,25.0,25.0,4.0,2.0
452,CHP03180,千金子,0.9186371799999999,10.0,10.0,7.0,2.0
453,CHP05565,竹节参,0.9186140833333334,12.0,12.0,7.0,6.0
454,CHP01340,海南粗榧,0.9186063866666667,36.0,36.0,12.0,3.0
455,CHP01364,荷叶,0.9185552,31.0,31.0,13.0,2.0
456,CHP00676,地肤子,0.9185165799999999,10.0,10.0,6.0,2.0
457,CHP01716,黄皮叶,0.918501835,4.0,4.0,2.0,2.0
458,CHP01403,衡州乌药,0.91847503,7.0,7.0,1.0,1.0
459,CHP02562,马鞭草,0.9184578066666668,42.0,42.0,14.0,6.0
460,CHP04002,酸石榴,0.91844594,8.0,8.0,4.0,1.0
461,CHP01334,海带,0.9183891975,65.0,65.0,22.0,4.0
462,CHP04070,桃子,0.9183814,2.0,2.0,1.0,1.0
463,CHP04818,续断,0.9183663564705883,97.0,97.0,75.0,34.0
464,CHP02940,南蛇藤果,0.9181747466666667,24.0,24.0,10.0,3.0
465,CHP02898,木天蓼,0.9181639125,25.0,25.0,11.0,4.0
466,CHP01146,干姜,0.9181620436363634,106.0,106.0,35.0,11.0
467,CHP01717,黄芪,0.9181495288888889,171.0,171.0,82.0,54.0
468,CHP02901,木通,0.918148786875,62.0,62.0,32.0,16.0
469,CHP03683,生姜,0.9180881928571429,75.0,75.0,31.0,7.0
470,CHP00162,白芷,0.91805718,307.0,307.0,45.0,6.0
471,CHP00482,大巢菜,0.9180371,5.0,5.0,3.0,1.0
472,CHP00885,杜仲叶,0.918033279,73.0,73.0,34.0,10.0
473,CHP00612,代代花,0.9180121822222223,96.0,96.0,35.0,9.0
474,CHP01477,红芪,0.9179624725000001,47.0,47.0,16.0,8.0
475,CHP03434,桑枝,0.9179187,35.0,35.0,11.0,6.0
476,CHP03664,麝香草,0.917902,21.0,21.0,8.0,1.0
477,CHP05066,野茉莉,0.91787636,12.0,12.0,4.0,1.0
478,CHP02803,密蒙花,0.91783678,35.0,35.0,24.0,8.0
479,CHP00672,地耳草,0.9178363425,98.0,98.0,27.0,4.0
480,CHP01958,金银花,0.9177471935897435,146.0,146.0,77.0,39.0
481,CHP04839,雪莲花,0.917747,4.0,4.0,2.0,1.0
482,CHP05157,益母草,0.9176901966666668,69.0,69.0,42.0,12.0
483,CHP00428,春福寿草,0.9176343433333334,3.0,3.0,3.0,3.0
484,CHP01222,狗牙花,0.91763383,45.0,45.0,23.0,1.0
485,CHP02566,马齿苋,0.9176142015384614,64.0,64.0,36.0,13.0
486,CHP02713,毛蕊花,0.91760809,5.0,5.0,3.0,3.0
487,CHP03027,牛心茄子,0.91757998,5.0,5.0,3.0,2.0
488,CHP05417,长春花,0.9174654042857142,95.0,95.0,36.0,7.0
489,CHP02526,吕宋果,0.9174583000000001,10.0,10.0,6.0,2.0
490,CHP01506,厚皮香,0.9174528049999999,7.0,7.0,4.0,4.0
491,CHP01623,槐花,0.9174189877777779,112.0,112.0,34.0,9.0
492,CHP00608,大枣,0.9174101132142857,164.0,164.0,77.0,28.0
493,CHP02585,马钱子,0.9174079411111111,39.0,39.0,27.0,9.0
494,CHP00416,川木香,0.91740777,29.0,29.0,11.0,6.0
495,CHP04127,甜叶菊,0.9174039,3.0,3.0,1.0,1.0
496,CHP01425,红花,0.917380875,114.0,114.0,45.0,4.0
497,CHP05248,柚花,0.91735465,21.0,21.0,4.0,2.0
498,CHP03218,秦艽,0.91733539,26.0,26.0,12.0,3.0
499,CHP02855,木鳖子,0.91727275,14.0,14.0,3.0,2.0
500,CHP00284,播娘蒿,0.9172678,14.0,14.0,5.0,5.0
501,CHP02355,铃兰,0.9172576916666667,20.0,20.0,10.0,6.0
502,CHP02443,芦荟,0.9172541550000001,65.0,65.0,27.0,6.0
503,CHP00068,白杜鹃花,0.9172028,18.0,18.0,6.0,1.0
504,CHP02543,麻风树,0.917202,25.0,25.0,14.0,1.0
505,CHP01514,胡黄连,0.917139720625,74.0,74.0,35.0,16.0
506,CHP00419,川芎,0.91711137,127.0,127.0,50.0,7.0
507,CHP01486,红藤,0.917070975,29.0,29.0,10.0,2.0
508,CHP01073,凤仙透骨草,0.9170287800000001,46.0,46.0,24.0,10.0
509,CHP04297,王孙,0.9169321,1.0,1.0,1.0,1.0
510,CHP02023,菊苣,0.9169198479999998,70.0,70.0,41.0,20.0
511,CHP01382,黑老虎,0.9168825066666666,48.0,48.0,25.0,6.0
512,CHP01091,佛手,0.9168275,51.0,51.0,15.0,1.0
513,CHP05512,肿柄菊,0.9167914433333332,13.0,13.0,8.0,3.0
514,CHP02657,猫眼草,0.9167535960000001,30.0,30.0,12.0,5.0
515,CHP03217,芹花,0.9167457999999999,17.0,17.0,3.0,2.0
516,CHP00114,白蔹,0.9167443185714286,102.0,102.0,43.0,7.0
517,CHP00293,菜豆树,0.91670483,11.0,11.0,5.0,1.0
518,CHP04293,王不留行,0.9166593574999999,19.0,19.0,11.0,4.0
519,CHP05224,油茶子,0.91663755,6.0,6.0,3.0,2.0
520,CHP02935,南蛇竻,0.9166329733333333,12.0,12.0,8.0,3.0
521,CHP06089,冬虫夏草,0.91656786,17.0,17.0,6.0,5.0
522,CHP01045,风藤,0.916511865,89.0,89.0,26.0,4.0
523,CHP00014,艾叶,0.91650706875,397.0,397.0,119.0,16.0
524,CHP02400,龙胆草,0.9163849294444444,65.0,65.0,36.0,18.0
525,CHP04006,酸枣仁,0.91635935,27.0,27.0,10.0,2.0
526,CHP06129,松蕈,0.9163392349999999,8.0,8.0,5.0,2.0
527,CHP00252,萹蓄,0.9162967658333332,73.0,73.0,37.0,12.0
528,CHP01898,芥子,0.9162950383333333,136.0,136.0,73.0,6.0
529,CHP00333,茶叶,0.9162925435294117,125.0,125.0,49.0,17.0
530,CHP02114,苦苣,0.9162922519999999,7.0,7.0,6.0,5.0
531,CHP04519,夏枯草,0.9162875816666666,23.0,23.0,22.0,6.0
532,CHP01771,藿香,0.9162799633333334,72.0,72.0,19.0,6.0
533,CHP00973,儿茶钩藤,0.9162675650000001,10.0,10.0,6.0,2.0
534,CHP01342,海南买麻藤,0.9161951,13.0,13.0,5.0,1.0
535,CHP02029,橘核,0.9161509,2.0,2.0,1.0,1.0
536,CHP04556,香附,0.9160822879999999,52.0,52.0,27.0,5.0
537,CHP02478,露水草,0.91605645,10.0,10.0,4.0,1.0
538,CHP00191,斑鸠菊,0.91600241625,22.0,22.0,13.0,8.0
539,CHP04231,土槿皮,0.915959898,71.0,71.0,49.0,5.0
540,CHP02814,绵枣儿,0.9159516249999999,10.0,10.0,6.0,4.0
541,CHP01656,黄花夹竹桃,0.91594124,37.0,37.0,18.0,13.0
542,CHP01344,海藻,0.9158285854545455,38.0,38.0,22.0,11.0
543,CHP00146,白头翁,0.9158144886363636,93.0,93.0,47.0,22.0
544,CHP02997,牛耳枫子,0.91578656,6.0,6.0,4.0,1.0
545,CHP01809,积雪草,0.9157810853333334,41.0,41.0,21.0,15.0
546,CHP04085,天花粉,0.9157612433333333,5.0,5.0,4.0,3.0
547,CHP00466,粗榧子,0.9157086799999999,8.0,8.0,3.0,3.0
548,CHP04959,羊角拗子,0.9155968199999999,4.0,4.0,3.0,3.0
549,CHP00274,槟榔,0.915593858181818,172.0,172.0,52.0,11.0
550,CHP00150,白薇,0.9155393043999999,85.0,85.0,50.0,25.0
551,CHP00223,抱茎獐牙菜,0.9155230999999999,8.0,8.0,4.0,2.0
552,CHP01206,钩藤,0.9154842236363637,174.0,174.0,71.0,22.0
553,CHP00349,常春卫矛,0.915458,6.0,6.0,5.0,1.0
554,CHP04173,葶苈子,0.9154418436363635,39.0,39.0,18.0,11.0
555,CHP03049,女贞子,0.915384822857143,107.0,107.0,46.0,7.0
556,CHP03319,人参,0.9153158692105263,128.0,128.0,97.0,38.0
557,CHP05402,獐牙菜,0.91523373,37.0,37.0,9.0,1.0
558,CHP03591,山药,0.9151161072727273,25.0,25.0,18.0,11.0
559,CHP02985,牛蒡子,0.9150789666666667,21.0,21.0,10.0,3.0
560,CHP04169,铁线莲,0.9150446,2.0,2.0,1.0,1.0
561,CHP00288,补骨脂,0.914903522,181.0,181.0,19.0,5.0
562,CHP03635,芍药,0.914894920625,107.0,107.0,66.0,16.0
563,CHP05478,栀子,0.9148934275,48.0,48.0,17.0,8.0
564,CHP03444,沙棘,0.9148759928571428,90.0,90.0,39.0,7.0
565,CHP06136,猪苓,0.9148464571428573,9.0,9.0,7.0,7.0
566,CHP04084,天胡荽,0.9148104183333333,12.0,12.0,7.0,6.0
567,CHP05289,玉叶金花,0.914725696,11.0,11.0,6.0,5.0
568,CHP00124,白茅根,0.9147058305882353,59.0,59.0,35.0,17.0
569,CHP02098,苦丁茶,0.9146789695744684,127.0,127.0,80.0,47.0
570,CHP01780,鸡骨草,0.9146542628571428,47.0,47.0,19.0,7.0
571,CHP04920,岩筋菜,0.9146467166666666,4.0,4.0,4.0,3.0
572,CHP01681,黄荆子,0.9146245334615384,103.0,103.0,46.0,26.0
573,CHP03127,破叶莲,0.9144351,11.0,11.0,5.0,1.0
574,CHP03082,佩兰,0.9144116,59.0,59.0,20.0,2.0
575,CHP02313,莲子草,0.9143987925,8.0,8.0,4.0,4.0
576,CHP00433,莼菜,0.9143628,3.0,3.0,1.0,1.0
577,CHP05195,罂粟壳,0.91431713,3.0,3.0,2.0,1.0
578,CHP00947,多足蕨,0.9142863299999999,9.0,9.0,6.0,3.0
579,CHP05962,牛黄,0.91428586625,19.0,19.0,13.0,8.0
580,CHP00520,大蓟,0.91428025,69.0,69.0,26.0,2.0
581,CHP01356,合欢皮,0.9142686342857143,35.0,35.0,19.0,7.0
582,CHP02987,牛扁,0.914266195,3.0,3.0,2.0,2.0
583,CHP04482,细辛,0.9142353,23.0,23.0,6.0,1.0
584,CHP05679,紫苏叶,0.91423097,12.0,12.0,6.0,2.0
585,CHP00746,滇茜草,0.9142130135000001,31.0,31.0,27.0,20.0
586,CHP01834,夹竹桃,0.914030559090909,58.0,58.0,23.0,11.0
587,CHP00485,大丁草,0.914013,28.0,28.0,8.0,1.0
588,CHP05194,罂粟,0.9139305,7.0,7.0,5.0,2.0
589,CHP02889,木榄,0.913923585,19.0,19.0,12.0,2.0
590,CHP02489,罗布麻叶,0.9139227999999999,25.0,25.0,9.0,2.0
591,CHP04971,羊蹄,0.9138638,4.0,4.0,2.0,1.0
592,CHP04764,缬草,0.913863165,31.0,31.0,9.0,2.0
593,CHP03251,青天葵,0.9138504,5.0,5.0,2.0,1.0
594,CHP03753,石蒜,0.913816,16.0,16.0,6.0,2.0
595,CHP00519,大戟,0.9137850383333334,107.0,107.0,40.0,6.0
596,CHP00119,白马骨,0.9137744499999999,11.0,11.0,7.0,6.0
597,CHP01923,金莲花,0.9137723833333333,38.0,38.0,13.0,6.0
598,CHP03110,飘拂草,0.9137721,1.0,1.0,1.0,1.0
599,CHP04995,洋蓍草,0.91375506,7.0,7.0,2.0,1.0
600,CHP00513,大黄,0.9137447379999999,205.0,205.0,108.0,5.0
601,CHP06134,云芝,0.913739365,16.0,16.0,7.0,2.0
602,CHP01246,瓜蒌,0.9137143289999999,90.0,90.0,39.0,20.0
603,CHP04458,西洋参,0.9136905146153845,49.0,49.0,35.0,13.0
604,CHP03334,榕树,0.9134986514285713,16.0,16.0,8.0,7.0
605,CHP00173,百里香,0.91348183,23.0,23.0,3.0,1.0
606,CHP02209,狼毒,0.9134600125,36.0,36.0,20.0,4.0
607,CHP00088,白花菜子,0.91337044,94.0,94.0,37.0,8.0
608,CHP03911,水仙根,0.91335785,6.0,6.0,1.0,1.0
609,CHP00660,稻草,0.9133014250000001,27.0,27.0,14.0,6.0
610,CHP00347,常春藤,0.91328496,11.0,11.0,6.0,1.0
611,CHP01973,筋骨草,0.913257,39.0,39.0,28.0,7.0
612,CHP00099,白及,0.9132540866666666,78.0,78.0,13.0,3.0
613,CHP02391,六棱菊,0.91323566,28.0,28.0,14.0,1.0
614,CHP01745,黄药子,0.9132327866666667,64.0,64.0,31.0,9.0
615,CHP00486,大豆,0.913123695,12.0,12.0,2.0,2.0
616,CHP03707,石胆草,0.9130827,6.0,6.0,4.0,1.0
617,CHP01350,旱芹,0.9130541449999999,27.0,27.0,13.0,6.0
618,CHP01132,肝风草,0.9130437,18.0,18.0,11.0,1.0
619,CHP03283,秋水仙,0.91302073,5.0,5.0,1.0,1.0
620,CHP00210,半夏曲,0.9129958,2.0,2.0,2.0,1.0
621,CHP05370,皂荚,0.9129607014285714,22.0,22.0,11.0,7.0
622,CHP00819,冬葵果,0.9129454883333333,80.0,80.0,39.0,6.0
623,CHP00444,刺果苏木,0.9129190191666666,36.0,36.0,24.0,12.0
624,CHP01957,金叶子,0.91286623,10.0,10.0,7.0,3.0
625,CHP01376,黑杠柳,0.912829575,7.0,7.0,5.0,2.0
626,CHP02631,蔓荆子,0.9128089,38.0,38.0,21.0,1.0
627,CHP03352,乳香,0.9127951099999999,77.0,77.0,40.0,6.0
628,CHP02510,萝藦,0.9127010266666667,14.0,14.0,6.0,3.0
629,CHP02122,苦楝子,0.9126841866666666,31.0,31.0,15.0,3.0
630,CHP02440,漏芦,0.9125671474999999,26.0,26.0,13.0,4.0
631,CHP00093,白花蛇舌草,0.9125259935714286,46.0,46.0,31.0,14.0
632,CHP01416,红豆杉,0.9125039264634147,548.0,548.0,301.0,82.0
633,CHP02472,路路通,0.9124958,10.0,10.0,7.0,1.0
634,CHP01856,见血飞,0.91248307,3.0,3.0,2.0,2.0
635,CHP04469,喜树,0.912479975,23.0,23.0,5.0,2.0
636,CHP05174,银柴胡,0.91243529,6.0,6.0,3.0,3.0
637,CHP02240,老鼠簕,0.9124214049999999,20.0,20.0,10.0,4.0
638,CHP01408,红参,0.9124086746153846,53.0,53.0,26.0,13.0
639,CHP01911,金果榄,0.9123915,15.0,15.0,11.0,3.0
640,CHP01815,棘豆,0.9123663900000001,13.0,13.0,9.0,2.0
641,CHP04761,斜基粗叶木,0.9123273,4.0,4.0,2.0,1.0
642,CHP02748,没药,0.9123217589655171,291.0,291.0,163.0,29.0
643,CHP03732,石榴皮,0.91230166,18.0,18.0,6.0,1.0
644,CHP05499,枳椇子,0.9121526,5.0,5.0,1.0,1.0
645,CHP01795,鸡屎藤,0.9121335057142856,35.0,35.0,19.0,7.0
646,CHP05124,夜来香,0.912112975,17.0,17.0,12.0,6.0
647,CHP02025,菊芋,0.9120191,6.0,6.0,4.0,1.0
648,CHP00187,败酱草,0.911934425,70.0,70.0,23.0,6.0
649,CHP05896,僵蚕,0.9119213,26.0,26.0,5.0,1.0
650,CHP02353,灵香草,0.9118592575000001,26.0,26.0,12.0,4.0
651,CHP00731,棣棠花,0.911845445,12.0,12.0,3.0,2.0
652,CHP02056,决明子,0.911826555,56.0,56.0,33.0,4.0
653,CHP01886,绞股蓝,0.9117325311538462,247.0,247.0,221.0,104.0
654,CHP03024,牛膝,0.9117297296,162.0,162.0,117.0,25.0
655,CHP00875,杜茎山,0.9117293289999999,25.0,25.0,10.0,10.0
656,CHP02495,罗汉果,0.9117167385185185,102.0,102.0,64.0,27.0
657,CHP01118,甘草,0.9116891270588235,341.0,341.0,91.0,17.0
658,CHP01065,凤尾草,0.9116716,56.0,56.0,20.0,5.0
659,CHP04306,威灵仙,0.9116437833333334,40.0,40.0,22.0,12.0
660,CHP03323,人参叶,0.9115828895238094,75.0,75.0,47.0,21.0
661,CHP00802,东方狗脊,0.9115421499999999,12.0,12.0,5.0,3.0
662,CHP02658,猫爪草,0.91148613,22.0,22.0,9.0,2.0
663,CHP01935,金雀根,0.9113747,1.0,1.0,1.0,1.0
664,CHP01363,荷花玉兰,0.9113742499999999,11.0,11.0,4.0,2.0
665,CHP00201,半边莲,0.9113531599999999,96.0,96.0,37.0,6.0
666,CHP02507,萝芙木,0.9113175,28.0,28.0,11.0,1.0
667,CHP03461,砂仁,0.9112996657142857,64.0,64.0,25.0,7.0
668,CHP00044,芭蕉花,0.91129464,9.0,9.0,3.0,1.0
669,CHP03429,桑椹,0.91122133,33.0,33.0,13.0,5.0
670,CHP03050,欧当归,0.9111412,3.0,3.0,1.0,1.0
671,CHP00227,北豆,0.9111387333333333,16.0,16.0,8.0,3.0
672,CHP00212,半枝莲,0.91113546,113.0,113.0,35.0,6.0
673,CHP01130,甘遂,0.9111284121428571,63.0,63.0,45.0,14.0
674,CHP02060,爵床,0.9111018225,29.0,29.0,7.0,4.0
675,CHP05319,远志,0.911014404,120.0,120.0,64.0,5.0
676,CHP04863,荨麻,0.9109707499999999,13.0,13.0,6.0,2.0
677,CHP04826,悬钩子,0.91093745,5.0,5.0,4.0,2.0
678,CHP01596,华千金藤,0.9108431,8.0,8.0,3.0,1.0
679,CHP04896,烟窝草,0.9108111999999999,9.0,9.0,2.0,2.0
680,CHP01558,虎掌草,0.9107914699999999,5.0,5.0,3.0,3.0
681,CHP02583,马铃薯,0.9107817,5.0,5.0,1.0,1.0
682,CHP04095,天南星,0.9107812133333333,42.0,42.0,11.0,3.0
683,CHP00361,陈皮,0.9107299766666667,103.0,103.0,20.0,6.0
684,CHP00229,北沙参,0.9107114866666666,105.0,105.0,58.0,9.0
685,CHP04018,娑罗子,0.91067323,11.0,11.0,7.0,3.0
686,CHP00306,藏红花,0.9106553650000001,134.0,134.0,46.0,6.0
687,CHP00948,莪术,0.910652198,226.0,226.0,65.0,5.0
688,CHP00638,当归,0.91064405375,171.0,171.0,54.0,8.0
689,CHP03687,省沽油,0.91062165,13.0,13.0,9.0,2.0
690,CHP03344,肉桂,0.9105975533333334,21.0,21.0,10.0,3.0
691,CHP00779,丁香,0.91038493875,137.0,137.0,48.0,8.0
692,CHP04902,芫荽子,0.9103777,17.0,17.0,8.0,1.0
693,CHP01242,谷精草,0.9102782700000001,20.0,20.0,7.0,2.0
694,CHP00251,边缘鳞盖蕨,0.91020653,14.0,14.0,6.0,2.0
695,CHP02998,牛角瓜,0.91019702,2.0,2.0,2.0,2.0
696,CHP03256,青葙子,0.910181444,18.0,18.0,13.0,5.0
697,CHP05687,紫菀,0.9099327866666668,28.0,28.0,15.0,3.0
698,CHP05338,云南甘草,0.909914535,14.0,14.0,8.0,4.0
699,CHP01756,茴芹,0.9098286,25.0,25.0,15.0,2.0
700,CHP05675,紫杉,0.9097412764285713,102.0,102.0,48.0,14.0
701,CHP05380,泽泻,0.90971055,24.0,24.0,20.0,2.0
702,CHP00795,东北蛔蒿,0.9096775,3.0,3.0,3.0,1.0
703,CHP00456,刺五加,0.9096139145454546,53.0,53.0,28.0,11.0
704,CHP01968,金盏菊,0.9095544069999999,44.0,44.0,25.0,10.0
705,CHP02250,了哥王根,0.909537,7.0,7.0,4.0,1.0
706,CHP01620,槐,0.90950314,13.0,13.0,8.0,4.0
707,CHP06047,熊胆,0.9094426,6.0,6.0,5.0,1.0
708,CHP04958,羊角拗,0.9094283000000001,10.0,10.0,5.0,3.0
709,CHP02017,桔梗,0.9093853411428572,99.0,99.0,75.0,35.0
710,CHP03104,啤酒花,0.90938026,54.0,54.0,3.0,1.0
711,CHP06001,麝香,0.9093548140000001,33.0,33.0,17.0,10.0
712,CHP00806,东风橘根,0.9093144,27.0,27.0,5.0,2.0
713,CHP00371,秤钩风,0.909309615,10.0,10.0,6.0,4.0
714,CHP00336,茶子,0.9093054114285714,13.0,13.0,7.0,7.0
715,CHP02656,猫须草,0.9092702475000001,49.0,49.0,22.0,4.0
716,CHP01370,鹤虱,0.9092561800000001,29.0,29.0,11.0,8.0
717,CHP03439,沙参,0.9092395133333332,44.0,44.0,13.0,3.0
718,CHP00303,苍术,0.9091800957142857,111.0,111.0,37.0,7.0
719,CHP05377,泽漆,0.909166485,39.0,39.0,22.0,4.0
720,CHP00384,赤小豆,0.9091459528571428,52.0,52.0,36.0,14.0
721,CHP01272,贯叶连翘,0.90908738,32.0,32.0,15.0,2.0
722,CHP00140,白首乌,0.9090731750000001,40.0,40.0,20.0,6.0
723,CHP04244,土三七,0.9090235566666668,15.0,15.0,5.0,3.0
724,CHP02913,苜蓿,0.9089901,6.0,6.0,3.0,1.0
725,CHP00595,大叶糖胶树,0.9089629999999999,45.0,45.0,24.0,7.0
726,CHP04629,小檗,0.90889996,11.0,11.0,4.0,1.0
727,CHP04372,无患子,0.90889479375,16.0,16.0,11.0,8.0
728,CHP01983,荆芥,0.9088874866666666,81.0,81.0,30.0,3.0
729,CHP04816,徐长卿,0.9088026680000001,15.0,15.0,5.0,5.0
730,CHP00641,党参,0.9087144471428571,65.0,65.0,32.0,7.0
731,CHP00812,冬瓜皮,0.9087090246153846,174.0,174.0,49.0,13.0
732,CHP01096,浮萍,0.9086939,38.0,38.0,9.0,1.0
733,CHP00175,百脉根,0.9084613,15.0,15.0,6.0,1.0
734,CHP04114,甜茶,0.9084446,2.0,2.0,1.0,1.0
735,CHP01550,虎刺,0.908426775,17.0,17.0,5.0,2.0
736,CHP00350,常山,0.9083607325,67.0,67.0,18.0,4.0
737,CHP03500,山豆根,0.9082949666666668,52.0,52.0,19.0,3.0
738,CHP02602,马醉木,0.9082138614285714,14.0,14.0,8.0,7.0
739,CHP03266,清明花,0.9081721833333334,5.0,5.0,5.0,3.0
740,CHP00720,地榆,0.9081691555555556,95.0,95.0,76.0,9.0
741,CHP02914,苜蓿根,0.9081596,2.0,2.0,2.0,1.0
742,CHP03389,三棱,0.908157375,16.0,16.0,10.0,2.0
743,CHP00319,草莓,0.9081109,2.0,2.0,1.0,1.0
744,CHP03194,芡实,0.9081025,3.0,3.0,2.0,1.0
745,CHP00406,楮实子,0.9079698,45.0,45.0,10.0,1.0
746,CHP02137,苦玄参,0.9078885,20.0,20.0,10.0,5.0
747,CHP00710,地梭罗,0.90784246,35.0,35.0,6.0,1.0
748,CHP04521,夏天无,0.9077569,5.0,5.0,3.0,1.0
749,CHP00186,柏子仁,0.9077528,47.0,47.0,8.0,1.0
750,CHP00694,地锦草,0.9077363100000001,38.0,38.0,24.0,3.0
751,CHP02109,苦蒿,0.9077022525,12.0,12.0,5.0,4.0
752,CHP06111,灵芝,0.9074994241666667,283.0,283.0,183.0,12.0
753,CHP01007,防风,0.90747035,38.0,38.0,12.0,1.0
754,CHP05096,野罂粟,0.9074415,6.0,6.0,1.0,1.0
755,CHP04834,雪胆,0.90730875,15.0,15.0,5.0,2.0
756,CHP03487,山橙,0.9073038,6.0,6.0,2.0,1.0
757,CHP01228,枸骨叶,0.90720061,44.0,44.0,32.0,10.0
758,CHP02178,莱菔,0.90704614,5.0,5.0,1.0,1.0
759,CHP01751,灰叶根,0.9070207,22.0,22.0,2.0,1.0
760,CHP06127,树舌,0.9069593333333333,46.0,46.0,24.0,3.0
761,CHP01058,蜂斗菜,0.9068627874999999,94.0,94.0,33.0,4.0
762,CHP04164,铁丝灵仙,0.906764535,14.0,14.0,9.0,2.0
763,CHP02450,芦竹根,0.90673304,11.0,11.0,1.0,1.0
764,CHP02638,芒果,0.906709465,36.0,36.0,12.0,4.0
765,CHP00326,侧柏叶,0.90666026,90.0,90.0,24.0,1.0
766,CHP02554,麻牛膝,0.9066495849999999,15.0,15.0,7.0,4.0
767,CHP01288,光叶巴豆,0.906639,24.0,24.0,7.0,1.0
768,CHP02842,牡丹皮,0.906597624,67.0,67.0,25.0,5.0
769,CHP00040,巴拿马山石榴,0.9065971166666668,10.0,10.0,7.0,6.0
770,CHP02337,辽东楤木,0.90640851375,19.0,19.0,9.0,8.0
771,CHP06113,马勃,0.9063838,20.0,20.0,8.0,1.0
772,CHP00678,地骨皮,0.9063606,34.0,34.0,17.0,2.0
773,CHP01114,覆盆子,0.9063407066666667,52.0,52.0,21.0,3.0
774,CHP00693,地锦,0.9063136700000001,6.0,6.0,5.0,2.0
775,CHP01876,胶质鼠尾草,0.9063053,3.0,3.0,1.0,1.0
776,CHP02314,莲子心,0.9062692,11.0,11.0,2.0,1.0
777,CHP03360,蕤仁,0.9062689,3.0,3.0,1.0,1.0
778,CHP04599,响铃草,0.90622056,11.0,11.0,5.0,1.0
779,CHP01773,鸡肠狼毒,0.9061376499999999,18.0,18.0,8.0,3.0
780,CHP05320,月桂叶,0.90613097,6.0,6.0,3.0,1.0
781,CHP05205,迎春花,0.90602604625,13.0,13.0,9.0,8.0
782,CHP03182,千里光,0.90587676,35.0,35.0,19.0,1.0
783,CHP01964,金樱子,0.9057494914285714,45.0,45.0,33.0,7.0
784,CHP03263,清风藤,0.9057379,11.0,11.0,5.0,1.0
785,CHP04466,豨莶草,0.9057002350000001,56.0,56.0,35.0,2.0
786,CHP04075,藤黄,0.9056362533333333,96.0,96.0,23.0,3.0
787,CHP02604,买麻藤,0.9056185,39.0,39.0,17.0,2.0
788,CHP05964,牛肾,0.90558004,6.0,6.0,2.0,1.0
789,CHP00797,东北雷公藤,0.9055536666666667,38.0,38.0,23.0,3.0
790,CHP03778,柿叶,0.9055149,14.0,14.0,6.0,1.0
791,CHP00403,除虫菊,0.9054308,16.0,16.0,3.0,1.0
792,CHP03328,忍冬藤,0.90539339,16.0,16.0,14.0,6.0
793,CHP03630,商陆,0.9052592481249999,93.0,93.0,52.0,16.0
794,CHP03162,漆大姑,0.90525246,4.0,4.0,3.0,1.0
795,CHP05647,紫金牛根,0.90524435,7.0,7.0,3.0,1.0
796,CHP04422,五桠果,0.905218865,4.0,4.0,2.0,2.0
797,CHP02463,鹿角菜,0.9050649,7.0,7.0,4.0,1.0
798,CHP01002,繁缕,0.9049257,9.0,9.0,4.0,1.0
799,CHP02420,龙牙楤木,0.90490264,5.0,5.0,1.0,1.0
800,CHP01600,华山矾,0.9048246,10.0,10.0,6.0,1.0
801,CHP03257,青羊参,0.90474796,2.0,2.0,2.0,1.0
802,CHP04054,唐松草,0.90468633,68.0,68.0,1.0,1.0
803,CHP01460,红毛七,0.9046749,9.0,9.0,4.0,1.0
804,CHP04647,小构树,0.904643885,21.0,21.0,7.0,2.0
805,CHP05132,一年蓬,0.90463889,22.0,22.0,13.0,4.0
806,CHP01043,风毛菊,0.9045535,8.0,8.0,2.0,2.0
807,CHP02356,凌霄,0.904435,6.0,6.0,2.0,1.0
808,CHP03871,水龙骨,0.90418276,25.0,25.0,11.0,2.0
809,CHP03148,铺地蜈蚣,0.9041773375,14.0,14.0,10.0,4.0
810,CHP01296,广金钱草,0.90416948,21.0,21.0,8.0,2.0
811,CHP02166,腊梅花,0.90414447,5.0,5.0,2.0,1.0
812,CHP02541,葎草,0.90411395,31.0,31.0,4.0,3.0
813,CHP03587,山香圆,0.90407383,6.0,6.0,5.0,1.0
814,CHP05360,芸香,0.9039885,42.0,42.0,4.0,1.0
815,CHP01912,金合欢,0.9038909100000001,11.0,11.0,5.0,2.0
816,CHP05882,鸡肉,0.9037759,1.0,1.0,1.0,1.0
817,CHP03185,千年健,0.9037676,25.0,25.0,17.0,4.0
818,CHP00455,刺桐,0.90375644,104.0,104.0,7.0,1.0
819,CHP00670,地胆草,0.90367395,10.0,10.0,5.0,2.0
820,CHP00292,布渣叶,0.90359056,20.0,20.0,8.0,1.0
821,CHP01853,剪秋罗,0.90357935,3.0,3.0,1.0,1.0
822,CHP03097,皮哨子,0.90345716,5.0,5.0,3.0,1.0
823,CHP01580,华东膜蕨,0.90335476,25.0,25.0,17.0,1.0
824,CHP05286,玉米须,0.90329206,13.0,13.0,7.0,1.0
825,CHP02357,凌霄花,0.90327024,33.0,33.0,14.0,1.0
826,CHP00422,穿心莲,0.903068905,100.0,100.0,33.0,2.0
827,CHP05211,瘿花香茶菜,0.9030651000000001,6.0,6.0,3.0,2.0
828,CHP02520,落葵花,0.9030572,9.0,9.0,7.0,1.0
829,CHP03102,枇杷叶,0.90304828,89.0,89.0,51.0,3.0
830,CHP01089,佛甲草,0.9030105,8.0,8.0,2.0,1.0
831,CHP00454,刺楸树皮,0.9029404750000001,11.0,11.0,6.0,2.0
832,CHP00206,半边苏,0.90289897,35.0,35.0,8.0,1.0
833,CHP03486,山沉香,0.9028428,16.0,16.0,5.0,1.0
834,CHP04717,小通草,0.902822008,14.0,14.0,6.0,5.0
835,CHP01076,凤眼草,0.90276882,8.0,8.0,8.0,3.0
836,CHP03226,青果,0.902646115,14.0,14.0,8.0,2.0
837,CHP00079,白果槲寄生,0.90258694,4.0,4.0,2.0,1.0
838,CHP03585,山香,0.90257245,12.0,12.0,10.0,1.0
839,CHP03302,瞿麦,0.9024912,10.0,10.0,5.0,1.0
840,CHP03550,山柳,0.9024623,2.0,2.0,1.0,1.0
841,CHP00560,大头橐吾,0.9022399,6.0,6.0,3.0,1.0
842,CHP00949,峨参,0.902222455,16.0,16.0,3.0,2.0
843,CHP03673,肾茶,0.9022163,27.0,27.0,25.0,1.0
844,CHP00183,柏树叶,0.90213144,6.0,6.0,2.0,1.0
845,CHP01338,海金砂,0.90201205,28.0,28.0,9.0,1.0
846,CHP05329,越橘叶,0.90193737,3.0,3.0,2.0,1.0
847,CHP00597,大叶仙茅,0.90193665,24.0,24.0,10.0,1.0
848,CHP01257,关苍术,0.90191776,4.0,4.0,1.0,1.0
849,CHP03204,枪刀药,0.90181714,28.0,28.0,12.0,1.0
850,CHP02847,木半夏根,0.90180475,3.0,3.0,2.0,1.0
851,CHP00003,阿魏,0.9017445,133.0,133.0,32.0,1.0
852,CHP01245,骨碎补,0.90154684,37.0,37.0,26.0,1.0
853,CHP00060,白车轴草,0.9015067,26.0,26.0,11.0,1.0
854,CHP01965,金鱼藤,0.9014400300000001,11.0,11.0,6.0,2.0
855,CHP04324,文冠果,0.9013850649999999,4.0,4.0,4.0,2.0
856,CHP05154,异叶梁王茶,0.90127293,8.0,8.0,4.0,2.0
857,CHP01663,黄花稔,0.9009692,11.0,11.0,4.0,1.0
858,CHP00327,侧柏枝节,0.900949,42.0,42.0,13.0,1.0
859,CHP02469,鹿衔草,0.9007344,11.0,11.0,7.0,1.0
860,CHP03867,水蓼,0.9007193,12.0,12.0,6.0,1.0
861,CHP05670,紫萁,0.9007181,2.0,2.0,2.0,1.0
862,CHP00305,藏边大黄,0.9005338,28.0,28.0,10.0,1.0
863,CHP01125,甘青铁线莲,0.90038043,6.0,6.0,2.0,1.0
864,CHP01822,蕺叶秋海棠,0.900304,3.0,3.0,2.0,1.0
865,CHP04571,香茅,0.90027297,3.0,3.0,1.0,1.0
866,CHP03456,沙枣树皮,0.90024817,2.0,2.0,1.0,1.0
867,CHP03863,水苦荬,0.9001168,6.0,6.0,3.0,1.0
868,CHP02293,栗树皮,0.0,2.0,2.0,1.0,0.0
869,CHP02296,痢止蒿,0.0,4.0,4.0,2.0,0.0
870,CHP02304,莲房,0.0,5.0,5.0,5.0,0.0
871,CHP02305,莲花,0.0,17.0,17.0,2.0,0.0
872,CHP02306,莲蓬草,0.0,3.0,3.0,0.0,0.0
873,CHP02310,莲叶橐吾,0.0,12.0,12.0,0.0,0.0
874,CHP01788,鸡冠子,0.0,1.0,1.0,0.0,0.0
875,CHP02218,莨菪根,0.0,4.0,4.0,2.0,0.0
876,CHP02222,老鹳草,0.0,22.0,22.0,8.0,0.0
877,CHP02239,老鼠瓜,0.0,5.0,5.0,2.0,0.0
878,CHP02244,老鸦柿,0.0,6.0,6.0,2.0,0.0
879,CHP02258,棱子芹,0.0,4.0,4.0,0.0,0.0
880,CHP02270,藜草,0.0,3.0,3.0,0.0,0.0
881,CHP02282,荔枝叶,0.0,6.0,6.0,2.0,0.0
882,CHP01748,黄紫堇,0.0,3.0,3.0,0.0,0.0
883,CHP01750,灰叶,0.0,8.0,8.0,2.0,0.0
884,CHP01758,茴香根,0.0,1.0,1.0,0.0,0.0
885,CHP01759,茴香茎叶,0.0,4.0,4.0,2.0,0.0
886,CHP01763,火索麻,0.0,8.0,8.0,0.0,0.0
887,CHP02427,龙眼肉,0.0,1.0,1.0,1.0,0.0
888,CHP01712,黄皮根,0.0,2.0,2.0,1.0,0.0
889,CHP01719,黄杞,0.0,8.0,8.0,3.0,0.0
890,CHP01724,黄秦艽,0.0,2.0,2.0,0.0,0.0
891,CHP01733,黄蜀葵花,0.0,1.0,1.0,1.0,0.0
892,CHP01739,黄菀,0.0,7.0,7.0,3.0,0.0
893,CHP01740,黄心果,0.0,15.0,15.0,0.0,0.0
894,CHP02367,琉璃草,0.0,27.0,27.0,12.0,0.0
895,CHP02371,柳穿鱼,0.0,9.0,9.0,3.0,0.0
896,CHP02375,柳杉,0.0,21.0,21.0,13.0,0.0
897,CHP02397,龙船花,0.0,11.0,11.0,0.0,0.0
898,CHP02410,龙脑膏香,0.0,15.0,15.0,7.0,0.0
899,CHP02416,龙须藤,0.0,28.0,28.0,8.0,0.0
900,CHP01884,角蒿,0.0,10.0,10.0,6.0,0.0
901,CHP01885,角茴香,0.0,4.0,4.0,0.0,0.0
902,CHP01888,接骨丹,0.0,1.0,1.0,0.0,0.0
903,CHP02333,亮叶桦皮,0.0,3.0,3.0,0.0,0.0
904,CHP02339,蓼实,0.0,2.0,2.0,1.0,0.0
905,CHP01610,化香树果,0.0,1.0,1.0,0.0,0.0
906,CHP01614,桦树皮,0.0,5.0,5.0,2.0,0.0
907,CHP01641,黄甘草,0.0,4.0,4.0,2.0,0.0
908,CHP01644,黄瓜,0.0,22.0,22.0,6.0,0.0
909,CHP01665,黄花铁线莲,0.0,3.0,3.0,1.0,0.0
910,CHP02517,落花生,0.0,24.0,24.0,12.0,0.0
911,CHP02519,落葵,0.0,1.0,1.0,1.0,0.0
912,CHP02523,落新妇,0.0,18.0,18.0,0.0,0.0
913,CHP02525,驴蹄草,0.0,1.0,1.0,0.0,0.0
914,CHP02527,吕宋楸毛,0.0,6.0,6.0,0.0,0.0
915,CHP01594,华南皂荚,0.0,1.0,1.0,1.0,0.0
916,CHP01598,华桑,0.0,14.0,14.0,3.0,0.0
917,CHP02459,鹿葱,0.0,1.0,1.0,0.0,0.0
918,CHP02470,路边姜,0.0,5.0,5.0,0.0,0.0
919,CHP02477,露蕊乌头,0.0,5.0,5.0,2.0,0.0
920,CHP02494,罗锅底,0.0,9.0,9.0,5.0,0.0
921,CHP02514,骆驼蓬,0.0,5.0,5.0,1.0,0.0
922,CHP02515,骆驼蓬子,0.0,2.0,2.0,0.0,0.0
923,CHP01764,火炭母草,0.0,1.0,1.0,1.0,0.0
924,CHP01767,火焰花,0.0,6.0,6.0,3.0,0.0
925,CHP01774,鸡蛋参,0.0,2.0,2.0,0.0,0.0
926,CHP01775,鸡蛋果,0.0,2.0,2.0,0.0,0.0
927,CHP01786,鸡冠花,0.0,6.0,6.0,2.0,0.0
928,CHP02456,陆地棉,0.0,3.0,3.0,0.0,0.0
929,CHP02457,陆英,0.0,2.0,2.0,1.0,0.0
930,CHP02630,蔓荆,0.0,20.0,20.0,5.0,0.0
931,CHP02633,蔓性千斤拔,0.0,3.0,3.0,1.0,0.0
932,CHP02639,芒果核,0.0,5.0,5.0,0.0,0.0
933,CHP02640,芒果叶,0.0,2.0,2.0,0.0,0.0
934,CHP02644,芒萁骨,0.0,2.0,2.0,1.0,0.0
935,CHP02649,莽草根,0.0,2.0,2.0,1.0,0.0
936,CHP02547,麻黄根,0.0,21.0,21.0,15.0,0.0
937,CHP02561,马比木,0.0,1.0,1.0,0.0,0.0
938,CHP02582,马蔺子,0.0,3.0,3.0,0.0,0.0
939,CHP02589,马桑根,0.0,1.0,1.0,1.0,0.0
940,CHP02597,马先蒿,0.0,2.0,2.0,1.0,0.0
941,CHP02600,马银花,0.0,2.0,2.0,1.0,0.0
942,CHP01708,黄缅桂,0.0,2.0,2.0,1.0,0.0
943,CHP02531,绿豆皮,0.0,2.0,2.0,0.0,0.0
944,CHP02537,绿绒蒿,0.0,30.0,30.0,7.0,0.0
945,CHP02539,绿笋片,0.0,2.0,2.0,0.0,0.0
946,CHP02540,绿玉树,0.0,2.0,2.0,1.0,0.0
947,CHP02544,麻根,0.0,6.0,6.0,4.0,0.0
948,CHP02545,麻花,0.0,6.0,6.0,0.0,0.0
949,CHP01669,黄花远志,0.0,21.0,21.0,10.0,0.0
950,CHP01675,黄堇,0.0,3.0,3.0,1.0,0.0
951,CHP01676,黄荆,0.0,15.0,15.0,7.0,0.0
952,CHP01677,黄荆根,0.0,2.0,2.0,0.0,0.0
953,CHP01679,黄荆叶,0.0,31.0,31.0,7.0,0.0
954,CHP01693,黄龙胆,0.0,16.0,16.0,6.0,0.0
955,CHP01695,黄栌,0.0,5.0,5.0,1.0,0.0
956,CHP01697,黄栌枝叶,0.0,2.0,2.0,0.0,0.0
957,CHP01551,虎耳草,0.0,7.0,7.0,6.0,0.0
958,CHP01555,虎尾兰,0.0,2.0,2.0,1.0,0.0
959,CHP01560,虎杖,0.0,14.0,14.0,4.0,0.0
960,CHP01563,花椒簕,0.0,1.0,1.0,0.0,0.0
961,CHP01566,花锚,0.0,4.0,4.0,2.0,0.0
962,CHP01570,花生油,0.0,3.0,3.0,2.0,0.0
963,CHP01578,华北白前,0.0,13.0,13.0,3.0,0.0
964,CHP01499,红直獐牙菜,0.0,1.0,1.0,0.0,0.0
965,CHP01505,厚皮树,0.0,5.0,5.0,0.0,0.0
966,CHP01517,胡萝卜,0.0,8.0,8.0,2.0,0.0
967,CHP01520,胡麻仁,0.0,1.0,1.0,0.0,0.0
968,CHP01524,胡桃树皮,0.0,8.0,8.0,4.0,0.0
969,CHP01525,胡桃叶,0.0,2.0,2.0,1.0,0.0
970,CHP01546,槲叶,0.0,1.0,1.0,1.0,0.0
971,CHP01549,蝴蝶花,0.0,7.0,7.0,2.0,0.0
972,CHP02697,毛莲蒿,0.0,1.0,1.0,0.0,0.0
973,CHP02707,毛葡萄,0.0,1.0,1.0,1.0,0.0
974,CHP02716,毛桐,0.0,11.0,11.0,1.0,0.0
975,CHP02739,茅膏菜,0.0,3.0,3.0,2.0,0.0
976,CHP02745,茅莓,0.0,2.0,2.0,1.0,0.0
977,CHP02746,茅香,0.0,2.0,2.0,1.0,0.0
978,CHP02749,玫瑰,0.0,3.0,3.0,1.0,0.0
979,CHP02750,玫瑰花,0.0,49.0,49.0,12.0,0.0
980,CHP02659,毛八角枫,0.0,1.0,1.0,0.0,0.0
981,CHP02661,毛白杨,0.0,13.0,13.0,4.0,0.0
982,CHP02663,毛草龙,0.0,6.0,6.0,3.0,0.0
983,CHP02670,毛大丁草,0.0,9.0,9.0,2.0,0.0
984,CHP02675,毛冬青,0.0,5.0,5.0,3.0,0.0
985,CHP02683,毛贯众,0.0,4.0,4.0,0.0,0.0
986,CHP02685,毛诃子,0.0,5.0,5.0,2.0,0.0
987,CHP02908,木贼,0.0,16.0,16.0,7.0,0.0
988,CHP02909,木竹子,0.0,64.0,64.0,10.0,0.0
989,CHP01753,回回豆,0.0,14.0,14.0,2.0,0.0
990,CHP02918,南板蓝根,0.0,4.0,4.0,1.0,0.0
991,CHP02920,南川升麻,0.0,2.0,2.0,0.0,0.0
992,CHP02924,南方菟丝子,0.0,4.0,4.0,2.0,0.0
993,CHP02925,南瓜,0.0,3.0,3.0,0.0,0.0
994,CHP02844,牡蒿,0.0,2.0,2.0,1.0,0.0
995,CHP02861,木防己,0.0,13.0,13.0,1.0,0.0
996,CHP02869,木蝴蝶,0.0,22.0,22.0,7.0,0.0
997,CHP02872,木姜子,0.0,8.0,8.0,2.0,0.0
998,CHP02892,木麻黄,0.0,11.0,11.0,7.0,0.0
999,CHP02896,木棉花,0.0,47.0,47.0,11.0,0.0
1000,CHP02796,米仔兰,0.0,12.0,12.0,5.0,0.0
1001,CHP02813,绵藤,0.0,1.0,1.0,1.0,0.0
1002,CHP02815,棉花,0.0,1.0,1.0,0.0,0.0
1003,CHP02816,棉花根,0.0,9.0,9.0,0.0,0.0
1004,CHP02821,缅枣,0.0,4.0,4.0,2.0,0.0
1005,CHP02824,明党参,0.0,4.0,4.0,1.0,0.0
1006,CHP02831,魔芋,0.0,1.0,1.0,0.0,0.0
1007,CHP02834,茉莉花,0.0,2.0,2.0,1.0,0.0
1008,CHP01593,华南吴茱萸,0.0,4.0,4.0,1.0,0.0
1009,CHP02769,美人蕉,0.0,4.0,4.0,2.0,0.0
1010,CHP02777,蒙自草胡椒,0.0,9.0,9.0,0.0,0.0
1011,CHP02782,迷果芹,0.0,1.0,1.0,0.0,0.0
1012,CHP02784,猕猴桃,0.0,2.0,2.0,1.0,0.0
1013,CHP02785,猕猴桃根,0.0,5.0,5.0,1.0,0.0
1014,CHP02789,米皮糠,0.0,10.0,10.0,2.0,0.0
1015,CHP01450,红筷子,0.0,3.0,3.0,1.0,0.0
1016,CHP01463,红毛野海棠,0.0,2.0,2.0,1.0,0.0
1017,CHP01469,红母鸡草,0.0,11.0,11.0,2.0,0.0
1018,CHP01470,红木香,0.0,12.0,12.0,0.0,0.0
1019,CHP01472,红楠,0.0,6.0,6.0,0.0,0.0
1020,CHP01480,红雀珊瑚,0.0,2.0,2.0,1.0,0.0
1021,CHP01375,黑豆衣,0.0,2.0,2.0,1.0,0.0
1022,CHP01381,黑壳楠,0.0,8.0,8.0,1.0,0.0
1023,CHP01387,黑水翠雀,0.0,3.0,3.0,0.0,0.0
1024,CHP01420,红根草,0.0,6.0,6.0,3.0,0.0
1025,CHP01430,红花龙胆,0.0,3.0,3.0,1.0,0.0
1026,CHP01431,红花鹿蹄草,0.0,8.0,8.0,4.0,0.0
1027,CHP01432,红花绿绒蒿,0.0,9.0,9.0,2.0,0.0
1028,CHP01449,红景天,0.0,44.0,44.0,5.0,0.0
1029,CHP02967,柠檬,0.0,8.0,8.0,1.0,0.0
1030,CHP02970,柠檬桉叶,0.0,5.0,5.0,3.0,0.0
1031,CHP02971,柠檬根,0.0,2.0,2.0,0.0,0.0
1032,CHP02972,柠檬皮,0.0,6.0,6.0,3.0,0.0
1033,CHP02982,牛蒡,0.0,12.0,12.0,0.0,0.0
1034,CHP02983,牛蒡根,0.0,3.0,3.0,0.0,0.0
1035,CHP01369,鹤草芽,0.0,3.0,3.0,1.0,0.0
1036,CHP02930,南瓜子,0.0,13.0,13.0,2.0,0.0
1037,CHP02938,南蛇藤,0.0,4.0,4.0,1.0,0.0
1038,CHP02939,南蛇藤根,0.0,23.0,23.0,15.0,0.0
1039,CHP02941,南蛇藤叶,0.0,1.0,1.0,1.0,0.0
1040,CHP02942,南酸枣,0.0,4.0,4.0,1.0,0.0
1041,CHP02945,南天竹根,0.0,5.0,5.0,0.0,0.0
1042,CHP02946,南天竹梗,0.0,1.0,1.0,0.0,0.0
1043,CHP02947,南天竹叶,0.0,4.0,4.0,3.0,0.0
1044,CHP01326,桂枝,0.0,57.0,57.0,11.0,0.0
1045,CHP01327,桂竹香,0.0,3.0,3.0,2.0,0.0
1046,CHP01337,海红豆,0.0,6.0,6.0,1.0,0.0
1047,CHP01339,海韭菜,0.0,4.0,4.0,2.0,0.0
1048,CHP01346,含羞草,0.0,8.0,8.0,3.0,0.0
1049,CHP01347,韩信草,0.0,4.0,4.0,1.0,0.0
1050,CHP01348,蔊菜,0.0,2.0,2.0,1.0,0.0
1051,CHP01299,广西莪术,0.0,12.0,12.0,2.0,0.0
1052,CHP01302,广西九里香,0.0,6.0,6.0,0.0,0.0
1053,CHP01309,鬼箭锦鸡儿,0.0,11.0,11.0,0.0,0.0
1054,CHP01316,桂花,0.0,8.0,8.0,5.0,0.0
1055,CHP03081,炮姜,0.0,1.0,1.0,0.0,0.0
1056,CHP03083,蓬莪术,0.0,6.0,6.0,0.0,0.0
1057,CHP03084,蓬莱草,0.0,5.0,5.0,0.0,0.0
1058,CHP03087,蓬子菜,0.0,4.0,4.0,1.0,0.0
1059,CHP03094,披针叶野决明,0.0,5.0,5.0,0.0,0.0
1060,CHP03098,枇杷,0.0,6.0,6.0,3.0,0.0
1061,CHP03099,枇杷核,0.0,6.0,6.0,5.0,0.0
1062,CHP03010,牛奶树,0.0,4.0,4.0,0.0,0.0
1063,CHP03015,牛舌头,0.0,1.0,1.0,0.0,0.0
1064,CHP03022,牛西西,0.0,9.0,9.0,4.0,0.0
1065,CHP03051,欧活血丹,0.0,8.0,8.0,4.0,0.0
1066,CHP03053,欧鼠李,0.0,2.0,2.0,2.0,0.0
1067,CHP03056,藕节,0.0,1.0,1.0,1.0,0.0
1068,CHP03075,泡桐,0.0,4.0,4.0,0.0,0.0
1069,CHP03077,泡桐果,0.0,2.0,2.0,0.0,0.0
1070,CHP03199,茜草根,0.0,11.0,11.0,2.0,0.0
1071,CHP03212,乔木紫珠,0.0,1.0,1.0,0.0,0.0
1072,CHP03215,茄子根,0.0,4.0,4.0,2.0,0.0
1073,CHP03216,窃衣,0.0,1.0,1.0,1.0,0.0
1074,CHP03223,青黛,0.0,2.0,2.0,2.0,0.0
1075,CHP03159,桤木,0.0,3.0,3.0,1.0,0.0
1076,CHP03177,千解草,0.0,4.0,4.0,2.0,0.0
1077,CHP03184,千年艾,0.0,1.0,1.0,0.0,0.0
1078,CHP03186,千屈菜,0.0,28.0,28.0,2.0,0.0
1079,CHP03187,千日红,0.0,12.0,12.0,6.0,0.0
1080,CHP03119,婆罗门参,0.0,8.0,8.0,2.0,0.0
1081,CHP03120,婆罗门皂荚,0.0,9.0,9.0,1.0,0.0
1082,CHP03124,破布木,0.0,5.0,5.0,2.0,0.0
1083,CHP03130,葡萄,0.0,12.0,12.0,5.0,0.0
1084,CHP03132,葡萄柚,0.0,7.0,7.0,2.0,0.0
1085,CHP03135,蒲黄,0.0,12.0,12.0,6.0,0.0
1086,CHP03139,蒲桃,0.0,33.0,33.0,5.0,0.0
1087,CHP01349,旱莲花,0.0,2.0,2.0,0.0,0.0
1088,CHP01351,诃子,0.0,34.0,34.0,19.0,0.0
1089,CHP01362,荷梗,0.0,1.0,1.0,0.0,0.0
1090,CHP01366,核桃楸果仁,0.0,6.0,6.0,1.0,0.0
1091,CHP03105,辟汗草,0.0,1.0,1.0,0.0,0.0
1092,CHP03107,偏翅唐松草,0.0,3.0,3.0,0.0,0.0
1093,CHP03114,瓶尔小草,0.0,2.0,2.0,1.0,0.0
1094,CHP03116,萍蓬草,0.0,6.0,6.0,4.0,0.0
1095,CHP01255,拐芹,0.0,2.0,2.0,0.0,0.0
1096,CHP01261,关木通,0.0,12.0,12.0,4.0,0.0
1097,CHP01262,观音草,0.0,1.0,1.0,0.0,0.0
1098,CHP03309,雀梅藤,0.0,2.0,2.0,0.0,0.0
1099,CHP03314,蘘荷,0.0,11.0,11.0,0.0,0.0
1100,CHP01216,狗屎花,0.0,1.0,1.0,0.0,0.0
1101,CHP01226,枸骨根,0.0,1.0,1.0,1.0,0.0
1102,CHP01230,枸橘,0.0,12.0,12.0,1.0,0.0
1103,CHP01232,枸橘核,0.0,4.0,4.0,0.0,0.0
1104,CHP01234,枸杞,0.0,15.0,15.0,2.0,0.0
1105,CHP01244,骨节草,0.0,6.0,6.0,5.0,0.0
1106,CHP03273,秋枫木,0.0,3.0,3.0,1.0,0.0
1107,CHP03274,秋海棠,0.0,5.0,5.0,1.0,0.0
1108,CHP03299,驱虫斑鸠菊,0.0,1.0,1.0,0.0,0.0
1109,CHP03306,拳参,0.0,3.0,3.0,3.0,0.0
1110,CHP01193,葛蕈,0.0,16.0,16.0,0.0,0.0
1111,CHP01201,功劳子,0.0,1.0,1.0,0.0,0.0
1112,CHP01211,狗脊,0.0,29.0,29.0,0.0,0.0
1113,CHP03243,青皮,0.0,2.0,2.0,0.0,0.0
1114,CHP03245,青钱柳,0.0,4.0,4.0,2.0,0.0
1115,CHP03254,青葙,0.0,3.0,3.0,0.0,0.0
1116,CHP03270,苘麻子,0.0,3.0,3.0,1.0,0.0
1117,CHP01156,岗松,0.0,1.0,1.0,0.0,0.0
1118,CHP01159,杠香藤,0.0,3.0,3.0,1.0,0.0
1119,CHP01163,高粱,0.0,6.0,6.0,3.0,0.0
1120,CHP01167,高山黄华,0.0,6.0,6.0,1.0,0.0
1121,CHP01168,高山火绒草,0.0,17.0,17.0,6.0,0.0
1122,CHP01172,高山唐松草,0.0,3.0,3.0,0.0,0.0
1123,CHP01176,高乌头,0.0,5.0,5.0,2.0,0.0
1124,CHP01180,藁本,0.0,37.0,37.0,10.0,0.0
1125,CHP01111,阜康阿魏根,0.0,7.0,7.0,0.0,0.0
1126,CHP01122,甘葛藤根,0.0,3.0,3.0,0.0,0.0
1127,CHP01123,甘菊,0.0,2.0,2.0,2.0,0.0
1128,CHP01126,甘薯,0.0,8.0,8.0,5.0,0.0
1129,CHP01131,甘西鼠尾草,0.0,20.0,20.0,5.0,0.0
1130,CHP01143,干地黄,0.0,21.0,21.0,2.0,0.0
1131,CHP03401,三色堇,0.0,1.0,1.0,1.0,0.0
1132,CHP03416,三钻风,0.0,4.0,4.0,0.0,0.0
1133,CHP03425,桑根,0.0,2.0,2.0,0.0,0.0
1134,CHP01099,浮叶眼子菜,0.0,13.0,13.0,2.0,0.0
1135,CHP01104,福寿草,0.0,20.0,20.0,3.0,0.0
1136,CHP03317,荛花,0.0,5.0,5.0,2.0,0.0
1137,CHP03329,日中花,0.0,2.0,2.0,0.0,0.0
1138,CHP03353,入地蜈蚣,0.0,13.0,13.0,0.0,0.0
1139,CHP03365,瑞香花,0.0,2.0,2.0,0.0,0.0
1140,CHP03375,三叉凤尾蕨,0.0,1.0,1.0,1.0,0.0
1141,CHP03568,山稔叶,0.0,1.0,1.0,1.0,0.0
1142,CHP03569,山珊瑚,0.0,1.0,1.0,0.0,0.0
1143,CHP03589,山小橘,0.0,5.0,5.0,0.0,0.0
1144,CHP03595,山银柴胡,0.0,2.0,2.0,0.0,0.0
1145,CHP03601,山楂,0.0,25.0,25.0,7.0,0.0
1146,CHP03605,山楂叶,0.0,29.0,29.0,7.0,0.0
1147,CHP03541,山蒟,0.0,2.0,2.0,0.0,0.0
1148,CHP03545,山莨菪,0.0,5.0,5.0,2.0,0.0
1149,CHP03547,山里红,0.0,6.0,6.0,0.0,0.0
1150,CHP03552,山萝卜,0.0,1.0,1.0,0.0,0.0
1151,CHP03561,山柰,0.0,20.0,20.0,7.0,0.0
1152,CHP03565,山萩,0.0,5.0,5.0,1.0,0.0
1153,CHP03567,山棯叶,0.0,1.0,1.0,0.0,0.0
1154,CHP03491,山慈菇,0.0,50.0,50.0,11.0,0.0
1155,CHP03503,山矾,0.0,5.0,5.0,3.0,0.0
1156,CHP03504,山矾根,0.0,4.0,4.0,2.0,0.0
1157,CHP03506,山矾叶,0.0,4.0,4.0,1.0,0.0
1158,CHP03518,山胡椒,0.0,5.0,5.0,0.0,0.0
1159,CHP03520,山胡椒叶,0.0,2.0,2.0,0.0,0.0
1160,CHP03532,山姜,0.0,18.0,18.0,0.0,0.0
1161,CHP03449,沙塘木,0.0,9.0,9.0,0.0,0.0
1162,CHP03450,沙糖根,0.0,8.0,8.0,0.0,0.0
1163,CHP03453,沙枣,0.0,1.0,1.0,0.0,0.0
1164,CHP03464,砂生槐,0.0,1.0,1.0,0.0,0.0
1165,CHP01040,粪箕笃,0.0,4.0,4.0,2.0,0.0
1166,CHP01050,风箱树叶,0.0,1.0,1.0,1.0,0.0
1167,CHP01054,枫香寄生,0.0,3.0,3.0,1.0,0.0
1168,CHP01063,凤凰木,0.0,1.0,1.0,1.0,0.0
1169,CHP01066,凤尾茶,0.0,4.0,4.0,0.0,0.0
1170,CHP01072,凤仙花,0.0,1.0,1.0,0.0,0.0
1171,CHP01008,防风草,0.0,4.0,4.0,3.0,0.0
1172,CHP01012,防己叶菝葜,0.0,1.0,1.0,0.0,0.0
1173,CHP01013,飞机草,0.0,2.0,2.0,0.0,0.0
1174,CHP01016,飞龙掌血,0.0,11.0,11.0,0.0,0.0
1175,CHP01020,飞扬草,0.0,1.0,1.0,1.0,0.0
1176,CHP01028,榧子,0.0,1.0,1.0,0.0,0.0
1177,CHP01030,分心木,0.0,4.0,4.0,2.0,0.0
1178,CHP01035,粉葛,0.0,5.0,5.0,2.0,0.0
1179,CHP03670,神黄豆,0.0,4.0,4.0,2.0,0.0
1180,CHP03672,神香草,0.0,4.0,4.0,1.0,0.0
1181,CHP03685,生漆,0.0,3.0,3.0,0.0,0.0
1182,CHP00994,番石榴叶,0.0,3.0,3.0,3.0,0.0
1183,CHP00997,番泻叶,0.0,22.0,22.0,9.0,0.0
1184,CHP03606,山芝麻,0.0,2.0,2.0,0.0,0.0
1185,CHP03649,蛇菰,0.0,19.0,19.0,18.0,0.0
1186,CHP03650,蛇果黄堇,0.0,2.0,2.0,0.0,0.0
1187,CHP03653,蛇莓,0.0,3.0,3.0,0.0,0.0
1188,CHP03656,蛇婆子,0.0,3.0,3.0,2.0,0.0
1189,CHP03657,蛇葡萄,0.0,21.0,21.0,8.0,0.0
1190,CHP03659,蛇藤,0.0,3.0,3.0,1.0,0.0
1191,CHP06040,象骨,0.0,1.0,1.0,0.0,0.0
1192,CHP03889,水芹,0.0,2.0,2.0,1.0,0.0
1193,CHP03893,水松,0.0,4.0,4.0,1.0,0.0
1194,CHP03898,水苏,0.0,4.0,4.0,0.0,0.0
1195,CHP03905,水团花,0.0,6.0,6.0,3.0,0.0
1196,CHP03907,水蜈蚣,0.0,3.0,3.0,2.0,0.0
1197,CHP03910,水仙,0.0,7.0,7.0,4.0,0.0
1198,CHP06060,原蚕沙,0.0,6.0,6.0,5.0,0.0
1199,CHP03780,匙羹藤,0.0,4.0,4.0,1.0,0.0
1200,CHP03784,手参,0.0,12.0,12.0,3.0,0.0
1201,CHP03803,鼠李,0.0,6.0,6.0,2.0,0.0
1202,CHP03806,鼠曲草,0.0,10.0,10.0,5.0,0.0
1203,CHP03810,薯莨,0.0,1.0,1.0,0.0,0.0
1204,CHP03843,水红花子,0.0,17.0,17.0,6.0,0.0
1205,CHP06067,雉,0.0,2.0,2.0,1.0,0.0
1206,CHP03719,石见穿,0.0,4.0,4.0,1.0,0.0
1207,CHP03741,石楠,0.0,1.0,1.0,0.0,0.0
1208,CHP03751,石刷把,0.0,4.0,4.0,3.0,0.0
1209,CHP03759,石枣子,0.0,9.0,9.0,1.0,0.0
1210,CHP03762,石竹,0.0,8.0,8.0,1.0,0.0
1211,CHP03767,莳萝子,0.0,8.0,8.0,0.0,0.0
1212,CHP03770,柿,0.0,1.0,1.0,0.0,0.0
1213,CHP03772,柿根,0.0,2.0,2.0,1.0,0.0
1214,CHP06073,紫河车,0.0,2.0,2.0,1.0,0.0
1215,CHP01083,扶桑花,0.0,3.0,3.0,0.0,0.0
1216,CHP01086,芙蓉花,0.0,1.0,1.0,0.0,0.0
1217,CHP06080,豹皮菇,0.0,3.0,3.0,0.0,0.0
1218,CHP03689,胜红蓟,0.0,1.0,1.0,0.0,0.0
1219,CHP03696,十大功劳,0.0,12.0,12.0,2.0,0.0
1220,CHP03705,石莼,0.0,8.0,8.0,0.0,0.0
1221,CHP03718,石荠苎,0.0,8.0,8.0,0.0,0.0
1222,CHP00970,鄂北贝母,0.0,8.0,8.0,4.0,0.0
1223,CHP00972,儿茶,0.0,41.0,41.0,22.0,0.0
1224,CHP00974,耳草,0.0,11.0,11.0,4.0,0.0
1225,CHP00988,番木瓜叶,0.0,1.0,1.0,1.0,0.0
1226,CHP00990,番石榴,0.0,12.0,12.0,1.0,0.0
1227,CHP00991,番石榴干,0.0,1.0,1.0,1.0,0.0
1228,CHP00993,番石榴皮,0.0,2.0,2.0,2.0,0.0
1229,CHP06092,茯神,0.0,3.0,3.0,1.0,0.0
1230,CHP00936,多裂委陵菜,0.0,3.0,3.0,2.0,0.0
1231,CHP00939,多伞阿魏,0.0,12.0,12.0,0.0,0.0
1232,CHP00940,多穗蓼,0.0,6.0,6.0,1.0,0.0
1233,CHP00945,多穗石柯叶,0.0,8.0,8.0,4.0,0.0
1234,CHP06096,鬼盖,0.0,6.0,6.0,2.0,0.0
1235,CHP06099,红曲,0.0,2.0,2.0,1.0,0.0
1236,CHP00963,鹅绒藤,0.0,6.0,6.0,2.0,0.0
1237,CHP00969,鄂报春,0.0,3.0,3.0,1.0,0.0
1238,CHP03991,粟米,0.0,5.0,5.0,1.0,0.0
1239,CHP03992,粟米草,0.0,8.0,8.0,3.0,0.0
1240,CHP04000,酸模,0.0,2.0,2.0,0.0,0.0
1241,CHP00883,杜松实,0.0,7.0,7.0,0.0,0.0
1242,CHP00897,短小蛇根草,0.0,1.0,1.0,0.0,0.0
1243,CHP00902,断节参,0.0,3.0,3.0,1.0,0.0
1244,CHP00923,盾叶薯蓣,0.0,11.0,11.0,3.0,0.0
1245,CHP00924,盾叶唐松草,0.0,10.0,10.0,0.0,0.0
1246,CHP03918,水杨梅,0.0,2.0,2.0,1.0,0.0
1247,CHP03921,水杨枝叶,0.0,1.0,1.0,0.0,0.0
1248,CHP03933,睡菜根,0.0,1.0,1.0,1.0,0.0
1249,CHP03934,睡莲,0.0,5.0,5.0,1.0,0.0
1250,CHP03946,四季青,0.0,17.0,17.0,7.0,0.0
1251,CHP03969,松香,0.0,6.0,6.0,4.0,0.0
1252,CHP03970,松叶,0.0,4.0,4.0,0.0,0.0
1253,CHP03979,苏木,0.0,50.0,50.0,13.0,0.0
1254,CHP06100,猴头菇,0.0,19.0,19.0,1.0,0.0
1255,CHP00807,东莨菪,0.0,2.0,2.0,0.0,0.0
1256,CHP00809,东一号剑麻,0.0,9.0,9.0,0.0,0.0
1257,CHP06116,蜜环菌,0.0,6.0,6.0,1.0,0.0
1258,CHP00849,豆油,0.0,10.0,10.0,4.0,0.0
1259,CHP00853,毒芹根,0.0,10.0,10.0,4.0,0.0
1260,CHP00854,毒蛆草,0.0,3.0,3.0,1.0,0.0
1261,CHP00874,杜衡,0.0,9.0,9.0,1.0,0.0
1262,CHP00778,丁茄,0.0,9.0,9.0,1.0,0.0
1263,CHP01916,金鸡纳,0.0,24.0,24.0,7.0,0.0
1264,CHP00793,东北刺人参,0.0,16.0,16.0,1.0,0.0
1265,CHP05831,龟甲,0.0,5.0,5.0,1.0,0.0
1266,CHP00101,白芥,0.0,3.0,3.0,0.0,0.0
1267,CHP00799,东北延胡索,0.0,4.0,4.0,0.0,0.0
1268,CHP00801,东当归,0.0,2.0,2.0,0.0,0.0
1269,CHP00803,东方荚果蕨,0.0,9.0,9.0,2.0,0.0
1270,CHP06167,硫磺,0.0,2.0,2.0,1.0,0.0
1271,CHP04098,天茄子,0.0,4.0,4.0,1.0,0.0
1272,CHP04108,田葱,0.0,4.0,4.0,1.0,0.0
1273,CHP04110,田旋花,0.0,1.0,1.0,0.0,0.0
1274,CHP04113,甜菜,0.0,3.0,3.0,1.0,0.0
1275,CHP00004,阿育魏实,0.0,1.0,1.0,0.0,0.0
1276,CHP04115,甜茶藤,0.0,4.0,4.0,0.0,0.0
1277,CHP04119,甜瓜蒂,0.0,4.0,4.0,3.0,0.0
1278,CHP04021,锁阳,0.0,2.0,2.0,2.0,0.0
1279,CHP04033,台湾泽兰,0.0,7.0,7.0,4.0,0.0
1280,CHP04052,唐古特青兰,0.0,2.0,2.0,1.0,0.0
1281,CHP00013,艾实,0.0,12.0,12.0,1.0,0.0
1282,CHP04057,桃儿七,0.0,10.0,10.0,6.0,0.0
1283,CHP04059,桃根,0.0,1.0,1.0,1.0,0.0
1284,CHP04061,桃金娘,0.0,18.0,18.0,4.0,0.0
1285,CHP00015,安哥拉八角枫,0.0,9.0,9.0,1.0,0.0
1286,CHP00026,八角枫,0.0,4.0,4.0,1.0,0.0
1287,CHP00671,地丁,0.0,1.0,1.0,0.0,0.0
1288,CHP00042,巴西胡桐,0.0,10.0,10.0,1.0,0.0
1289,CHP00050,白八角莲,0.0,1.0,1.0,1.0,0.0
1290,CHP00053,白背叶,0.0,7.0,7.0,1.0,0.0
1291,CHP00057,白草莓,0.0,2.0,2.0,1.0,0.0
1292,CHP05805,蜂胶,0.0,83.0,83.0,8.0,0.0
1293,CHP00729,灯盏细辛,0.0,17.0,17.0,7.0,0.0
1294,CHP04253,兔儿伞,0.0,2.0,2.0,1.0,0.0
1295,CHP04259,菟丝子,0.0,11.0,11.0,4.0,0.0
1296,CHP04268,娃儿藤,0.0,6.0,6.0,3.0,0.0
1297,CHP04270,瓦松,0.0,2.0,2.0,0.0,0.0
1298,CHP04272,歪脖子果,0.0,6.0,6.0,0.0,0.0
1299,CHP04276,豌豆,0.0,10.0,10.0,6.0,0.0
1300,CHP00667,地柏枝,0.0,1.0,1.0,0.0,0.0
1301,CHP00668,地不容,0.0,25.0,25.0,3.0,0.0
1302,CHP04208,透骨草,0.0,2.0,2.0,0.0,0.0
1303,CHP04215,土百部,0.0,1.0,1.0,0.0,0.0
1304,CHP04223,土当归,0.0,12.0,12.0,2.0,0.0
1305,CHP04224,土丁桂,0.0,1.0,1.0,0.0,0.0
1306,CHP04232,土荆芥,0.0,8.0,8.0,4.0,0.0
1307,CHP04233,土连翘,0.0,1.0,1.0,1.0,0.0
1308,CHP04238,土木香,0.0,2.0,2.0,1.0,0.0
1309,CHP00083,白鹤灵芝,0.0,13.0,13.0,0.0,0.0
1310,CHP00879,杜鹃花叶,0.0,2.0,2.0,1.0,0.0
1311,CHP04139,铁海棠,0.0,6.0,6.0,0.0,0.0
1312,CHP00086,白花菜,0.0,2.0,2.0,0.0,0.0
1313,CHP04165,铁丝七,0.0,6.0,6.0,2.0,0.0
1314,CHP04171,铁轴草,0.0,2.0,2.0,0.0,0.0
1315,CHP04174,通草,0.0,24.0,24.0,8.0,0.0
1316,CHP04179,通花根,0.0,2.0,2.0,0.0,0.0
1317,CHP04181,通脉丹,0.0,2.0,2.0,0.0,0.0
1318,CHP04374,无患子皮,0.0,5.0,5.0,2.0,0.0
1319,CHP04378,无距耧斗菜,0.0,3.0,3.0,0.0,0.0
1320,CHP04379,无漏子,0.0,1.0,1.0,1.0,0.0
1321,CHP04385,芜菁甘蓝,0.0,1.0,1.0,0.0,0.0
1322,CHP04390,梧桐,0.0,8.0,8.0,0.0,0.0
1323,CHP04392,梧桐子,0.0,2.0,2.0,0.0,0.0
1324,CHP04404,五加皮,0.0,3.0,3.0,2.0,0.0
1325,CHP04409,五气朝阳草,0.0,9.0,9.0,2.0,0.0
1326,CHP04335,乌棒子,0.0,2.0,2.0,1.0,0.0
1327,CHP04340,乌骨藤,0.0,1.0,1.0,0.0,0.0
1328,CHP04344,乌桕木根皮,0.0,2.0,2.0,1.0,0.0
1329,CHP04352,乌蔹莓,0.0,1.0,1.0,0.0,0.0
1330,CHP04363,巫山淫羊藿,0.0,7.0,7.0,2.0,0.0
1331,CHP04367,无根藤,0.0,4.0,4.0,0.0,0.0
1332,CHP04368,无花果,0.0,25.0,25.0,2.0,0.0
1333,CHP00094,白花射干,0.0,9.0,9.0,0.0,0.0
1334,CHP04299,网脉橐吾,0.0,2.0,2.0,0.0,0.0
1335,CHP04303,望江南,0.0,9.0,9.0,2.0,0.0
1336,CHP04322,榅桲,0.0,1.0,1.0,0.0,0.0
1337,CHP00095,白花藤,0.0,3.0,3.0,1.0,0.0
1338,CHP04325,文冠木,0.0,5.0,5.0,0.0,0.0
1339,CHP04329,问荆,0.0,4.0,4.0,1.0,0.0
1340,CHP04330,蕹菜,0.0,2.0,2.0,0.0,0.0
1341,CHP04334,窝儿七,0.0,2.0,2.0,0.0,0.0
1342,CHP00742,滇黄芩,0.0,10.0,10.0,5.0,0.0
1343,CHP00756,颠茄,0.0,11.0,11.0,3.0,0.0
1344,CHP00762,吊干麻,0.0,22.0,22.0,8.0,0.0
1345,CHP00763,吊兰,0.0,1.0,1.0,0.0,0.0
1346,CHP00768,钓樟枝叶,0.0,1.0,1.0,0.0,0.0
1347,CHP00770,调经草,0.0,5.0,5.0,2.0,0.0
1348,CHP04283,碗蕨,0.0,2.0,2.0,0.0,0.0
1349,CHP04290,万寿菊,0.0,7.0,7.0,2.0,0.0
1350,CHP00599,大叶香薷,0.0,1.0,1.0,0.0,0.0
1351,CHP00604,大叶紫珠,0.0,9.0,9.0,3.0,0.0
1352,CHP00605,大叶醉鱼草,0.0,4.0,4.0,0.0,0.0
1353,CHP00628,胆木,0.0,13.0,13.0,4.0,0.0
1354,CHP00629,胆南星,0.0,1.0,1.0,0.0,0.0
1355,CHP00635,淡竹叶,0.0,1.0,1.0,1.0,0.0
1356,CHP00098,白花油麻藤,0.0,5.0,5.0,0.0,0.0
1357,CHP00640,当药,0.0,3.0,3.0,0.0,0.0
1358,CHP00508,大花糙苏,0.0,2.0,2.0,1.0,0.0
1359,CHP06037,五灵脂,0.0,6.0,6.0,1.0,0.0
1360,CHP00571,大叶桉叶,0.0,7.0,7.0,2.0,0.0
1361,CHP00573,大叶柴胡,0.0,9.0,9.0,2.0,0.0
1362,CHP00576,大叶骨碎补,0.0,4.0,4.0,2.0,0.0
1363,CHP00586,大叶马尾连,0.0,13.0,13.0,0.0,0.0
1364,CHP05772,蚕蛾,0.0,1.0,1.0,1.0,0.0
1365,CHP05778,蝉蜕,0.0,8.0,8.0,4.0,0.0
1366,CHP05790,虫白蜡,0.0,4.0,4.0,0.0,0.0
1367,CHP04473,细葛缕子,0.0,30.0,30.0,17.0,0.0
1368,CHP04475,细果角茴香,0.0,1.0,1.0,0.0,0.0
1369,CHP04481,细香葱,0.0,1.0,1.0,0.0,0.0
1370,CHP04485,细叶桉叶,0.0,7.0,7.0,2.0,0.0
1371,CHP05791,穿山甲,0.0,3.0,3.0,1.0,0.0
1372,CHP04523,夏至草,0.0,13.0,13.0,4.0,0.0
1373,CHP04524,仙鹤草,0.0,11.0,11.0,4.0,0.0
1374,CHP05795,地龙,0.0,1.0,1.0,0.0,0.0
1375,CHP04431,五爪龙,0.0,6.0,6.0,3.0,0.0
1376,CHP04449,西瓜,0.0,15.0,15.0,3.0,0.0
1377,CHP04459,西洋接骨木,0.0,4.0,4.0,3.0,0.0
1378,CHP04460,西洋梨,0.0,3.0,3.0,1.0,0.0
1379,CHP04461,菥蓂,0.0,1.0,1.0,0.0,0.0
1380,CHP04462,锡兰肉桂,0.0,3.0,3.0,0.0,0.0
1381,CHP04463,锡生藤,0.0,9.0,9.0,1.0,0.0
1382,CHP04667,小花鬼针草,0.0,6.0,6.0,5.0,0.0
1383,CHP04682,小蓟,0.0,5.0,5.0,3.0,0.0
1384,CHP00418,川西獐牙菜,0.0,2.0,2.0,1.0,0.0
1385,CHP05796,灯心柳珊瑚,0.0,1.0,1.0,0.0,0.0
1386,CHP00443,刺果甘草,0.0,22.0,22.0,6.0,0.0
1387,CHP05800,鹅臎,0.0,1.0,1.0,1.0,0.0
1388,CHP05804,蜂房,0.0,4.0,4.0,0.0,0.0
1389,CHP05690,紫薇,0.0,12.0,12.0,4.0,0.0
1390,CHP05692,紫薇花,0.0,1.0,1.0,0.0,0.0
1391,CHP04602,向日葵,0.0,6.0,6.0,2.0,0.0
1392,CHP04604,向日葵花,0.0,1.0,1.0,0.0,0.0
1393,CHP04612,象皮木,0.0,10.0,10.0,2.0,0.0
1394,CHP04616,橡实,0.0,6.0,6.0,2.0,0.0
1395,CHP05694,紫薇叶,0.0,1.0,1.0,0.0,0.0
1396,CHP04643,小飞蓬,0.0,8.0,8.0,1.0,0.0
1397,CHP05704,紫玉盘,0.0,21.0,21.0,4.0,0.0
1398,CHP04558,香根芹,0.0,2.0,2.0,0.0,0.0
1399,CHP05712,紫珠,0.0,1.0,1.0,0.0,0.0
1400,CHP04577,香青兰,0.0,3.0,3.0,0.0,0.0
1401,CHP04578,香薷,0.0,8.0,8.0,3.0,0.0
1402,CHP04583,香唐松草,0.0,3.0,3.0,0.0,0.0
1403,CHP04591,香橼,0.0,10.0,10.0,5.0,0.0
1404,CHP04595,香樟,0.0,15.0,15.0,1.0,0.0
1405,CHP04598,香樟叶,0.0,1.0,1.0,0.0,0.0
1406,CHP05729,总状绿绒蒿,0.0,1.0,1.0,1.0,0.0
1407,CHP00648,倒地铃,0.0,1.0,1.0,0.0,0.0
1408,CHP04527,仙人掌,0.0,3.0,3.0,1.0,0.0
1409,CHP04535,咸酸蔃,0.0,1.0,1.0,0.0,0.0
1410,CHP04538,藓生马先蒿,0.0,4.0,4.0,2.0,0.0
1411,CHP04543,线叶金鸡菊,0.0,2.0,2.0,0.0,0.0
1412,CHP04547,相思子,0.0,11.0,11.0,2.0,0.0
1413,CHP04550,香柏,0.0,3.0,3.0,2.0,0.0
1414,CHP00368,橙子,0.0,8.0,8.0,0.0,0.0
1415,CHP05753,斑鸠,0.0,1.0,1.0,0.0,0.0
1416,CHP00372,齿瓣延胡索,0.0,2.0,2.0,0.0,0.0
1417,CHP00373,齿叶草,0.0,3.0,3.0,1.0,0.0
1418,CHP00374,齿叶橐吾,0.0,2.0,2.0,0.0,0.0
1419,CHP00376,赤瓟,0.0,8.0,8.0,4.0,0.0
1420,CHP00381,赤麻,0.0,3.0,3.0,1.0,0.0
1421,CHP05766,鳖甲,0.0,2.0,2.0,0.0,0.0
1422,CHP04835,雪见草,0.0,2.0,2.0,0.0,0.0
1423,CHP04848,血风藤,0.0,10.0,10.0,4.0,0.0
1424,CHP04851,血竭,0.0,4.0,4.0,1.0,0.0
1425,CHP04858,血桐,0.0,21.0,21.0,2.0,0.0
1426,CHP00359,车桑仔叶,0.0,5.0,5.0,0.0,0.0
1427,CHP00225,暴马子皮,0.0,1.0,1.0,1.0,0.0
1428,CHP00364,澄茄子,0.0,4.0,4.0,0.0,0.0
1429,CHP00366,橙皮,0.0,3.0,3.0,0.0,0.0
1430,CHP04746,小叶石楠,0.0,2.0,2.0,1.0,0.0
1431,CHP04753,小芸木,0.0,4.0,4.0,0.0,0.0
1432,CHP04777,新疆藁本,0.0,2.0,2.0,0.0,0.0
1433,CHP04795,杏仁,0.0,11.0,11.0,3.0,0.0
1434,CHP04798,杏子,0.0,1.0,1.0,0.0,0.0
1435,CHP05676,紫苏,0.0,38.0,38.0,9.0,0.0
1436,CHP04822,萱草根,0.0,5.0,5.0,2.0,0.0
1437,CHP05681,紫穗槐,0.0,2.0,2.0,0.0,0.0
1438,CHP00457,葱,0.0,25.0,25.0,6.0,0.0
1439,CHP00458,葱白,0.0,70.0,70.0,3.0,0.0
1440,CHP00463,楤木,0.0,4.0,4.0,3.0,0.0
1441,CHP00500,大果大戟,0.0,16.0,16.0,10.0,0.0
1442,CHP04693,小连翘,0.0,6.0,6.0,0.0,0.0
1443,CHP04698,小米草,0.0,2.0,2.0,1.0,0.0
1444,CHP05682,紫檀,0.0,36.0,36.0,7.0,0.0
1445,CHP04737,小叶黑柴胡,0.0,2.0,2.0,1.0,0.0
1446,CHP04956,羊耳蒜,0.0,2.0,2.0,0.0,0.0
1447,CHP05683,紫藤,0.0,1.0,1.0,0.0,0.0
1448,CHP04960,羊角棉,0.0,2.0,2.0,1.0,0.0
1449,CHP04972,羊蹄草,0.0,1.0,1.0,0.0,0.0
1450,CHP04984,杨梅,0.0,9.0,9.0,6.0,0.0
1451,CHP04985,杨梅根,0.0,7.0,7.0,1.0,0.0
1452,CHP04986,杨梅核仁,0.0,2.0,2.0,0.0,0.0
1453,CHP04987,杨梅树皮,0.0,21.0,21.0,3.0,0.0
1454,CHP04900,芫花根,0.0,3.0,3.0,2.0,0.0
1455,CHP04901,芫荽,0.0,8.0,8.0,1.0,0.0
1456,CHP00061,白刺,0.0,4.0,4.0,0.0,0.0
1457,CHP04903,岩白菜,0.0,3.0,3.0,1.0,0.0
1458,CHP04904,岩败酱,0.0,3.0,3.0,1.0,0.0
1459,CHP04914,岩黄连,0.0,4.0,4.0,0.0,0.0
1460,CHP04918,岩椒草,0.0,13.0,13.0,0.0,0.0
1461,CHP04948,眼子菜,0.0,9.0,9.0,4.0,0.0
1462,CHP00413,川滇淫羊藿,0.0,8.0,8.0,0.0,0.0
1463,CHP00414,川鄂淫羊藿,0.0,11.0,11.0,3.0,0.0
1464,CHP04862,寻骨风,0.0,17.0,17.0,5.0,0.0
1465,CHP04867,鸦片,0.0,9.0,9.0,0.0,0.0
1466,CHP04869,鸭儿芹,0.0,1.0,1.0,1.0,0.0
1467,CHP04880,鸭跖草,0.0,4.0,4.0,0.0,0.0
1468,CHP04886,亚罗椿,0.0,7.0,7.0,1.0,0.0
1469,CHP04899,芫花,0.0,1.0,1.0,0.0,0.0
1470,CHP00386,赤杨,0.0,31.0,31.0,6.0,0.0
1471,CHP00389,臭柏,0.0,4.0,4.0,1.0,0.0
1472,CHP00393,臭茉莉,0.0,2.0,2.0,0.0,0.0
1473,CHP00394,臭牡丹,0.0,4.0,4.0,0.0,0.0
1474,CHP00396,臭山羊,0.0,17.0,17.0,3.0,0.0
1475,CHP02149,块茎糙苏,0.0,1.0,1.0,0.0,0.0
1476,CHP02159,昆明鸡血藤,0.0,3.0,3.0,1.0,0.0
1477,CHP00408,楮树根,0.0,46.0,46.0,0.0,0.0
1478,CHP05159,益智,0.0,12.0,12.0,11.0,0.0
1479,CHP05160,益智仁,0.0,5.0,5.0,1.0,0.0
1480,CHP05162,薏苡仁,0.0,6.0,6.0,2.0,0.0
1481,CHP05163,翼首草,0.0,14.0,14.0,4.0,0.0
1482,CHP05169,茵陈,0.0,16.0,16.0,1.0,0.0
1483,CHP05170,茵芋,0.0,2.0,2.0,0.0,0.0
1484,CHP05171,银背藤,0.0,1.0,1.0,0.0,0.0
1485,CHP05173,银不换,0.0,1.0,1.0,0.0,0.0
1486,CHP02175,辣蓼草,0.0,17.0,17.0,5.0,0.0
1487,CHP05105,野芝麻根,0.0,8.0,8.0,3.0,0.0
1488,CHP05117,叶下珠,0.0,15.0,15.0,4.0,0.0
1489,CHP05121,夜合花,0.0,2.0,2.0,0.0,0.0
1490,CHP02182,兰花,0.0,3.0,3.0,0.0,0.0
1491,CHP05139,一枝蒿,0.0,4.0,4.0,3.0,0.0
1492,CHP05142,伊贝母,0.0,2.0,2.0,0.0,0.0
1493,CHP02207,狼把草,0.0,13.0,13.0,0.0,0.0
1494,CHP05030,野甘草,0.0,18.0,18.0,9.0,0.0
1495,CHP05032,野菰,0.0,1.0,1.0,1.0,0.0
1496,CHP05040,野花椒根,0.0,5.0,5.0,0.0,0.0
1497,CHP05041,野花椒皮,0.0,2.0,2.0,0.0,0.0
1498,CHP05042,野花椒叶,0.0,4.0,4.0,0.0,0.0
1499,CHP05070,野木瓜,0.0,6.0,6.0,1.0,0.0
1500,CHP05073,野漆树,0.0,5.0,5.0,0.0,0.0
1501,CHP05087,野鸦椿,0.0,3.0,3.0,1.0,0.0
1502,CHP04992,洋葱,0.0,1.0,1.0,1.0,0.0
1503,CHP04994,洋蒲桃叶,0.0,10.0,10.0,0.0,0.0
1504,CHP05004,药西瓜,0.0,1.0,1.0,0.0,0.0
1505,CHP05005,药用倒提壶,0.0,3.0,3.0,1.0,0.0
1506,CHP05007,椰子,0.0,4.0,4.0,0.0,0.0
1507,CHP05009,椰子皮,0.0,1.0,1.0,0.0,0.0
1508,CHP05010,椰子瓤,0.0,2.0,2.0,1.0,0.0
1509,CHP05012,野百合,0.0,3.0,3.0,2.0,0.0
1510,CHP00331,茶树根,0.0,5.0,5.0,1.0,0.0
1511,CHP00332,茶条槭,0.0,2.0,2.0,1.0,0.0
1512,CHP02216,榔榆皮,0.0,5.0,5.0,1.0,0.0
1513,CHP02085,苦芺,0.0,3.0,3.0,0.0,0.0
1514,CHP00351,朝鲜白头翁,0.0,3.0,3.0,1.0,0.0
1515,CHP05252,柚子,0.0,1.0,1.0,0.0,0.0
1516,CHP05261,鱼藤,0.0,40.0,40.0,2.0,0.0
1517,CHP05267,鱼腥草,0.0,1.0,1.0,1.0,0.0
1518,CHP00312,草本威灵仙,0.0,11.0,11.0,2.0,0.0
1519,CHP00315,草豆蔻,0.0,37.0,37.0,8.0,0.0
1520,CHP00318,草胡椒,0.0,1.0,1.0,0.0,0.0
1521,CHP02095,苦地丁,0.0,27.0,27.0,3.0,0.0
1522,CHP00321,草问荆,0.0,4.0,4.0,1.0,0.0
1523,CHP02096,苦碟子,0.0,2.0,2.0,1.0,0.0
1524,CHP02104,苦瓜,0.0,4.0,4.0,3.0,0.0
1525,CHP00330,茶花,0.0,3.0,3.0,0.0,0.0
1526,CHP05218,永宁独活,0.0,5.0,5.0,2.0,0.0
1527,CHP05221,油茶根皮,0.0,7.0,7.0,3.0,0.0
1528,CHP05229,油柑叶,0.0,6.0,6.0,4.0,0.0
1529,CHP00296,蚕豆,0.0,19.0,19.0,3.0,0.0
1530,CHP02120,苦楝实,0.0,3.0,3.0,0.0,0.0
1531,CHP02133,苦檀子,0.0,6.0,6.0,1.0,0.0
1532,CHP01953,金腰,0.0,3.0,3.0,1.0,0.0
1533,CHP00308,藏青果,0.0,3.0,3.0,1.0,0.0
1534,CHP05175,银粉背蕨,0.0,1.0,1.0,0.0,0.0
1535,CHP05188,银叶树,0.0,1.0,1.0,0.0,0.0
1536,CHP05190,淫羊藿,0.0,165.0,165.0,49.0,0.0
1537,CHP05191,淫羊藿根,0.0,1.0,1.0,0.0,0.0
1538,CHP05192,印度九里香,0.0,1.0,1.0,0.0,0.0
1539,CHP05198,鹰不泊,0.0,1.0,1.0,0.0,0.0
1540,CHP01963,金樱叶,0.0,1.0,1.0,1.0,0.0
1541,CHP02062,咖啡,0.0,2.0,2.0,1.0,0.0
1542,CHP05379,泽藓,0.0,1.0,1.0,0.0,0.0
1543,CHP02074,榼藤子,0.0,5.0,5.0,2.0,0.0
1544,CHP05383,泽珍珠菜,0.0,2.0,2.0,1.0,0.0
1545,CHP05392,粘毛鼠尾草,0.0,4.0,4.0,2.0,0.0
1546,CHP05408,樟脑,0.0,1.0,1.0,0.0,0.0
1547,CHP05409,樟树皮,0.0,4.0,4.0,0.0,0.0
1548,CHP05428,长果荜茇,0.0,4.0,4.0,0.0,0.0
1549,CHP05435,长尾复叶耳蕨,0.0,1.0,1.0,1.0,0.0
1550,CHP05345,云南菟丝子,0.0,2.0,2.0,0.0,0.0
1551,CHP05353,云实,0.0,1.0,1.0,1.0,0.0
1552,CHP05355,云实叶,0.0,1.0,1.0,1.0,0.0
1553,CHP02084,苦艾,0.0,2.0,2.0,0.0,0.0
1554,CHP05361,芸香草,0.0,4.0,4.0,0.0,0.0
1555,CHP05364,仔榄树,0.0,2.0,2.0,2.0,0.0
1556,CHP05373,皂角刺,0.0,2.0,2.0,0.0,0.0
1557,CHP01918,金锦香,0.0,1.0,1.0,0.0,0.0
1558,CHP05309,圆滑番荔枝,0.0,5.0,5.0,3.0,0.0
1559,CHP05313,圆叶茅膏菜,0.0,2.0,2.0,1.0,0.0
1560,CHP01919,金橘,0.0,2.0,2.0,0.0,0.0
1561,CHP05322,月季花,0.0,11.0,11.0,1.0,0.0
1562,CHP05325,月见草,0.0,2.0,2.0,1.0,0.0
1563,CHP01930,金牛草,0.0,19.0,19.0,8.0,0.0
1564,CHP05337,云南榧树,0.0,3.0,3.0,0.0,0.0
1565,CHP01936,金雀花,0.0,19.0,19.0,10.0,0.0
1566,CHP05274,榆树,0.0,1.0,1.0,1.0,0.0
1567,CHP05280,禹州漏芦,0.0,6.0,6.0,1.0,0.0
1568,CHP01941,金丝梅,0.0,1.0,1.0,0.0,0.0
1569,CHP05287,玉蜀黍,0.0,4.0,4.0,1.0,0.0
1570,CHP05297,郁金香根,0.0,1.0,1.0,0.0,0.0
1571,CHP05302,元宝草,0.0,8.0,8.0,1.0,0.0
1572,CHP05304,圆柏,0.0,5.0,5.0,5.0,0.0
1573,CHP05306,圆萼刺参,0.0,2.0,2.0,0.0,0.0
1574,CHP00276,柄果槲寄生,0.0,1.0,1.0,0.0,0.0
1575,CHP00285,伯乐树,0.0,1.0,1.0,0.0,0.0
1576,CHP00286,博落回,0.0,3.0,3.0,0.0,0.0
1577,CHP00289,补血草,0.0,1.0,1.0,0.0,0.0
1578,CHP01942,金丝桃,0.0,10.0,10.0,1.0,0.0
1579,CHP05501,枳实,0.0,6.0,6.0,1.0,0.0
1580,CHP05539,珠芽半支,0.0,2.0,2.0,0.0,0.0
1581,CHP05541,珠子参,0.0,5.0,5.0,1.0,0.0
1582,CHP00245,蓖麻油,0.0,7.0,7.0,1.0,0.0
1583,CHP00247,薜荔,0.0,2.0,2.0,2.0,0.0
1584,CHP00250,篦子三尖杉,0.0,1.0,1.0,0.0,0.0
1585,CHP01945,金铁锁,0.0,12.0,12.0,7.0,0.0
1586,CHP00254,鞭打绣球,0.0,1.0,1.0,1.0,0.0
1587,CHP00265,扁竹根,0.0,1.0,1.0,0.0,0.0
1588,CHP00269,遍地金,0.0,4.0,4.0,1.0,0.0
1589,CHP00272,滨海前胡,0.0,2.0,2.0,0.0,0.0
1590,CHP05495,枳椇根,0.0,1.0,1.0,0.0,0.0
1591,CHP01946,金挖耳,0.0,3.0,3.0,2.0,0.0
1592,CHP00231,北玄参,0.0,15.0,15.0,6.0,0.0
1593,CHP00234,贝加尔唐松草,0.0,4.0,4.0,0.0,0.0
1594,CHP00235,贝母兰,0.0,6.0,6.0,1.0,0.0
1595,CHP00239,荜茇根,0.0,3.0,3.0,0.0,0.0
1596,CHP00243,蓖麻根,0.0,8.0,8.0,1.0,0.0
1597,CHP00244,蓖麻叶,0.0,4.0,4.0,1.0,0.0
1598,CHP05450,照山白,0.0,2.0,2.0,0.0,0.0
1599,CHP05461,鹧鸪菜,0.0,1.0,1.0,1.0,0.0
1600,CHP05463,珍珠菜,0.0,2.0,2.0,0.0,0.0
1601,CHP05465,珍珠梅,0.0,2.0,2.0,0.0,0.0
1602,CHP05467,真藓,0.0,1.0,1.0,0.0,0.0
1603,CHP05470,枕材,0.0,2.0,2.0,0.0,0.0
1604,CHP05482,蜘蛛抱蛋,0.0,3.0,3.0,1.0,0.0
1605,CHP05486,蜘蛛香,0.0,10.0,10.0,5.0,0.0
1606,CHP00176,百蕊草,0.0,1.0,1.0,0.0,0.0
1607,CHP01846,假蒟子,0.0,8.0,8.0,1.0,0.0
1608,CHP01849,假细锥香茶菜,0.0,4.0,4.0,0.0,0.0
1609,CHP00189,斑草,0.0,15.0,15.0,5.0,0.0
1610,CHP00203,半边旗,0.0,5.0,5.0,1.0,0.0
1611,CHP01858,见血清,0.0,3.0,3.0,1.0,0.0
1612,CHP00208,半枫荷,0.0,3.0,3.0,2.0,0.0
1613,CHP00222,报春花,0.0,2.0,2.0,1.0,0.0
1614,CHP05638,紫花景天,0.0,3.0,3.0,1.0,0.0
1615,CHP01864,姜黄,0.0,48.0,48.0,12.0,0.0
1616,CHP05650,紫堇,0.0,8.0,8.0,0.0,0.0
1617,CHP05662,紫茉莉,0.0,8.0,8.0,1.0,0.0
1618,CHP05663,紫茉莉根,0.0,3.0,3.0,1.0,0.0
1619,CHP00156,白叶藤,0.0,2.0,2.0,1.0,0.0
1620,CHP00165,白珠树,0.0,18.0,18.0,4.0,0.0
1621,CHP01868,浆果苋,0.0,1.0,1.0,1.0,0.0
1622,CHP05592,苎麻根,0.0,1.0,1.0,1.0,0.0
1623,CHP05610,姊妹树,0.0,1.0,1.0,0.0,0.0
1624,CHP05612,梓木,0.0,7.0,7.0,1.0,0.0
1625,CHP05615,梓叶,0.0,21.0,21.0,12.0,0.0
1626,CHP05621,紫菜,0.0,2.0,2.0,2.0,0.0
1627,CHP05623,紫草,0.0,20.0,20.0,1.0,0.0
1628,CHP05634,紫红獐牙菜,0.0,8.0,8.0,2.0,0.0
1629,CHP05635,紫花地丁,0.0,4.0,4.0,1.0,0.0
1630,CHP05547,猪毛菜,0.0,4.0,4.0,0.0,0.0
1631,CHP05553,猪屎豆,0.0,3.0,3.0,2.0,0.0
1632,CHP05555,猪殃殃,0.0,2.0,2.0,0.0,0.0
1633,CHP05557,猪鬃草,0.0,17.0,17.0,11.0,0.0
1634,CHP05563,竹柏根,0.0,4.0,4.0,2.0,0.0
1635,CHP05572,竹沥,0.0,15.0,15.0,4.0,0.0
1636,CHP05582,竹叶椒,0.0,10.0,10.0,1.0,0.0
1637,CHP05591,苎麻,0.0,3.0,3.0,0.0,0.0
1638,CHP05967,牛靥,0.0,6.0,6.0,2.0,0.0
1639,CHP05983,全蝎,0.0,3.0,3.0,1.0,0.0
1640,CHP01871,降香,0.0,94.0,94.0,8.0,0.0
1641,CHP06033,乌梢蛇,0.0,3.0,3.0,2.0,0.0
1642,CHP01801,鸡血藤,0.0,96.0,96.0,28.0,0.0
1643,CHP06156,红粉,0.0,1.0,1.0,1.0,0.0
1644,CHP06157,琥珀,0.0,1.0,1.0,0.0,0.0
1645,CHP01802,鸡眼草,0.0,2.0,2.0,0.0,0.0
1646,CHP01810,姬蕨,0.0,6.0,6.0,1.0,0.0
1647,CHP05887,鸡子白,0.0,1.0,1.0,0.0,0.0
1648,CHP05889,鸡子壳,0.0,1.0,1.0,0.0,0.0
1649,CHP05912,灵猫香,0.0,2.0,2.0,0.0,0.0
1650,CHP05919,鹿角,0.0,2.0,2.0,1.0,0.0
1651,CHP05922,鹿茸,0.0,7.0,7.0,4.0,0.0
1652,CHP05955,蜜蜡,0.0,3.0,3.0,0.0,0.0
1653,CHP01814,极美云实,0.0,9.0,9.0,0.0,0.0
1654,CHP05834,蛤蚧,0.0,3.0,3.0,2.0,0.0
1655,CHP05835,蛤壳,0.0,1.0,1.0,0.0,0.0
1656,CHP05837,海参,0.0,1.0,1.0,0.0,0.0
1657,CHP05840,海马,0.0,3.0,3.0,3.0,0.0
1658,CHP05848,黑蚂蚁,0.0,1.0,1.0,1.0,0.0
1659,CHP05853,猴枣,0.0,1.0,1.0,0.0,0.0
1660,CHP05866,鲩鱼,0.0,1.0,1.0,0.0,0.0
1661,CHP05881,鸡内金,0.0,3.0,3.0,1.0,0.0
1662,CHP00104,白菊花根,0.0,1.0,1.0,0.0,0.0
1663,CHP00130,白牛胆,0.0,1.0,1.0,0.0,0.0
1664,CHP01829,蓟罂粟,0.0,7.0,7.0,0.0,0.0
1665,CHP00141,白薯莨,0.0,2.0,2.0,1.0,0.0
1666,CHP00149,白土茯苓,0.0,1.0,1.0,0.0,0.0
1667,CHP05807,蜂蜜,0.0,5.0,5.0,1.0,0.0
1668,CHP05824,狗肉,0.0,1.0,1.0,1.0,0.0
1669,CHP06035,蜈蚣,0.0,2.0,2.0,0.0,0.0
1670,CHP01897,芥蓝,0.0,6.0,6.0,2.0,0.0
1671,CHP01903,金草,0.0,2.0,2.0,1.0,0.0
1672,CHP01905,金钗凤尾蕨,0.0,11.0,11.0,5.0,0.0
1673,CHP01907,金粉蕨,0.0,7.0,7.0,2.0,0.0
1674,CHP01909,金冠鳞毛蕨,0.0,1.0,1.0,0.0,0.0
1675,CHP01910,金光菊,0.0,2.0,2.0,0.0,0.0
1676,CHP01836,荚蒾,0.0,25.0,25.0,19.0,0.0
1677,CHP00069,白椴,0.0,1.0,1.0,0.0,0.0
1678,CHP02033,橘叶,0.0,8.0,8.0,2.0,0.0
1679,CHP02034,橘叶巴戟,0.0,2.0,2.0,0.0,0.0
1680,CHP02035,橘子,0.0,6.0,6.0,2.0,0.0
1681,CHP02049,卷丹,0.0,1.0,1.0,1.0,0.0
1682,CHP02054,绢毛蔷薇,0.0,3.0,3.0,1.0,0.0
1683,CHP02055,决明,0.0,17.0,17.0,5.0,0.0
1684,CHP02057,蕨菜,0.0,47.0,47.0,9.0,0.0
1685,CHP01889,接骨木,0.0,10.0,10.0,4.0,0.0
1686,CHP01990,景天,0.0,5.0,5.0,1.0,0.0
1687,CHP02000,九里香根,0.0,2.0,2.0,0.0,0.0
1688,CHP02012,酒饼叶,0.0,7.0,7.0,2.0,0.0
1689,CHP02015,救必应,0.0,9.0,9.0,3.0,0.0
1690,CHP01840,假百合,0.0,5.0,5.0,1.0,0.0
1691,CHP02026,橘白,0.0,1.0,1.0,1.0,0.0
1692,CHP02031,橘络,0.0,8.0,8.0,1.0,0.0
1693,CHP02032,橘皮,0.0,7.0,7.0,2.0,0.0
1694,CHP06118,木耳,0.0,1.0,1.0,1.0,0.0
1695,CHP06122,桑黄,0.0,16.0,16.0,3.0,0.0
1696,CHP06125,石花,0.0,7.0,7.0,4.0,0.0
1697,CHP02284,栗柄金粉蕨,0.0,1.0,1.0,1.0,0.0
1698,CHP06128,松萝,0.0,27.0,27.0,7.0,0.0
1699,CHP06130,太白花,0.0,1.0,1.0,0.0,0.0
1700,CHP06133,蛹虫草,0.0,11.0,11.0,7.0,0.0
1701,CHP06039,象胆,0.0,1.0,1.0,1.0,0.0
