rank,CHP_ID,Chinese_herbal_pieces,effective_avg,total_compounds,effective_count,high_quality_count,ultra_high_count
1,CHP05843,海燕,1.0,2.0,2.0,2.0,2.0
2,CHP06039,象胆,1.0,1.0,1.0,1.0,1.0
3,CHP01226,枸骨根,1.0,1.0,1.0,1.0,1.0
4,CHP03933,睡菜根,1.0,1.0,1.0,1.0,1.0
5,CHP03552,山萝卜,1.0,1.0,1.0,1.0,1.0
6,CHP03568,山稔叶,1.0,1.0,1.0,1.0,1.0
7,CHP03375,三叉凤尾蕨,1.0,1.0,1.0,1.0,1.0
8,CHP03569,山珊瑚,1.0,1.0,1.0,1.0,1.0
9,CHP05267,鱼腥草,1.0,1.0,1.0,1.0,1.0
10,CHP05274,榆树,1.0,1.0,1.0,1.0,1.0
11,CHP05355,云实叶,1.0,1.0,1.0,1.0,1.0
12,CHP00261,扁桃斑鸠菊,1.0,2.0,2.0,2.0,2.0
13,CHP05481,栀子叶,1.0,1.0,1.0,1.0,1.0
14,CHP05435,长尾复叶耳蕨,1.0,1.0,1.0,1.0,1.0
15,CHP05592,苎麻根,1.0,1.0,1.0,1.0,1.0
16,CHP00176,百蕊草,1.0,1.0,1.0,1.0,1.0
17,CHP05670,紫萁,1.0,2.0,2.0,2.0,2.0
18,CHP00254,鞭打绣球,1.0,1.0,1.0,1.0,1.0
19,CHP00247,薜荔,1.0,2.0,2.0,2.0,2.0
20,CHP05461,鹧鸪菜,1.0,1.0,1.0,1.0,1.0
21,CHP01123,甘菊,1.0,2.0,2.0,2.0,2.0
22,CHP05304,圆柏,1.0,5.0,5.0,5.0,5.0
23,CHP01359,河套大黄,1.0,2.0,2.0,2.0,2.0
24,CHP01050,风箱树叶,1.0,1.0,1.0,1.0,1.0
25,CHP01076,凤眼草,1.0,8.0,8.0,8.0,8.0
26,CHP03257,青羊参,1.0,2.0,2.0,2.0,2.0
27,CHP01935,金雀根,1.0,1.0,1.0,1.0,1.0
28,CHP00993,番石榴皮,1.0,2.0,2.0,2.0,2.0
29,CHP00994,番石榴叶,1.0,3.0,3.0,3.0,3.0
30,CHP02511,萝藦子,1.0,5.0,5.0,5.0,5.0
31,CHP00928,多花蒿,1.0,10.0,10.0,10.0,10.0
32,CHP01170,高山辣根菜,1.0,1.0,1.0,1.0,1.0
33,CHP00988,番木瓜叶,1.0,1.0,1.0,1.0,1.0
34,CHP04021,锁阳,1.0,2.0,2.0,2.0,2.0
35,CHP03881,水木草,1.0,1.0,1.0,1.0,1.0
36,CHP00050,白八角莲,1.0,1.0,1.0,1.0,1.0
37,CHP05877,鸡胆,1.0,2.0,2.0,2.0,2.0
38,CHP00057,白草莓,1.0,2.0,2.0,2.0,2.0
39,CHP05364,仔榄树,1.0,2.0,2.0,2.0,2.0
40,CHP02304,莲房,1.0,5.0,5.0,5.0,5.0
41,CHP02130,苦绳,1.0,3.0,3.0,3.0,3.0
42,CHP05729,总状绿绒蒿,1.0,1.0,1.0,1.0,1.0
43,CHP05800,鹅臎,1.0,1.0,1.0,1.0,1.0
44,CHP00430,椿白皮,1.0,1.0,1.0,1.0,1.0
45,CHP02844,牡蒿,1.0,2.0,2.0,2.0,2.0
46,CHP02813,绵藤,1.0,1.0,1.0,1.0,1.0
47,CHP02941,南蛇藤叶,1.0,1.0,1.0,1.0,1.0
48,CHP00428,春福寿草,1.0,3.0,3.0,3.0,3.0
49,CHP02427,龙眼肉,1.0,1.0,1.0,1.0,1.0
50,CHP01963,金樱叶,1.0,1.0,1.0,1.0,1.0
51,CHP02459,鹿葱,1.0,1.0,1.0,1.0,1.0
52,CHP00795,东北蛔蒿,1.0,3.0,3.0,3.0,3.0
53,CHP03201,茜草藤,1.0,1.0,1.0,1.0,1.0
54,CHP03266,清明花,1.0,5.0,5.0,5.0,5.0
55,CHP03216,窃衣,1.0,1.0,1.0,1.0,1.0
56,CHP03212,乔木紫珠,1.0,1.0,1.0,1.0,1.0
57,CHP01480,红雀珊瑚,1.0,2.0,2.0,2.0,2.0
58,CHP03113,苹果,1.0,1.0,1.0,1.0,1.0
59,CHP03110,飘拂草,1.0,1.0,1.0,1.0,1.0
60,CHP01868,浆果苋,1.0,1.0,1.0,1.0,1.0
61,CHP00463,楤木,1.0,4.0,4.0,4.0,4.0
62,CHP04920,岩筋菜,1.0,4.0,4.0,4.0,4.0
63,CHP04933,岩乌头,1.0,1.0,1.0,1.0,1.0
64,CHP04208,透骨草,1.0,2.0,2.0,2.0,2.0
65,CHP04163,铁树叶,1.0,1.0,1.0,1.0,1.0
66,CHP05066,野茉莉,1.0,12.0,12.0,12.0,12.0
67,CHP04119,甜瓜蒂,1.0,4.0,4.0,4.0,4.0
68,CHP04328,文竹,1.0,1.0,1.0,1.0,1.0
69,CHP04324,文冠果,1.0,4.0,4.0,4.0,4.0
70,CHP01580,华东膜蕨,1.0,25.0,25.0,25.0,25.0
71,CHP01594,华南皂荚,1.0,1.0,1.0,1.0,1.0
72,CHP00662,稻芽,1.0,2.0,2.0,2.0,2.0
73,CHP02519,落葵,1.0,1.0,1.0,1.0,1.0
74,CHP04869,鸭儿芹,1.0,1.0,1.0,1.0,1.0
75,CHP01811,吉林乌头,1.0,1.0,1.0,1.0,1.0
76,CHP02504,罗勒子,1.0,1.0,1.0,1.0,1.0
77,CHP02589,马桑根,1.0,1.0,1.0,1.0,1.0
78,CHP02609,麦瓶草,1.0,1.0,1.0,1.0,1.0
79,CHP02049,卷丹,1.0,1.0,1.0,1.0,1.0
80,CHP06099,红曲,1.0,2.0,2.0,2.0,2.0
81,CHP02339,蓼实,1.0,2.0,2.0,2.0,2.0
82,CHP00225,暴马子皮,1.0,1.0,1.0,1.0,1.0
83,CHP04459,西洋接骨木,1.0,4.0,4.0,4.0,4.0
84,CHP04297,王孙,1.0,1.0,1.0,1.0,1.0
85,CHP04379,无漏子,1.0,1.0,1.0,1.0,1.0
86,CHP03056,藕节,1.0,1.0,1.0,1.0,1.0
87,CHP02998,牛角瓜,1.0,2.0,2.0,2.0,2.0
88,CHP00635,淡竹叶,1.0,1.0,1.0,1.0,1.0
89,CHP00649,倒吊笔,1.0,2.0,2.0,2.0,2.0
90,CHP01546,槲叶,1.0,1.0,1.0,1.0,1.0
91,CHP03018,牛尾菜,1.0,1.0,1.0,1.0,1.0
92,CHP01724,黄秦艽,1.0,2.0,2.0,2.0,2.0
93,CHP01733,黄蜀葵花,1.0,1.0,1.0,1.0,1.0
94,CHP02707,毛葡萄,1.0,1.0,1.0,1.0,1.0
95,CHP01856,见血飞,1.0,3.0,3.0,3.0,3.0
96,CHP04666,小花盾叶薯蓣,1.0,1.0,1.0,1.0,1.0
97,CHP04622,小百部,1.0,1.0,1.0,1.0,1.0
98,CHP01764,火炭母草,1.0,1.0,1.0,1.0,1.0
99,CHP00667,地柏枝,1.0,1.0,1.0,1.0,1.0
100,CHP05467,真藓,1.0,1.0,1.0,1.0,1.0
101,CHP02987,牛扁,1.0,3.0,3.0,3.0,3.0
102,CHP01604,华中瘤足蕨,1.0,1.0,1.0,1.0,1.0
103,CHP04465,溪黄草,1.0,7.0,7.0,7.0,7.0
104,CHP02472,路路通,0.99999997,10.0,10.0,10.0,10.0
105,CHP03656,蛇婆子,0.9999999,3.0,3.0,3.0,3.0
106,CHP05295,芋头,0.99999985,4.0,4.0,4.0,4.0
107,CHP02284,栗柄金粉蕨,0.9999998,1.0,1.0,1.0,1.0
108,CHP03464,砂生槐,0.9999998,1.0,1.0,1.0,1.0
109,CHP03053,欧鼠李,0.99999975,2.0,2.0,2.0,2.0
110,CHP05032,野菰,0.9999997,1.0,1.0,1.0,1.0
111,CHP05306,圆萼刺参,0.99999967,2.0,2.0,2.0,2.0
112,CHP05772,蚕蛾,0.99999964,1.0,1.0,1.0,1.0
113,CHP00069,白椴,0.99999964,1.0,1.0,1.0,1.0
114,CHP00250,篦子三尖杉,0.9999994,1.0,1.0,1.0,1.0
115,CHP02782,迷果芹,0.9999994,1.0,1.0,1.0,1.0
116,CHP01216,狗屎花,0.99999934,1.0,1.0,1.0,1.0
117,CHP04550,香柏,0.9999992999999999,3.0,3.0,3.0,3.0
118,CHP05840,海马,0.9999991666666667,3.0,3.0,3.0,3.0
119,CHP03649,蛇菰,0.999999052631579,19.0,19.0,19.0,19.0
120,CHP00991,番石榴干,0.99999905,1.0,1.0,1.0,1.0
121,CHP01708,黄缅桂,0.9999989499999999,2.0,2.0,2.0,2.0
122,CHP04238,土木香,0.99999887,2.0,2.0,2.0,2.0
123,CHP04753,小芸木,0.9999979625000001,4.0,4.0,4.0,4.0
124,CHP02784,猕猴桃,0.999997,2.0,2.0,2.0,2.0
125,CHP06130,太白花,0.99999696,1.0,1.0,1.0,1.0
126,CHP00272,滨海前胡,0.9999966499999999,2.0,2.0,2.0,2.0
127,CHP01472,红楠,0.9999926583333334,6.0,6.0,6.0,6.0
128,CHP01802,鸡眼草,0.9999921,2.0,2.0,2.0,2.0
129,CHP05175,银粉背蕨,0.9999917,1.0,1.0,1.0,1.0
130,CHP02777,蒙自草胡椒,0.9999871544444444,9.0,9.0,9.0,9.0
131,CHP03306,拳参,0.9999796,3.0,3.0,3.0,3.0
132,CHP02659,毛八角枫,0.99997795,1.0,1.0,1.0,1.0
133,CHP04340,乌骨藤,0.99997723,1.0,1.0,1.0,1.0
134,CHP00939,多伞阿魏,0.9999750225,12.0,12.0,12.0,12.0
135,CHP05539,珠芽半支,0.99997375,2.0,2.0,2.0,2.0
136,CHP04052,唐古特青兰,0.9999732,2.0,2.0,2.0,2.0
137,CHP04960,羊角棉,0.99996085,2.0,2.0,2.0,2.0
138,CHP00671,地丁,0.9999544,1.0,1.0,1.0,1.0
139,CHP04717,小通草,0.9999363442857143,14.0,14.0,14.0,14.0
140,CHP05009,椰子皮,0.99993074,1.0,1.0,1.0,1.0
141,CHP05621,紫菜,0.99991894,2.0,2.0,2.0,2.0
142,CHP02591,马桑叶,0.999882025,4.0,4.0,4.0,4.0
143,CHP05195,罂粟壳,0.9998604666666667,3.0,3.0,3.0,3.0
144,CHP04404,五加皮,0.99983698,3.0,3.0,3.0,3.0
145,CHP01758,茴香根,0.99983007,1.0,1.0,1.0,1.0
146,CHP05353,云实,0.99980515,1.0,1.0,1.0,1.0
147,CHP03453,沙枣,0.99980384,1.0,1.0,1.0,1.0
148,CHP04174,通草,0.9997912470833334,24.0,24.0,24.0,24.0
149,CHP01596,华千金藤,0.99978742125,8.0,8.0,8.0,8.0
150,CHP02544,麻根,0.9997086749999999,6.0,6.0,6.0,6.0
151,CHP04359,乌药,0.9996043610526315,19.0,19.0,19.0,19.0
152,CHP01748,黄紫堇,0.9993983166666668,3.0,3.0,3.0,3.0
153,CHP05882,鸡肉,0.99937093,1.0,1.0,1.0,1.0
154,CHP03148,铺地蜈蚣,0.9992888571428572,14.0,14.0,14.0,14.0
155,CHP02831,魔芋,0.99924326,1.0,1.0,1.0,1.0
156,CHP02531,绿豆皮,0.99919653,2.0,2.0,2.0,2.0
157,CHP00583,大叶蒟,0.9980236499999999,2.0,2.0,2.0,2.0
158,CHP05853,猴枣,0.9979947,1.0,1.0,1.0,1.0
159,CHP05383,泽珍珠菜,0.99749095,2.0,2.0,2.0,2.0
160,CHP05173,银不换,0.9965695,1.0,1.0,1.0,1.0
161,CHP00294,菜蓟,0.996414425,4.0,4.0,4.0,4.0
162,CHP01172,高山唐松草,0.9963210699999999,3.0,3.0,3.0,3.0
163,CHP01054,枫香寄生,0.99534162,3.0,3.0,3.0,3.0
164,CHP04521,夏天无,0.993860072,5.0,5.0,5.0,5.0
165,CHP03364,瑞香根,0.992940525,4.0,4.0,4.0,4.0
166,CHP02563,马槟榔,0.9924944,2.0,2.0,2.0,2.0
167,CHP01013,飞机草,0.99209368,2.0,2.0,2.0,2.0
168,CHP02561,马比木,0.9890191,1.0,1.0,1.0,1.0
169,CHP03081,炮姜,0.98730576,1.0,1.0,1.0,1.0
170,CHP00768,钓樟枝叶,0.98594666,1.0,1.0,1.0,1.0
171,CHP00746,滇茜草,0.9823552464516128,31.0,31.0,29.0,29.0
172,CHP05124,夜来香,0.982063385882353,17.0,17.0,16.0,16.0
173,CHP05380,泽泻,0.9788021804166668,24.0,24.0,23.0,23.0
174,CHP04975,羊踯躅,0.9776463799999999,15.0,15.0,14.0,14.0
175,CHP04409,五气朝阳草,0.9751512155555555,9.0,9.0,8.0,8.0
176,CHP03541,山蒟,0.974062985,2.0,2.0,2.0,2.0
177,CHP02821,缅枣,0.9691420749999999,4.0,4.0,4.0,4.0
178,CHP02547,麻黄根,0.9689196714285715,21.0,21.0,20.0,20.0
179,CHP01245,骨碎补,0.967940765135135,37.0,37.0,35.0,35.0
180,CHP01957,金叶子,0.966822763,10.0,10.0,9.0,9.0
181,CHP05848,黑蚂蚁,0.9658632,1.0,1.0,1.0,1.0
182,CHP03398,三七花,0.9654762404166668,24.0,24.0,22.0,22.0
183,CHP01886,绞股蓝,0.965474461805668,247.0,247.0,227.0,227.0
184,CHP04519,夏枯草,0.9634467260869566,23.0,23.0,20.0,20.0
185,CHP03585,山香,0.9585725541666666,12.0,12.0,11.0,11.0
186,CHP03673,肾茶,0.9547633929629629,27.0,27.0,25.0,25.0
187,CHP02149,块茎糙苏,0.95318174,1.0,1.0,1.0,1.0
188,CHP05159,益智,0.952879205,12.0,12.0,11.0,11.0
189,CHP04216,土贝母,0.9520533816666665,24.0,24.0,22.0,22.0
190,CHP03328,忍冬藤,0.9520308774999999,16.0,16.0,14.0,14.0
191,CHP06136,猪苓,0.9510812177777778,9.0,9.0,8.0,8.0
192,CHP06090,茯苓,0.9506857453333333,30.0,30.0,27.0,27.0
193,CHP01750,灰叶,0.950077985,8.0,8.0,7.0,7.0
194,CHP01988,粳米,0.949745188888889,9.0,9.0,8.0,8.0
195,CHP02114,苦苣,0.9487872628571429,7.0,7.0,6.0,6.0
196,CHP03111,平贝母,0.9482377970833333,24.0,24.0,22.0,22.0
197,CHP03587,山香圆,0.9474417066666666,6.0,6.0,5.0,5.0
198,CHP05866,鲩鱼,0.94621724,1.0,1.0,1.0,1.0
199,CHP00824,冬凌草,0.9456422287399999,50.0,50.0,45.0,45.0
200,CHP03591,山药,0.94481238,25.0,25.0,22.0,22.0
201,CHP02585,马钱子,0.9445608212820513,39.0,39.0,35.0,35.0
202,CHP03884,水茄,0.9408010152941176,17.0,17.0,14.0,14.0
203,CHP06131,香蕈,0.9402237811111112,9.0,9.0,8.0,8.0
204,CHP00281,菠菜,0.9399596833333332,21.0,21.0,18.0,18.0
205,CHP05229,油柑叶,0.9380999316666667,6.0,6.0,5.0,5.0
206,CHP02796,米仔兰,0.9379522283333332,12.0,12.0,11.0,11.0
207,CHP00356,车前子,0.9379363109523808,42.0,42.0,35.0,35.0
208,CHP00349,常春卫矛,0.9376645783333334,6.0,6.0,5.0,5.0
209,CHP01728,黄山药,0.9375737660000001,5.0,5.0,4.0,4.0
210,CHP01110,附子,0.9374894004938272,81.0,81.0,70.0,69.0
211,CHP04826,悬钩子,0.9366131,5.0,5.0,4.0,4.0
212,CHP03682,升麻,0.9351503005970149,134.0,134.0,113.0,113.0
213,CHP04667,小花鬼针草,0.934232225,6.0,6.0,5.0,5.0
214,CHP00965,鹅掌楸,0.9337838866666667,12.0,12.0,10.0,10.0
215,CHP03683,生姜,0.9335769192000002,75.0,75.0,66.0,65.0
216,CHP06047,熊胆,0.9334293833333334,6.0,6.0,5.0,5.0
217,CHP04578,香薷,0.93267491625,8.0,8.0,7.0,7.0
218,CHP05194,罂粟,0.9308367228571429,7.0,7.0,6.0,6.0
219,CHP04972,羊蹄草,0.9308165,1.0,1.0,1.0,1.0
220,CHP00947,多足蕨,0.9307588,9.0,9.0,8.0,8.0
221,CHP03547,山里红,0.92945255,6.0,6.0,5.0,5.0
222,CHP02416,龙须藤,0.9292424075000001,28.0,28.0,25.0,25.0
223,CHP05456,浙贝母,0.9278083166666667,3.0,3.0,2.0,2.0
224,CHP02748,没药,0.9277449517663231,291.0,291.0,251.0,248.0
225,CHP02250,了哥王根,0.9277261285714286,7.0,7.0,6.0,6.0
226,CHP04372,无患子,0.927276915,16.0,16.0,13.0,13.0
227,CHP01130,甘遂,0.9270186098412698,63.0,63.0,51.0,51.0
228,CHP00720,地榆,0.9262537725263159,95.0,95.0,80.0,80.0
229,CHP04164,铁丝灵仙,0.9246571742857144,14.0,14.0,11.0,11.0
230,CHP03319,人参,0.924305318046875,128.0,128.0,108.0,107.0
231,CHP04055,糖荠,0.923663345,8.0,8.0,6.0,6.0
232,CHP02282,荔枝叶,0.9235528999999999,6.0,6.0,5.0,5.0
233,CHP04736,小叶贯众,0.9230116333333335,6.0,6.0,5.0,4.0
234,CHP04458,西洋参,0.9226932206122448,49.0,49.0,42.0,42.0
235,CHP04959,羊角拗子,0.92259556,4.0,4.0,3.0,3.0
236,CHP00229,北沙参,0.9218224550476191,105.0,105.0,88.0,88.0
237,CHP05922,鹿茸,0.9199956142857143,7.0,7.0,5.0,5.0
238,CHP05325,月见草,0.9196911750000001,2.0,2.0,2.0,1.0
239,CHP02520,落葵花,0.9183450777777777,9.0,9.0,7.0,7.0
240,CHP06015,水蛭,0.91800181,9.0,9.0,7.0,7.0
241,CHP05835,蛤壳,0.91759807,1.0,1.0,1.0,1.0
242,CHP02017,桔梗,0.9173875474747476,99.0,99.0,79.0,79.0
243,CHP00016,安徽贝母,0.9163185172727274,11.0,11.0,8.0,8.0
244,CHP05087,野鸦椿,0.9162008866666667,3.0,3.0,2.0,2.0
245,CHP05962,牛黄,0.9160560847368422,19.0,19.0,15.0,15.0
246,CHP04898,延龄草,0.9151211291666668,12.0,12.0,9.0,9.0
247,CHP03302,瞿麦,0.9150329899999999,10.0,10.0,8.0,8.0
248,CHP03215,茄子根,0.9137836075,4.0,4.0,3.0,3.0
249,CHP04828,旋覆花,0.9137072853571427,28.0,28.0,23.0,22.0
250,CHP05409,樟树皮,0.9134129575000001,4.0,4.0,3.0,3.0
251,CHP00244,蓖麻叶,0.9128601125,4.0,4.0,3.0,3.0
252,CHP05565,竹节参,0.9107622449999999,12.0,12.0,9.0,9.0
253,CHP01376,黑杠柳,0.9105837514285715,7.0,7.0,5.0,5.0
254,CHP02488,罗布麻,0.9099457916666668,12.0,12.0,10.0,10.0
255,CHP03192,牵牛子,0.9099270638461538,39.0,39.0,31.0,31.0
256,CHP03498,山地香茶菜,0.9095694822222222,18.0,18.0,13.0,13.0
257,CHP02803,密蒙花,0.908512266,35.0,35.0,28.0,28.0
258,CHP04293,王不留行,0.908211597368421,19.0,19.0,16.0,16.0
259,CHP01600,华山矾,0.907838016,10.0,10.0,7.0,7.0
260,CHP02985,牛蒡子,0.907499659047619,21.0,21.0,18.0,18.0
261,CHP04231,土槿皮,0.907435294084507,71.0,71.0,57.0,57.0
262,CHP01369,鹤草芽,0.9071709233333333,3.0,3.0,2.0,2.0
263,CHP04818,续断,0.9067917337113403,97.0,97.0,76.0,76.0
264,CHP03024,牛膝,0.9065111751111112,162.0,162.0,131.0,131.0
265,CHP00630,淡豆豉,0.9064673021739132,23.0,23.0,18.0,18.0
266,CHP00791,定木香,0.9052455872727272,22.0,22.0,16.0,16.0
267,CHP05730,总状升麻,0.9046899136363635,11.0,11.0,8.0,8.0
268,CHP00079,白果槲寄生,0.90406135,4.0,4.0,3.0,3.0
269,CHP00210,半夏曲,0.9025904,2.0,2.0,2.0,1.0
270,CHP05778,蝉蜕,0.90236138,8.0,8.0,6.0,6.0
271,CHP01964,金樱子,0.901876216888889,45.0,45.0,35.0,35.0
272,CHP00078,白果根,0.9014567175,16.0,16.0,12.0,12.0
273,CHP02405,龙葵,0.9007085579999999,55.0,55.0,39.0,39.0
274,CHP03352,乳香,0.9003535949350651,77.0,77.0,63.0,62.0
275,CHP01614,桦树皮,0.8996004340000001,5.0,5.0,4.0,4.0
276,CHP00642,刀豆,0.89944932944,25.0,25.0,21.0,21.0
277,CHP00472,打碗花,0.8990836,3.0,3.0,2.0,2.0
278,CHP01727,黄三七,0.8990479457142857,7.0,7.0,5.0,5.0
279,CHP00309,糙苏,0.8989966890909092,11.0,11.0,8.0,8.0
280,CHP01677,黄荆根,0.8986174,2.0,2.0,1.0,1.0
281,CHP01327,桂竹香,0.8984415133333333,3.0,3.0,2.0,2.0
282,CHP02095,苦地丁,0.8978314385185185,27.0,27.0,22.0,22.0
283,CHP00729,灯盏细辛,0.8977708923529412,17.0,17.0,14.0,14.0
284,CHP03341,肉苁蓉,0.896743674375,64.0,64.0,51.0,49.0
285,CHP01246,瓜蒌,0.8963345866666668,90.0,90.0,68.0,65.0
286,CHP03372,赛莨菪,0.8962308659090908,44.0,44.0,31.0,31.0
287,CHP00040,巴拿马山石榴,0.89570498,10.0,10.0,7.0,7.0
288,CHP01973,筋骨草,0.8956068951282051,39.0,39.0,29.0,29.0
289,CHP04866,鸦胆子,0.8953627791666667,12.0,12.0,9.0,9.0
290,CHP05477,知母,0.8950484754945053,91.0,91.0,72.0,72.0
291,CHP00514,大黄花,0.8930701022222224,9.0,9.0,6.0,6.0
292,CHP01228,枸骨叶,0.8929052352272727,44.0,44.0,34.0,34.0
293,CHP01570,花生油,0.8928842333333332,3.0,3.0,2.0,2.0
294,CHP04127,甜叶菊,0.89237248,3.0,3.0,2.0,2.0
295,CHP04303,望江南,0.8919590988888889,9.0,9.0,8.0,5.0
296,CHP00617,丹参,0.8911372788382979,235.0,235.0,183.0,176.0
297,CHP02602,马醉木,0.8910050442857144,14.0,14.0,10.0,10.0
298,CHP03256,青葙子,0.889003695,18.0,18.0,13.0,13.0
299,CHP01836,荚蒾,0.8883849355999999,25.0,25.0,19.0,19.0
300,CHP05663,紫茉莉根,0.8883076866666667,3.0,3.0,2.0,2.0
301,CHP03214,茄子,0.8882626775,8.0,8.0,6.0,6.0
302,CHP00093,白花蛇舌草,0.8880902119565218,46.0,46.0,33.0,33.0
303,CHP03687,省沽油,0.8880676223076923,13.0,13.0,9.0,9.0
304,CHP01945,金铁锁,0.8878183908333335,12.0,12.0,9.0,9.0
305,CHP01818,蒺藜,0.88770431716,75.0,75.0,57.0,57.0
306,CHP03772,柿根,0.88759253,2.0,2.0,1.0,1.0
307,CHP00397,臭梧桐,0.8875529672222222,18.0,18.0,13.0,13.0
308,CHP01549,蝴蝶花,0.8870640785714284,7.0,7.0,5.0,5.0
309,CHP03754,石韦,0.887020825,4.0,4.0,3.0,3.0
310,CHP02939,南蛇藤根,0.8864938578260869,23.0,23.0,17.0,17.0
311,CHP04839,雪莲花,0.886125535,4.0,4.0,3.0,3.0
312,CHP06167,硫磺,0.886061035,2.0,2.0,1.0,1.0
313,CHP00772,跌打老,0.8852798024999999,16.0,16.0,12.0,11.0
314,CHP01008,防风草,0.885124975,4.0,4.0,3.0,3.0
315,CHP01822,蕺叶秋海棠,0.8850775566666668,3.0,3.0,2.0,2.0
316,CHP03116,萍蓬草,0.8845203716666666,6.0,6.0,4.0,4.0
317,CHP05294,玉竹,0.8836767575,12.0,12.0,9.0,9.0
318,CHP04108,田葱,0.8832562875,4.0,4.0,3.0,3.0
319,CHP02516,落地生根,0.882370914,5.0,5.0,4.0,4.0
320,CHP02219,莨菪叶,0.8820694928947367,38.0,38.0,25.0,24.0
321,CHP02298,连翘,0.8818062129310344,116.0,116.0,86.0,82.0
322,CHP01007,防风,0.8814773826315789,38.0,38.0,30.0,28.0
323,CHP00987,番木瓜,0.8812067037500001,24.0,24.0,16.0,16.0
324,CHP05205,迎春花,0.880968356153846,13.0,13.0,9.0,9.0
325,CHP04473,细葛缕子,0.8806473743333333,30.0,30.0,20.0,20.0
326,CHP00641,党参,0.8799826036923077,65.0,65.0,50.0,50.0
327,CHP01916,金鸡纳,0.8796647920833331,24.0,24.0,15.0,15.0
328,CHP02439,耧斗菜,0.87953145625,16.0,16.0,10.0,10.0
329,CHP05427,长管香茶菜,0.8794810613636365,22.0,22.0,15.0,15.0
330,CHP00137,白屈菜,0.8792223356896551,58.0,58.0,46.0,45.0
331,CHP06111,灵芝,0.8792001302120142,283.0,283.0,208.0,201.0
332,CHP01551,虎耳草,0.8791796300000001,7.0,7.0,5.0,5.0
333,CHP00454,刺楸树皮,0.8791134018181819,11.0,11.0,7.0,7.0
334,CHP02254,雷公藤,0.878995653540856,257.0,257.0,189.0,187.0
335,CHP02121,苦楝叶,0.8788208666666666,3.0,3.0,2.0,2.0
336,CHP01351,诃子,0.8787340758823529,34.0,34.0,25.0,25.0
337,CHP04565,香加皮,0.8784960045283019,106.0,106.0,70.0,70.0
338,CHP02025,菊芋,0.8782643616666667,6.0,6.0,4.0,4.0
339,CHP02947,南天竹叶,0.8781249,4.0,4.0,3.0,3.0
340,CHP00252,萹蓄,0.8780634565753425,73.0,73.0,54.0,54.0
341,CHP02023,菊苣,0.8778177414285715,70.0,70.0,48.0,48.0
342,CHP02340,列当,0.87761849,5.0,5.0,4.0,3.0
343,CHP00676,地肤子,0.877577202,10.0,10.0,7.0,7.0
344,CHP00456,刺五加,0.8772587156603774,53.0,53.0,39.0,38.0
345,CHP00884,杜仲,0.877019150117647,85.0,85.0,64.0,62.0
346,CHP03576,山莴苣,0.8765725283333333,6.0,6.0,4.0,4.0
347,CHP04170,铁仔,0.8765535099999999,3.0,3.0,2.0,1.0
348,CHP00576,大叶骨碎补,0.8761959500000001,4.0,4.0,3.0,3.0
349,CHP00208,半枫荷,0.8760378666666666,3.0,3.0,2.0,2.0
350,CHP03185,千年健,0.8759402987999999,25.0,25.0,18.0,17.0
351,CHP05501,枳实,0.8758228716666667,6.0,6.0,5.0,3.0
352,CHP02934,南山藤,0.8750167,5.0,5.0,3.0,3.0
353,CHP04006,酸枣仁,0.8747294351851851,27.0,27.0,19.0,19.0
354,CHP02808,绵萆薢,0.8742161026415094,53.0,53.0,36.0,36.0
355,CHP01425,红花,0.8738968619298247,114.0,114.0,86.0,81.0
356,CHP04574,香排草,0.8736514325,8.0,8.0,5.0,5.0
357,CHP02914,苜蓿根,0.87309584,2.0,2.0,1.0,1.0
358,CHP00227,北豆,0.8728944037499999,16.0,16.0,10.0,10.0
359,CHP04765,薤白,0.8728293389999999,40.0,40.0,27.0,25.0
360,CHP04344,乌桕木根皮,0.8728165999999999,2.0,2.0,1.0,1.0
361,CHP04057,桃儿七,0.872797003,10.0,10.0,7.0,7.0
362,CHP00689,地黄,0.872626552385965,285.0,285.0,192.0,192.0
363,CHP00957,鹅不食草,0.8724706710204081,49.0,49.0,38.0,38.0
364,CHP02155,款冬花,0.8722724579746838,79.0,79.0,60.0,56.0
365,CHP02837,墨旱莲,0.8722324024528303,53.0,53.0,40.0,40.0
366,CHP04008,算盘子,0.8720723659999999,20.0,20.0,14.0,14.0
367,CHP04276,豌豆,0.8718542849999998,10.0,10.0,7.0,6.0
368,CHP03198,茜草,0.8717106922972973,74.0,74.0,48.0,47.0
369,CHP00384,赤小豆,0.8714303651923078,52.0,52.0,35.0,35.0
370,CHP03027,牛心茄子,0.871322786,5.0,5.0,3.0,3.0
371,CHP03630,商陆,0.8713046553763442,93.0,93.0,62.0,62.0
372,CHP03389,三棱,0.8711601225000001,16.0,16.0,11.0,11.0
373,CHP04285,万年青根,0.8709803170000001,10.0,10.0,6.0,6.0
374,CHP01555,虎尾兰,0.8708447349999999,2.0,2.0,1.0,1.0
375,CHP01946,金挖耳,0.8706665433333334,3.0,3.0,2.0,2.0
376,CHP05512,肿柄菊,0.870248796923077,13.0,13.0,9.0,9.0
377,CHP06133,蛹虫草,0.8701537609090909,11.0,11.0,8.0,7.0
378,CHP05689,紫葳茎叶,0.8699721583333333,6.0,6.0,4.0,4.0
379,CHP01644,黄瓜,0.8699078522727273,22.0,22.0,16.0,16.0
380,CHP03732,石榴皮,0.869625336111111,18.0,18.0,12.0,12.0
381,CHP03907,水蜈蚣,0.8694380666666667,3.0,3.0,2.0,2.0
382,CHP01516,胡芦巴,0.8694059024305555,144.0,144.0,95.0,93.0
383,CHP06038,犀角,0.86865545,2.0,2.0,1.0,1.0
384,CHP02904,木香,0.868462131904762,42.0,42.0,30.0,30.0
385,CHP02913,苜蓿,0.8683654666666666,6.0,6.0,4.0,4.0
386,CHP03162,漆大姑,0.86773105,4.0,4.0,3.0,3.0
387,CHP03317,荛花,0.8676501200000001,5.0,5.0,3.0,3.0
388,CHP01911,金果榄,0.8674692286666665,15.0,15.0,11.0,11.0
389,CHP05403,樟梨,0.867321052,5.0,5.0,3.0,3.0
390,CHP05919,鹿角,0.8672478,2.0,2.0,1.0,1.0
391,CHP01992,景天三七,0.8665725568181817,22.0,22.0,17.0,17.0
392,CHP04903,岩白菜,0.8664931666666668,3.0,3.0,2.0,2.0
393,CHP01813,吉祥草,0.8662156879999999,20.0,20.0,12.0,12.0
394,CHP04306,威灵仙,0.8662039522499999,40.0,40.0,28.0,28.0
395,CHP01815,棘豆,0.8652429753846154,13.0,13.0,9.0,9.0
396,CHP02410,龙脑膏香,0.8652401953333335,15.0,15.0,11.0,11.0
397,CHP04033,台湾泽兰,0.8651958799999999,7.0,7.0,5.0,4.0
398,CHP02090,苦参,0.865178969361702,94.0,94.0,71.0,71.0
399,CHP02631,蔓荆子,0.8651307629210525,38.0,38.0,29.0,29.0
400,CHP01126,甘薯,0.8650277362500001,8.0,8.0,6.0,6.0
401,CHP05185,银杏,0.8648037704761904,42.0,42.0,31.0,29.0
402,CHP01408,红参,0.8647313884905661,53.0,53.0,39.0,39.0
403,CHP01127,甘松,0.8644607585999999,50.0,50.0,38.0,38.0
404,CHP03097,皮哨子,0.8642580200000001,5.0,5.0,3.0,3.0
405,CHP00936,多裂委陵菜,0.8641276566666667,3.0,3.0,2.0,2.0
406,CHP02814,绵枣儿,0.863627996,10.0,10.0,6.0,6.0
407,CHP00042,巴西胡桐,0.863075598,10.0,10.0,7.0,7.0
408,CHP03088,蟛蜞菊,0.8629254785714285,7.0,7.0,5.0,5.0
409,CHP03423,桑白皮,0.8625253302040816,147.0,147.0,104.0,102.0
410,CHP00121,白毛藤,0.8625239915702481,121.0,121.0,78.0,78.0
411,CHP03771,柿蒂,0.8623704930769233,39.0,39.0,28.0,28.0
412,CHP01558,虎掌草,0.862176156,5.0,5.0,3.0,3.0
413,CHP01244,骨节草,0.8619554433333333,6.0,6.0,5.0,3.0
414,CHP04313,尾叶香茶菜,0.86173456,35.0,35.0,21.0,21.0
415,CHP00146,白头翁,0.8615696525806451,93.0,93.0,64.0,62.0
416,CHP03223,青黛,0.861296265,2.0,2.0,1.0,1.0
417,CHP02176,辣木,0.8611441306779662,118.0,118.0,82.0,82.0
418,CHP02098,苦丁茶,0.8608487844881889,127.0,127.0,87.0,85.0
419,CHP06129,松蕈,0.860844255,8.0,8.0,5.0,5.0
420,CHP02463,鹿角菜,0.8606932,7.0,7.0,4.0,4.0
421,CHP01763,火索麻,0.86064796625,8.0,8.0,6.0,6.0
422,CHP01387,黑水翠雀,0.8602926533333334,3.0,3.0,2.0,2.0
423,CHP02983,牛蒡根,0.8602887533333333,3.0,3.0,2.0,1.0
424,CHP01356,合欢皮,0.860277777142857,35.0,35.0,23.0,23.0
425,CHP04524,仙鹤草,0.8596195372727273,11.0,11.0,7.0,7.0
426,CHP01163,高粱,0.85954168,6.0,6.0,4.0,4.0
427,CHP03416,三钻风,0.8595139374999999,4.0,4.0,2.0,2.0
428,CHP00872,独一味,0.8594246915384616,26.0,26.0,17.0,16.0
429,CHP03229,青蒿,0.8593600974166667,120.0,120.0,81.0,80.0
430,CHP05012,野百合,0.8590972833333334,3.0,3.0,2.0,2.0
431,CHP02119,苦楝皮,0.8587791389655174,87.0,87.0,60.0,55.0
432,CHP05139,一枝蒿,0.8586723350000001,4.0,4.0,3.0,3.0
433,CHP00797,东北雷公藤,0.858652437368421,38.0,38.0,25.0,25.0
434,CHP03503,山矾,0.85864837,5.0,5.0,3.0,3.0
435,CHP00722,灯笼草,0.858620865,10.0,10.0,6.0,6.0
436,CHP03565,山萩,0.8585890619999998,5.0,5.0,3.0,3.0
437,CHP01132,肝风草,0.8585311872222223,18.0,18.0,12.0,12.0
438,CHP02469,鹿衔草,0.8585277536363637,11.0,11.0,7.0,7.0
439,CHP03635,芍药,0.8583809099065421,107.0,107.0,75.0,73.0
440,CHP05320,月桂叶,0.8583773350000001,6.0,6.0,4.0,4.0
441,CHP04047,檀香,0.8579521192592593,27.0,27.0,20.0,19.0
442,CHP04065,桃仁,0.8578282708333334,72.0,72.0,49.0,49.0
443,CHP06060,原蚕沙,0.857827405,6.0,6.0,5.0,5.0
444,CHP03698,十大功劳叶,0.857617025522388,67.0,67.0,44.0,44.0
445,CHP01983,荆芥,0.8574764932098766,81.0,81.0,59.0,57.0
446,CHP03360,蕤仁,0.8572579,3.0,3.0,2.0,2.0
447,CHP03099,枇杷核,0.8571425399999999,6.0,6.0,4.0,4.0
448,CHP03911,水仙根,0.85700951,6.0,6.0,4.0,4.0
449,CHP04552,香茶菜,0.856767854276458,463.0,463.0,278.0,278.0
450,CHP03679,肾子草,0.8565536614285715,7.0,7.0,5.0,5.0
451,CHP01506,厚皮香,0.8562135771428573,7.0,7.0,4.0,4.0
452,CHP02122,苦楝子,0.8559456603225806,31.0,31.0,22.0,22.0
453,CHP03762,石竹,0.85550495,8.0,8.0,5.0,5.0
454,CHP00444,刺果苏木,0.8553452902777778,36.0,36.0,24.0,24.0
455,CHP03323,人参叶,0.8551641204,75.0,75.0,51.0,51.0
456,CHP02056,决明子,0.8548758501785715,56.0,56.0,37.0,37.0
457,CHP05841,海螵蛸,0.8545255,2.0,2.0,1.0,1.0
458,CHP01316,桂花,0.8543606525,8.0,8.0,6.0,5.0
459,CHP02942,南酸枣,0.8542450075000001,4.0,4.0,2.0,2.0
460,CHP01936,金雀花,0.8541946868421053,19.0,19.0,13.0,13.0
461,CHP04084,天胡荽,0.8541744366666665,12.0,12.0,7.0,7.0
462,CHP03647,蛇根草,0.853820457,10.0,10.0,6.0,6.0
463,CHP02676,毛萼香茶菜,0.8537256087179489,39.0,39.0,25.0,25.0
464,CHP01382,黑老虎,0.8535281908333333,48.0,48.0,32.0,32.0
465,CHP03077,泡桐果,0.8535124000000001,2.0,2.0,1.0,1.0
466,CHP00660,稻草,0.8535039918518519,27.0,27.0,17.0,16.0
467,CHP04002,酸石榴,0.85337364,8.0,8.0,5.0,5.0
468,CHP01235,枸杞叶,0.8532660592857144,14.0,14.0,9.0,8.0
469,CHP05880,鸡脑,0.8532217766666667,3.0,3.0,2.0,2.0
470,CHP01717,黄芪,0.8530785398830409,171.0,171.0,110.0,110.0
471,CHP01797,鸡嗉子,0.853057965,4.0,4.0,3.0,3.0
472,CHP02063,开口箭,0.8529891094,50.0,50.0,29.0,29.0
473,CHP00341,柴胡,0.852845324548495,299.0,299.0,206.0,199.0
474,CHP05061,野马追,0.8527929100000001,17.0,17.0,11.0,10.0
475,CHP00393,臭茉莉,0.85277772,2.0,2.0,1.0,1.0
476,CHP04280,晚香玉,0.8517239036842105,19.0,19.0,10.0,10.0
477,CHP04822,萱草根,0.8515468979999999,5.0,5.0,3.0,3.0
478,CHP04746,小叶石楠,0.85141595,2.0,2.0,1.0,1.0
479,CHP01958,金银花,0.8512693863013698,146.0,146.0,100.0,99.0
480,CHP02847,木半夏根,0.8511652333333334,3.0,3.0,2.0,2.0
481,CHP00381,赤麻,0.8510042166666666,3.0,3.0,2.0,2.0
482,CHP05834,蛤蚧,0.8508743533333334,3.0,3.0,2.0,2.0
483,CHP05163,翼首草,0.8508529678571427,14.0,14.0,10.0,10.0
484,CHP05679,紫苏叶,0.8506981591666666,12.0,12.0,8.0,8.0
485,CHP01011,防己,0.850535595609756,41.0,41.0,31.0,29.0
486,CHP02400,龙胆草,0.850490346923077,65.0,65.0,41.0,40.0
487,CHP04525,仙茅,0.8500375253333333,60.0,60.0,38.0,38.0
488,CHP02785,猕猴桃根,0.8500311719999999,5.0,5.0,4.0,4.0
489,CHP02889,木榄,0.8498811578947368,19.0,19.0,12.0,12.0
490,CHP01603,华泽兰,0.8498425329411765,34.0,34.0,21.0,21.0
491,CHP00885,杜仲叶,0.8497822475342466,73.0,73.0,53.0,52.0
492,CHP01656,黄花夹竹桃,0.8493934845945946,37.0,37.0,22.0,22.0
493,CHP00150,白薇,0.8492887672941176,85.0,85.0,58.0,56.0
494,CHP03395,三面刀,0.8489047928571428,14.0,14.0,8.0,8.0
495,CHP04466,豨莶草,0.8484391392857142,56.0,56.0,39.0,39.0
496,CHP04419,五味子,0.8481696635146444,239.0,239.0,173.0,171.0
497,CHP00140,白首乌,0.8480439035,40.0,40.0,24.0,24.0
498,CHP00191,斑鸠菊,0.8470401254545454,22.0,22.0,13.0,13.0
499,CHP01968,金盏菊,0.8467636304545455,44.0,44.0,28.0,28.0
500,CHP03363,瑞香,0.8462898494736842,19.0,19.0,14.0,14.0
501,CHP01514,胡黄连,0.8461080944594594,74.0,74.0,45.0,44.0
502,CHP03863,水苦荬,0.846096195,6.0,6.0,4.0,4.0
503,CHP02375,柳杉,0.8459242538095237,21.0,21.0,14.0,14.0
504,CHP00731,棣棠花,0.8455511274999999,12.0,12.0,6.0,6.0
505,CHP01573,花叶假杜鹃,0.8455302714285714,7.0,7.0,4.0,4.0
506,CHP05289,玉叶金花,0.8452900554545455,11.0,11.0,6.0,6.0
507,CHP00902,断节参,0.8452502333333333,3.0,3.0,2.0,2.0
508,CHP04863,荨麻,0.8451814307692307,13.0,13.0,8.0,8.0
509,CHP02420,龙牙楤木,0.844705208,5.0,5.0,3.0,3.0
510,CHP02272,藜芦,0.8445292228947369,38.0,38.0,23.0,22.0
511,CHP02621,曼陀罗,0.8445185049999999,44.0,44.0,30.0,30.0
512,CHP01795,鸡屎藤,0.8440847531428571,35.0,35.0,24.0,23.0
513,CHP00256,鞭叶铁线蕨,0.8438379075000001,12.0,12.0,8.0,8.0
514,CHP04018,娑罗子,0.8438164190909091,11.0,11.0,7.0,7.0
515,CHP05377,泽漆,0.8438082953846154,39.0,39.0,25.0,25.0
516,CHP02406,龙葵根,0.8434954977083332,48.0,48.0,33.0,32.0
517,CHP01540,湖北黄精,0.8432349584615384,13.0,13.0,7.0,7.0
518,CHP02869,木蝴蝶,0.8432245297272728,22.0,22.0,16.0,16.0
519,CHP03226,青果,0.8431543292857142,14.0,14.0,9.0,9.0
520,CHP04902,芫荽子,0.8431268176470588,17.0,17.0,10.0,10.0
521,CHP00221,保山乌头,0.842927710909091,11.0,11.0,6.0,6.0
522,CHP00284,播娘蒿,0.8428834435714286,14.0,14.0,8.0,8.0
523,CHP01486,红藤,0.8428019406896552,29.0,29.0,19.0,19.0
524,CHP02137,苦玄参,0.8425948645,20.0,20.0,12.0,12.0
525,CHP00347,常春藤,0.8424207136363635,11.0,11.0,7.0,7.0
526,CHP00970,鄂北贝母,0.8420200375,8.0,8.0,6.0,6.0
527,CHP05486,蜘蛛香,0.84188128,10.0,10.0,6.0,6.0
528,CHP01756,茴芹,0.8418590055999999,25.0,25.0,16.0,16.0
529,CHP03808,鼠尾草,0.8417255561016949,59.0,59.0,40.0,39.0
530,CHP03082,佩兰,0.8414086816949153,59.0,59.0,42.0,38.0
531,CHP01019,飞燕草,0.8412012823529412,17.0,17.0,10.0,10.0
532,CHP00670,地胆草,0.841013435,10.0,10.0,6.0,6.0
533,CHP02342,裂果薯,0.8409508417647059,17.0,17.0,9.0,9.0
534,CHP02675,毛冬青,0.840555824,5.0,5.0,3.0,3.0
535,CHP02495,罗汉果,0.8405393629411764,102.0,102.0,69.0,67.0
536,CHP01840,假百合,0.84025222,5.0,5.0,3.0,3.0
537,CHP04951,燕麦,0.840056118,10.0,10.0,6.0,5.0
538,CHP04358,乌苏里瓦韦,0.83983385,2.0,2.0,1.0,1.0
539,CHP01312,鬼针草,0.8398295626666665,15.0,15.0,10.0,10.0
540,CHP00486,大豆,0.8397081333333335,12.0,12.0,7.0,7.0
541,CHP05157,益母草,0.8393316878260869,69.0,69.0,42.0,42.0
542,CHP02494,罗锅底,0.8393120544444445,9.0,9.0,5.0,5.0
543,CHP00168,百部,0.8390954107127071,181.0,181.0,124.0,123.0
544,CHP01809,积雪草,0.8388175509756098,41.0,41.0,24.0,24.0
545,CHP00323,草乌叶,0.8387863430769232,13.0,13.0,8.0,8.0
546,CHP03204,枪刀药,0.8384213160714287,28.0,28.0,19.0,19.0
547,CHP04178,通关藤,0.8384009338095237,21.0,21.0,11.0,10.0
548,CHP02007,韭菜,0.8383132375,4.0,4.0,3.0,3.0
549,CHP01463,红毛野海棠,0.83824345,2.0,2.0,1.0,1.0
550,CHP01620,槐,0.8379136023076923,13.0,13.0,9.0,8.0
551,CHP00972,儿茶,0.8378864102439025,41.0,41.0,27.0,27.0
552,CHP04114,甜茶,0.8378081,2.0,2.0,1.0,1.0
553,CHP04984,杨梅,0.83762449,9.0,9.0,6.0,6.0
554,CHP04085,天花粉,0.8374718339999999,5.0,5.0,3.0,3.0
555,CHP03918,水杨梅,0.8371877649999999,2.0,2.0,1.0,1.0
556,CHP03102,枇杷叶,0.8370588971910112,89.0,89.0,62.0,61.0
557,CHP02104,苦瓜,0.8367025075,4.0,4.0,2.0,2.0
558,CHP03180,千金子,0.8366926539999999,10.0,10.0,7.0,7.0
559,CHP04106,天竺黄,0.8366717026923076,26.0,26.0,17.0,15.0
560,CHP05132,一年蓬,0.8365701759090908,22.0,22.0,13.0,13.0
561,CHP04535,咸酸蔃,0.83630437,1.0,1.0,1.0,0.0
562,CHP01242,谷精草,0.8358279490000001,20.0,20.0,14.0,14.0
563,CHP04556,香附,0.8357931067307691,52.0,52.0,37.0,37.0
564,CHP04547,相思子,0.8350726654545455,11.0,11.0,7.0,7.0
565,CHP01144,干冬菜,0.83481425,2.0,2.0,1.0,1.0
566,CHP01930,金牛草,0.8347416131578947,19.0,19.0,12.0,12.0
567,CHP03124,破布木,0.8344103800000001,5.0,5.0,3.0,3.0
568,CHP02412,龙舌兰,0.8343107703571429,28.0,28.0,19.0,19.0
569,CHP02209,狼毒,0.8342744297222222,36.0,36.0,23.0,23.0
570,CHP00513,大黄,0.8341475870243904,205.0,205.0,127.0,126.0
571,CHP01985,荆芥穗,0.8339816266666666,6.0,6.0,4.0,4.0
572,CHP01416,红豆杉,0.8339289391788322,548.0,548.0,326.0,325.0
573,CHP00371,秤钩风,0.833628017,10.0,10.0,5.0,5.0
574,CHP01181,戈壁天门冬,0.833468337,10.0,10.0,6.0,6.0
575,CHP00573,大叶柴胡,0.8334520622222221,9.0,9.0,5.0,5.0
576,CHP01159,杠香藤,0.8334439666666666,3.0,3.0,2.0,2.0
577,CHP00543,板蓝根,0.833300540103627,193.0,193.0,124.0,118.0
578,CHP03596,山樱桃,0.8331276775,4.0,4.0,2.0,2.0
579,CHP01309,鬼箭锦鸡儿,0.8325665927272726,11.0,11.0,7.0,7.0
580,CHP04900,芫花根,0.8324412,3.0,3.0,2.0,2.0
581,CHP02951,南烛,0.8323160725000001,4.0,4.0,2.0,2.0
582,CHP00541,大青,0.8322137000000001,2.0,2.0,1.0,1.0
583,CHP02901,木通,0.8319097854838708,62.0,62.0,36.0,36.0
584,CHP03893,水松,0.8318471975,4.0,4.0,2.0,2.0
585,CHP02355,铃兰,0.8317139505,20.0,20.0,10.0,10.0
586,CHP00376,赤瓟,0.831575205,8.0,8.0,5.0,5.0
587,CHP02935,南蛇竻,0.8312687291666667,12.0,12.0,8.0,8.0
588,CHP05370,皂荚,0.8310497131818181,22.0,22.0,12.0,11.0
589,CHP01690,黄连,0.8308093691666668,24.0,24.0,16.0,16.0
590,CHP02109,苦蒿,0.8306865475,12.0,12.0,6.0,6.0
591,CHP03344,肉桂,0.8306529123809524,21.0,21.0,13.0,12.0
592,CHP00135,白前,0.8306469561538463,78.0,78.0,48.0,48.0
593,CHP05881,鸡内金,0.8300432,3.0,3.0,2.0,2.0
594,CHP00298,苍耳,0.8300007635294118,17.0,17.0,10.0,10.0
595,CHP04190,桐油,0.8299753830000001,10.0,10.0,5.0,5.0
596,CHP03670,神黄豆,0.829714815,4.0,4.0,2.0,2.0
597,CHP04169,铁线莲,0.82969457,2.0,2.0,1.0,1.0
598,CHP03707,石胆草,0.8296677033333332,6.0,6.0,3.0,3.0
599,CHP02478,露水草,0.829588403,10.0,10.0,5.0,5.0
600,CHP05154,异叶梁王茶,0.8295724375,8.0,8.0,4.0,4.0
601,CHP02429,龙眼叶,0.8294972566666666,6.0,6.0,3.0,3.0
602,CHP03329,日中花,0.829486885,2.0,2.0,1.0,1.0
603,CHP02842,牡丹皮,0.829422336716418,67.0,67.0,45.0,45.0
604,CHP03182,千里光,0.8293387342857143,35.0,35.0,22.0,21.0
605,CHP04083,天冬,0.8290590259259261,54.0,54.0,30.0,28.0
606,CHP03213,荞麦,0.8289999342857143,14.0,14.0,9.0,8.0
607,CHP04523,夏至草,0.8289972838461538,13.0,13.0,8.0,8.0
608,CHP01185,葛根,0.828948293255814,43.0,43.0,27.0,27.0
609,CHP00322,草乌,0.8289296431645571,79.0,79.0,50.0,50.0
610,CHP04809,绣线菊叶,0.8288570311111111,9.0,9.0,5.0,5.0
611,CHP05329,越橘叶,0.8287354100000001,3.0,3.0,2.0,2.0
612,CHP04469,喜树,0.828619626521739,23.0,23.0,15.0,13.0
613,CHP02323,两面针,0.8284225220930234,43.0,43.0,28.0,26.0
614,CHP04165,铁丝七,0.8282059133333334,6.0,6.0,4.0,4.0
615,CHP01697,黄栌枝叶,0.82791295,2.0,2.0,1.0,1.0
616,CHP00448,刺梨,0.827860302,5.0,5.0,3.0,3.0
617,CHP03979,苏木,0.8278361026000001,50.0,50.0,31.0,29.0
618,CHP00482,大巢菜,0.827660668,5.0,5.0,3.0,3.0
619,CHP00728,灯油藤子,0.8274917171428572,7.0,7.0,4.0,4.0
620,CHP00336,茶子,0.8273728661538461,13.0,13.0,7.0,6.0
621,CHP00308,藏青果,0.82735675,3.0,3.0,2.0,1.0
622,CHP00332,茶条槭,0.8270217799999999,2.0,2.0,1.0,1.0
623,CHP03038,糯稻根,0.8269581338461539,13.0,13.0,7.0,7.0
624,CHP04259,菟丝子,0.82680416,11.0,11.0,7.0,7.0
625,CHP05309,圆滑番荔枝,0.8264407,5.0,5.0,3.0,3.0
626,CHP02313,莲子草,0.82623005625,8.0,8.0,4.0,4.0
627,CHP01045,风藤,0.8261137461797753,89.0,89.0,61.0,60.0
628,CHP02510,萝藦,0.8259889985714286,14.0,14.0,8.0,8.0
629,CHP03135,蒲黄,0.8259619741666665,12.0,12.0,8.0,7.0
630,CHP04374,无患子皮,0.825726974,5.0,5.0,3.0,3.0
631,CHP03946,四季青,0.825539584117647,17.0,17.0,12.0,11.0
632,CHP01676,黄荆,0.8253722566666666,15.0,15.0,8.0,8.0
633,CHP01350,旱芹,0.8252453270370371,27.0,27.0,17.0,16.0
634,CHP05782,蟾酥,0.8251243288732394,71.0,71.0,45.0,45.0
635,CHP05615,梓叶,0.8251081966666667,21.0,21.0,13.0,13.0
636,CHP05357,芸薹,0.82509777,2.0,2.0,1.0,1.0
637,CHP03373,三白草,0.8250561894117647,34.0,34.0,24.0,24.0
638,CHP02085,苦芺,0.8249937099999999,3.0,3.0,2.0,2.0
639,CHP04290,万寿菊,0.8248653342857143,7.0,7.0,4.0,4.0
640,CHP02657,猫眼草,0.8248514300000002,30.0,30.0,19.0,19.0
641,CHP05553,猪屎豆,0.8244551000000001,3.0,3.0,2.0,1.0
642,CHP01029,肺形草,0.824393522,5.0,5.0,4.0,4.0
643,CHP01073,凤仙透骨草,0.8243366763043479,46.0,46.0,28.0,27.0
644,CHP00241,萆薢,0.8241240246621622,74.0,74.0,45.0,45.0
645,CHP05515,重楼,0.8240572225806452,31.0,31.0,16.0,16.0
646,CHP05992,人中白,0.8240342175903613,83.0,83.0,57.0,53.0
647,CHP00608,大枣,0.8239999126219514,164.0,164.0,108.0,103.0
648,CHP02604,买麻藤,0.8239074025641026,39.0,39.0,25.0,25.0
649,CHP04761,斜基粗叶木,0.8236479025,4.0,4.0,2.0,2.0
650,CHP01933,金荞麦,0.8233983547826086,23.0,23.0,15.0,15.0
651,CHP05662,紫茉莉,0.8233625175,8.0,8.0,5.0,4.0
652,CHP02048,卷柏,0.8232479803999999,25.0,25.0,18.0,17.0
653,CHP02640,芒果叶,0.823197175,2.0,2.0,1.0,1.0
654,CHP01096,浮萍,0.8231667347368421,38.0,38.0,27.0,26.0
655,CHP00119,白马骨,0.8231219663636363,11.0,11.0,7.0,7.0
656,CHP01260,关黄柏,0.8230659263285715,70.0,70.0,46.0,46.0
657,CHP04173,葶苈子,0.8230536430769231,39.0,39.0,23.0,22.0
658,CHP05392,粘毛鼠尾草,0.82266765,4.0,4.0,2.0,2.0
659,CHP06117,蘑菇,0.8224659063636364,11.0,11.0,7.0,5.0
660,CHP01187,葛花,0.8224002466666668,63.0,63.0,43.0,41.0
661,CHP02337,辽东楤木,0.8222481157894737,19.0,19.0,9.0,9.0
662,CHP05283,玉兰,0.8220722784090907,44.0,44.0,29.0,29.0
663,CHP01236,枸杞子,0.8220553553284672,137.0,137.0,93.0,90.0
664,CHP06122,桑黄,0.822003205625,16.0,16.0,8.0,8.0
665,CHP03977,苏合香,0.8219835377619047,21.0,21.0,15.0,14.0
666,CHP00038,巴豆霜,0.8219141,1.0,1.0,1.0,0.0
667,CHP01412,红椿,0.8217953479999999,5.0,5.0,3.0,2.0
668,CHP04599,响铃草,0.8216741472727273,11.0,11.0,7.0,7.0
669,CHP04546,相思藤,0.82162845875,16.0,16.0,9.0,9.0
670,CHP02500,罗汉松实,0.8208267347058824,17.0,17.0,9.0,9.0
671,CHP02125,苦木,0.8204455551612903,62.0,62.0,34.0,34.0
672,CHP03778,柿叶,0.820383997857143,14.0,14.0,8.0,7.0
673,CHP00998,翻白草,0.8201191746666667,15.0,15.0,9.0,8.0
674,CHP00693,地锦,0.8199937933333333,6.0,6.0,3.0,3.0
675,CHP01323,桂皮,0.8199788763636363,11.0,11.0,6.0,5.0
676,CHP00875,杜茎山,0.8199522012,25.0,25.0,15.0,10.0
677,CHP02696,毛连菜,0.8198376249999999,4.0,4.0,2.0,2.0
678,CHP05117,叶下珠,0.81967454,15.0,15.0,9.0,9.0
679,CHP03532,山姜,0.8196168855555556,18.0,18.0,12.0,12.0
680,CHP00313,草苁蓉,0.8193036786111112,36.0,36.0,20.0,20.0
681,CHP02557,麻叶,0.8192990015384615,13.0,13.0,9.0,8.0
682,CHP00124,白茅根,0.8192175111864406,59.0,59.0,41.0,40.0
683,CHP05010,椰子瓤,0.818906635,2.0,2.0,1.0,1.0
684,CHP02997,牛耳枫子,0.8188570583333333,6.0,6.0,4.0,4.0
685,CHP05557,猪鬃草,0.8186135176470588,17.0,17.0,11.0,11.0
686,CHP00989,番茄,0.8185759732075472,53.0,53.0,31.0,30.0
687,CHP05687,紫菀,0.8184745807142858,28.0,28.0,16.0,16.0
688,CHP01269,管花肉苁蓉,0.818353909,10.0,10.0,5.0,5.0
689,CHP06067,雉,0.8183489749999999,2.0,2.0,1.0,1.0
690,CHP01905,金钗凤尾蕨,0.8178286127272728,11.0,11.0,7.0,7.0
691,CHP03273,秋枫木,0.8171018166666667,3.0,3.0,2.0,2.0
692,CHP00213,榜嘎,0.81690512,5.0,5.0,3.0,3.0
693,CHP01525,胡桃叶,0.8165213,2.0,2.0,1.0,1.0
694,CHP05255,余甘子,0.8164729,48.0,48.0,26.0,26.0
695,CHP01345,海州骨碎补,0.816460713,10.0,10.0,6.0,6.0
696,CHP01630,黄柏,0.8162489438888889,54.0,54.0,33.0,33.0
697,CHP00770,调经草,0.81623947,5.0,5.0,3.0,3.0
698,CHP05581,竹叶柴胡,0.81610655,2.0,2.0,1.0,1.0
699,CHP00170,百合,0.8160742581459854,137.0,137.0,84.0,84.0
700,CHP06073,紫河车,0.815782725,2.0,2.0,1.0,1.0
701,CHP03175,千层塔,0.8157060462153847,65.0,65.0,41.0,41.0
702,CHP01519,胡萝卜子,0.8154378420930233,43.0,43.0,27.0,27.0
703,CHP00394,臭牡丹,0.8153886075,4.0,4.0,3.0,3.0
704,CHP00500,大果大戟,0.8149631675,16.0,16.0,10.0,10.0
705,CHP04092,天罗水,0.8149493950000001,12.0,12.0,6.0,6.0
706,CHP01568,花楸,0.8147906779999999,5.0,5.0,3.0,3.0
707,CHP05224,油茶子,0.8145872633333333,6.0,6.0,3.0,3.0
708,CHP02498,罗汉松,0.8145483677777778,18.0,18.0,10.0,10.0
709,CHP01543,槲寄生,0.8140508665573771,61.0,61.0,36.0,36.0
710,CHP05319,远志,0.8139044396666667,120.0,120.0,73.0,70.0
711,CHP01741,黄杨,0.8131862984,25.0,25.0,16.0,16.0
712,CHP02037,蒟蒻薯,0.8129981711267605,71.0,71.0,34.0,34.0
713,CHP02012,酒饼叶,0.8122182414285716,7.0,7.0,4.0,4.0
714,CHP04571,香茅,0.8120918666666667,3.0,3.0,2.0,2.0
715,CHP05338,云南甘草,0.812033045,14.0,14.0,8.0,8.0
716,CHP05967,牛靥,0.8118420683333333,6.0,6.0,3.0,3.0
717,CHP02566,马齿苋,0.8118030882031251,64.0,64.0,39.0,36.0
718,CHP01256,关白附,0.8117634006250001,16.0,16.0,9.0,9.0
719,CHP02296,痢止蒿,0.811569,4.0,4.0,2.0,2.0
720,CHP00306,藏红花,0.8114309185820894,134.0,134.0,79.0,78.0
721,CHP00763,吊兰,0.8106739,1.0,1.0,1.0,0.0
722,CHP03159,桤木,0.8106396566666666,3.0,3.0,2.0,2.0
723,CHP00470,翠雀花,0.8104185184615385,52.0,52.0,30.0,30.0
724,CHP03177,千解草,0.810359285,4.0,4.0,2.0,2.0
725,CHP03838,水飞蓟,0.8103526581578948,38.0,38.0,24.0,23.0
726,CHP02612,麦芽,0.8103222480769231,26.0,26.0,17.0,14.0
727,CHP00775,丁公藤,0.8100277826666669,60.0,60.0,37.0,37.0
728,CHP03657,蛇葡萄,0.810012358095238,21.0,21.0,13.0,12.0
729,CHP02750,玫瑰花,0.8098174,49.0,49.0,29.0,27.0
730,CHP02240,老鼠簕,0.8097106455,20.0,20.0,12.0,12.0
731,CHP05190,淫羊藿,0.8096008572727273,165.0,165.0,103.0,103.0
732,CHP01524,胡桃树皮,0.809407065,8.0,8.0,4.0,4.0
733,CHP01723,黄芩,0.8093710119565217,46.0,46.0,28.0,27.0
734,CHP01363,荷花玉兰,0.8090487109090908,11.0,11.0,6.0,6.0
735,CHP05646,紫金牛,0.8087051670491805,122.0,122.0,68.0,65.0
736,CHP03013,牛舌草,0.8086764942857142,14.0,14.0,8.0,8.0
737,CHP03334,榕树,0.808222579375,16.0,16.0,9.0,9.0
738,CHP04821,萱草,0.8081373555555555,9.0,9.0,4.0,4.0
739,CHP02638,芒果,0.8079848211111111,36.0,36.0,21.0,20.0
740,CHP00802,东方狗脊,0.8079216066666667,12.0,12.0,7.0,7.0
741,CHP00694,地锦草,0.8077652086052632,38.0,38.0,25.0,25.0
742,CHP00220,宝盖草,0.8076688516666666,12.0,12.0,6.0,6.0
743,CHP04904,岩败酱,0.8072939033333334,3.0,3.0,2.0,2.0
744,CHP02623,曼陀罗叶,0.8067925950000001,14.0,14.0,7.0,7.0
745,CHP02357,凌霄花,0.8066784,33.0,33.0,19.0,18.0
746,CHP03550,山柳,0.806648,2.0,2.0,1.0,1.0
747,CHP04413,五色梅,0.8065193417391306,23.0,23.0,13.0,13.0
748,CHP02713,毛蕊花,0.8063984019999999,5.0,5.0,3.0,3.0
749,CHP02062,咖啡,0.806020915,2.0,2.0,1.0,1.0
750,CHP00151,白鲜皮,0.8059115976923077,117.0,117.0,72.0,72.0
751,CHP01560,虎杖,0.8058682185714287,14.0,14.0,8.0,8.0
752,CHP02554,麻牛膝,0.8057624193333334,15.0,15.0,7.0,7.0
753,CHP04608,向日葵叶,0.805676660909091,11.0,11.0,6.0,6.0
754,CHP00201,半边莲,0.80561977928125,96.0,96.0,60.0,60.0
755,CHP02540,绿玉树,0.80553385,2.0,2.0,1.0,1.0
756,CHP05807,蜂蜜,0.8055077900000001,5.0,5.0,4.0,4.0
757,CHP02060,爵床,0.8053831124137931,29.0,29.0,15.0,14.0
758,CHP01146,干姜,0.8053528775471699,106.0,106.0,68.0,64.0
759,CHP06127,树舌,0.805250562826087,46.0,46.0,24.0,24.0
760,CHP05376,泽兰,0.8049212724444444,45.0,45.0,24.0,24.0
761,CHP02781,迷迭香,0.80433407,10.0,10.0,5.0,5.0
762,CHP03270,苘麻子,0.8042444999999999,3.0,3.0,2.0,2.0
763,CHP00678,地骨皮,0.8042240311764706,34.0,34.0,20.0,20.0
764,CHP00142,白术,0.8041698768644067,118.0,118.0,67.0,64.0
765,CHP04070,桃子,0.80412382,2.0,2.0,1.0,1.0
766,CHP02327,两头尖,0.8039160246153846,26.0,26.0,17.0,17.0
767,CHP04971,羊蹄,0.8034275625,4.0,4.0,2.0,2.0
768,CHP05211,瘿花香茶菜,0.8034235066666667,6.0,6.0,3.0,3.0
769,CHP04858,血桐,0.8033506176190476,21.0,21.0,13.0,13.0
770,CHP03695,蓍实,0.803342457368421,19.0,19.0,12.0,12.0
771,CHP00209,半夏,0.8032898408967742,155.0,155.0,90.0,84.0
772,CHP04462,锡兰肉桂,0.8032329766666666,3.0,3.0,1.0,1.0
773,CHP02543,麻风树,0.8030499959999999,25.0,25.0,15.0,15.0
774,CHP02297,连钱草,0.8029818796721311,61.0,61.0,36.0,36.0
775,CHP03193,前胡,0.8029565237647059,85.0,85.0,56.0,54.0
776,CHP01344,海藻,0.8029268813157894,38.0,38.0,22.0,22.0
777,CHP03991,粟米,0.80244979,5.0,5.0,2.0,2.0
778,CHP06113,马勃,0.8022517595,20.0,20.0,11.0,9.0
779,CHP01337,海红豆,0.8022442549999999,6.0,6.0,3.0,3.0
780,CHP02839,母菊,0.8017648039999999,10.0,10.0,6.0,5.0
781,CHP00412,川贝母,0.8017057958070176,228.0,228.0,134.0,132.0
782,CHP00231,北玄参,0.8016536213333333,15.0,15.0,9.0,9.0
783,CHP02391,六棱菊,0.8014417282142858,28.0,28.0,15.0,15.0
784,CHP02308,莲生桂子花,0.8014083845454546,11.0,11.0,6.0,6.0
785,CHP01923,金莲花,0.8013632755263158,38.0,38.0,22.0,22.0
786,CHP02161,昆明山海棠,0.8011985715909091,44.0,44.0,26.0,26.0
787,CHP00431,椿皮,0.8011518498947368,95.0,95.0,56.0,55.0
788,CHP01375,黑豆衣,0.8010819499999999,2.0,2.0,1.0,1.0
789,CHP02222,老鹳草,0.8006266486363637,22.0,22.0,12.0,12.0
790,CHP05051,野菊花,0.8005799212962964,54.0,54.0,28.0,27.0
791,CHP03022,牛西西,0.800556931111111,9.0,9.0,5.0,5.0
792,CHP00945,多穗石柯叶,0.8003611150000001,8.0,8.0,5.0,5.0
793,CHP02872,木姜子,0.80030251375,8.0,8.0,5.0,5.0
794,CHP00673,地枫皮,0.7997962117857141,56.0,56.0,34.0,34.0
795,CHP01712,黄皮根,0.79965383,2.0,2.0,1.0,1.0
796,CHP01125,甘青铁线莲,0.7996133900000001,6.0,6.0,3.0,3.0
797,CHP04682,小蓟,0.799528,5.0,5.0,3.0,3.0
798,CHP01767,火焰花,0.7993681816666666,6.0,6.0,3.0,3.0
799,CHP00742,滇黄芩,0.7989814989999999,10.0,10.0,5.0,5.0
800,CHP00415,川木通,0.7986812464583334,96.0,96.0,46.0,45.0
801,CHP02082,孔雀草,0.798624772,10.0,10.0,5.0,5.0
802,CHP01759,茴香茎叶,0.7984871,4.0,4.0,2.0,2.0
803,CHP02892,木麻黄,0.7984442472727273,11.0,11.0,7.0,7.0
804,CHP06091,茯苓皮,0.7983753412820513,39.0,39.0,24.0,23.0
805,CHP02030,橘红,0.7983518740384616,52.0,52.0,29.0,29.0
806,CHP01965,金鱼藤,0.7982397436363637,11.0,11.0,7.0,7.0
807,CHP05912,灵猫香,0.7977685050000001,2.0,2.0,1.0,1.0
808,CHP00597,大叶仙茅,0.7976058825000001,24.0,24.0,13.0,12.0
809,CHP04225,土茯苓,0.7975762051851852,27.0,27.0,14.0,14.0
810,CHP04422,五桠果,0.7973289375000001,4.0,4.0,2.0,2.0
811,CHP02618,满山红,0.7971778769767441,43.0,43.0,29.0,29.0
812,CHP01876,胶质鼠尾草,0.7971336800000001,3.0,3.0,1.0,1.0
813,CHP01682,黄精,0.797052576,33.0,33.0,21.0,18.0
814,CHP01241,古柯,0.7968846383333332,12.0,12.0,8.0,8.0
815,CHP01898,芥子,0.7968609294117648,136.0,136.0,74.0,74.0
816,CHP04994,洋蒲桃叶,0.796733264,10.0,10.0,6.0,6.0
817,CHP04985,杨梅根,0.7964675842857142,7.0,7.0,4.0,4.0
818,CHP00037,巴豆,0.7964380652554744,137.0,137.0,77.0,75.0
819,CHP00906,堆心菊,0.7961832072,25.0,25.0,12.0,12.0
820,CHP00406,楮实子,0.795891876888889,45.0,45.0,25.0,24.0
821,CHP01931,金钱草,0.795839198888889,27.0,27.0,16.0,16.0
822,CHP03975,松子仁,0.7957327913333334,15.0,15.0,11.0,11.0
823,CHP05541,珠子参,0.795019978,5.0,5.0,2.0,2.0
824,CHP05428,长果荜茇,0.794896125,4.0,4.0,3.0,3.0
825,CHP00819,冬葵果,0.794665032375,80.0,80.0,43.0,41.0
826,CHP05183,银线草,0.7943092714285714,7.0,7.0,4.0,4.0
827,CHP03997,酸浆,0.7942422405714286,35.0,35.0,18.0,18.0
828,CHP00417,川乌,0.7940573268694031,268.0,268.0,153.0,150.0
829,CHP01996,九节茶,0.7937717925,12.0,12.0,7.0,7.0
830,CHP04059,桃根,0.7935962,1.0,1.0,0.0,0.0
831,CHP00519,大戟,0.7934626404672899,107.0,107.0,58.0,58.0
832,CHP03910,水仙,0.7932632014285714,7.0,7.0,4.0,4.0
833,CHP02333,亮叶桦皮,0.7930905533333333,3.0,3.0,2.0,2.0
834,CHP02279,荔枝核,0.7929859623157894,19.0,19.0,10.0,10.0
835,CHP02443,芦荟,0.7929788144615384,65.0,65.0,38.0,37.0
836,CHP02597,马先蒿,0.792906525,2.0,2.0,1.0,1.0
837,CHP00948,莪术,0.792883319442478,226.0,226.0,137.0,127.0
838,CHP00724,灯笼泡,0.792592006,5.0,5.0,2.0,2.0
839,CHP01517,胡萝卜,0.7925761725,8.0,8.0,5.0,5.0
840,CHP02834,茉莉花,0.7924741,2.0,2.0,1.0,1.0
841,CHP04253,兔儿伞,0.7918334499999999,2.0,2.0,1.0,1.0
842,CHP03434,桑枝,0.7916169448571428,35.0,35.0,20.0,19.0
843,CHP06001,麝香,0.7915664057575759,33.0,33.0,20.0,20.0
844,CHP00445,刺槐花,0.7912928285714286,14.0,14.0,7.0,7.0
845,CHP00533,大麻叶泽兰,0.7912194325,8.0,8.0,4.0,4.0
846,CHP02514,骆驼蓬,0.79103424,5.0,5.0,3.0,3.0
847,CHP00246,蓖麻子,0.7909044997297296,37.0,37.0,22.0,21.0
848,CHP01669,黄花远志,0.7908754290476191,21.0,21.0,11.0,10.0
849,CHP04477,细茎石斛,0.7904638925,4.0,4.0,2.0,2.0
850,CHP03087,蓬子菜,0.7903433175,4.0,4.0,2.0,2.0
851,CHP01801,鸡血藤,0.790039,96.0,96.0,53.0,53.0
852,CHP02583,马铃薯,0.789825266,5.0,5.0,3.0,2.0
853,CHP02656,猫须草,0.7897249159183672,49.0,49.0,26.0,26.0
854,CHP00300,苍耳子,0.7895749292957747,71.0,71.0,41.0,39.0
855,CHP03709,石刁柏,0.7895549983333335,12.0,12.0,6.0,5.0
856,CHP01420,红根草,0.7893862449999999,6.0,6.0,3.0,3.0
857,CHP05489,止泻木皮,0.7886906555813955,43.0,43.0,24.0,24.0
858,CHP03245,青钱柳,0.788623345,4.0,4.0,2.0,2.0
859,CHP01042,风轮菜,0.7885530010000001,40.0,40.0,23.0,23.0
860,CHP02367,琉璃草,0.788503061111111,27.0,27.0,15.0,15.0
861,CHP01681,黄荆子,0.7884985494174758,103.0,103.0,56.0,54.0
862,CHP03353,入地蜈蚣,0.7883624061538461,13.0,13.0,8.0,8.0
863,CHP03659,蛇藤,0.7880551833333334,3.0,3.0,1.0,1.0
864,CHP01222,狗牙花,0.787896113,45.0,45.0,30.0,30.0
865,CHP03263,清风藤,0.7878861363636364,11.0,11.0,7.0,7.0
866,CHP03898,水苏,0.7877640775,4.0,4.0,2.0,2.0
867,CHP03992,粟米草,0.787584395,8.0,8.0,4.0,4.0
868,CHP03981,苏铁,0.7875336614285714,7.0,7.0,4.0,4.0
869,CHP05140,一枝黄花,0.78752489,19.0,19.0,11.0,11.0
870,CHP03663,射干,0.787465233015873,63.0,63.0,35.0,35.0
871,CHP04698,小米草,0.78744585,2.0,2.0,1.0,1.0
872,CHP04693,小连翘,0.7873424899999999,6.0,6.0,3.0,2.0
873,CHP02019,菊花,0.787286103037037,81.0,81.0,49.0,49.0
874,CHP06134,云芝,0.78688142625,16.0,16.0,11.0,11.0
875,CHP01342,海南买麻藤,0.7868178746153848,13.0,13.0,7.0,7.0
876,CHP01176,高乌头,0.7867347820000001,5.0,5.0,2.0,2.0
877,CHP01257,关苍术,0.7866879125,4.0,4.0,2.0,2.0
878,CHP02898,木天蓼,0.7864776452,25.0,25.0,13.0,13.0
879,CHP00223,抱茎獐牙菜,0.78640258875,8.0,8.0,4.0,4.0
880,CHP03969,松香,0.7863101733333333,6.0,6.0,4.0,4.0
881,CHP04777,新疆藁本,0.786131375,2.0,2.0,1.0,1.0
882,CHP00882,杜松,0.7857911947058822,17.0,17.0,10.0,10.0
883,CHP05296,郁金香,0.7854970311111111,9.0,9.0,4.0,4.0
884,CHP00228,北豆根,0.7851982385416666,72.0,72.0,40.0,39.0
885,CHP05482,蜘蛛抱蛋,0.7848893566666666,3.0,3.0,1.0,1.0
886,CHP01942,金丝桃,0.784813971,10.0,10.0,4.0,4.0
887,CHP01340,海南粗榧,0.7847174708333333,36.0,36.0,23.0,23.0
888,CHP00053,白背叶,0.7846716857142857,7.0,7.0,3.0,3.0
889,CHP01357,何首乌,0.7845611950000001,34.0,34.0,17.0,17.0
890,CHP03704,石菖蒲,0.7845596762222222,45.0,45.0,27.0,26.0
891,CHP03500,山豆根,0.7845552730769233,52.0,52.0,31.0,30.0
892,CHP05675,紫杉,0.7842812444117646,102.0,102.0,48.0,48.0
893,CHP05287,玉蜀黍,0.7840759625,4.0,4.0,2.0,2.0
894,CHP03867,水蓼,0.7838781241666667,12.0,12.0,6.0,6.0
895,CHP00258,扁豆,0.7838713161290324,93.0,93.0,49.0,46.0
896,CHP01757,茴香,0.7838029378571428,14.0,14.0,9.0,7.0
897,CHP00048,菝葜,0.7833902917777777,90.0,90.0,49.0,48.0
898,CHP04893,烟草,0.7825348330769231,13.0,13.0,7.0,7.0
899,CHP00216,薄荷,0.7825062936428572,252.0,252.0,140.0,133.0
900,CHP01450,红筷子,0.78248578,3.0,3.0,1.0,1.0
901,CHP04958,羊角拗,0.7824669949999999,10.0,10.0,5.0,5.0
902,CHP03643,蛇床子,0.7822315343636363,55.0,55.0,34.0,33.0
903,CHP02562,马鞭草,0.782226057142857,42.0,42.0,22.0,22.0
904,CHP00560,大头橐吾,0.7822130583333333,6.0,6.0,3.0,3.0
905,CHP00189,斑草,0.7821540759999999,15.0,15.0,9.0,7.0
906,CHP01625,槐角,0.7821439094444443,18.0,18.0,12.0,12.0
907,CHP01773,鸡肠狼毒,0.7817737905555555,18.0,18.0,9.0,9.0
908,CHP04538,藓生马先蒿,0.78150671,4.0,4.0,2.0,2.0
909,CHP02015,救必应,0.7813030177777778,9.0,9.0,5.0,5.0
910,CHP03098,枇杷,0.7812839833333333,6.0,6.0,3.0,3.0
911,CHP01608,化橘红,0.7811853893939393,33.0,33.0,17.0,16.0
912,CHP02920,南川升麻,0.781039875,2.0,2.0,1.0,1.0
913,CHP04467,喜旱莲子草,0.7809684342857144,7.0,7.0,3.0,3.0
914,CHP00032,八角莲,0.7805705753623189,138.0,138.0,71.0,67.0
915,CHP00483,大车前,0.7802605585714285,21.0,21.0,11.0,11.0
916,CHP01623,槐花,0.7801621687500001,112.0,112.0,65.0,64.0
917,CHP00049,霸王鞭,0.7801178755,20.0,20.0,10.0,10.0
918,CHP03194,芡实,0.77993522,3.0,3.0,2.0,2.0
919,CHP01550,虎刺,0.77956704,17.0,17.0,7.0,7.0
920,CHP01040,粪箕笃,0.77926754,4.0,4.0,2.0,2.0
921,CHP02270,藜草,0.7792365,3.0,3.0,2.0,2.0
922,CHP00316,草果,0.7790550837931034,29.0,29.0,16.0,16.0
923,CHP00060,白车轴草,0.778904326923077,26.0,26.0,14.0,14.0
924,CHP01339,海韭菜,0.77854169,4.0,4.0,2.0,2.0
925,CHP00708,地刷子,0.7784463779999999,15.0,15.0,9.0,9.0
926,CHP00973,儿茶钩藤,0.7783454734,10.0,10.0,7.0,6.0
927,CHP03753,石蒜,0.777884225,16.0,16.0,9.0,8.0
928,CHP00044,芭蕉花,0.7777449644444445,9.0,9.0,4.0,4.0
929,CHP01272,贯叶连翘,0.7777055534374999,32.0,32.0,20.0,17.0
930,CHP01367,核桃仁,0.7776375355172414,58.0,58.0,31.0,29.0
931,CHP01903,金草,0.777415215,2.0,2.0,1.0,1.0
932,CHP02528,绿豆,0.7771896128947368,38.0,38.0,20.0,20.0
933,CHP01089,佛甲草,0.77714234875,8.0,8.0,4.0,4.0
934,CHP00292,布渣叶,0.7770602885000001,20.0,20.0,11.0,11.0
935,CHP05837,海参,0.7764796,1.0,1.0,0.0,0.0
936,CHP01702,黄麻叶,0.7759637457142857,7.0,7.0,3.0,3.0
937,CHP02055,决明,0.7753580494117647,17.0,17.0,9.0,9.0
938,CHP04591,香橼,0.775116258,10.0,10.0,5.0,5.0
939,CHP00520,大蓟,0.7748221863768116,69.0,69.0,38.0,37.0
940,CHP03051,欧活血丹,0.7746277500000001,8.0,8.0,5.0,5.0
941,CHP00422,穿心莲,0.7745771420000002,100.0,100.0,58.0,57.0
942,CHP03672,神香草,0.7744096500000001,4.0,4.0,2.0,2.0
943,CHP00203,半边旗,0.774356224,5.0,5.0,2.0,2.0
944,CHP01138,橄榄,0.7742608336000001,25.0,25.0,13.0,13.0
945,CHP04179,通花根,0.77399885,2.0,2.0,1.0,1.0
946,CHP00333,茶叶,0.7739982663999999,125.0,125.0,58.0,57.0
947,CHP01884,角蒿,0.773890585,10.0,10.0,6.0,6.0
948,CHP00726,灯心草,0.7736720624324324,37.0,37.0,16.0,15.0
949,CHP00355,车前草,0.7735490137055838,197.0,197.0,103.0,100.0
950,CHP03176,千打锤,0.7732853265384615,26.0,26.0,13.0,13.0
951,CHP03251,青天葵,0.7730993459999999,5.0,5.0,3.0,3.0
952,CHP02663,毛草龙,0.7730469733333333,6.0,6.0,3.0,3.0
953,CHP05591,苎麻,0.7726521833333333,3.0,3.0,2.0,2.0
954,CHP02972,柠檬皮,0.77265154,6.0,6.0,3.0,2.0
955,CHP01431,红花鹿蹄草,0.77263759375,8.0,8.0,5.0,5.0
956,CHP00288,补骨脂,0.7724151290607736,181.0,181.0,102.0,102.0
957,CHP02353,灵香草,0.772384018076923,26.0,26.0,16.0,15.0
958,CHP00984,番荔枝,0.771925219491228,285.0,285.0,149.0,146.0
959,CHP00156,白叶藤,0.77167952,2.0,2.0,1.0,1.0
960,CHP02477,露蕊乌头,0.771519292,5.0,5.0,3.0,3.0
961,CHP00612,代代花,0.7713987213541668,96.0,96.0,48.0,45.0
962,CHP01131,甘西鼠尾草,0.771366776,20.0,20.0,10.0,10.0
963,CHP00386,赤杨,0.7707428161290322,31.0,31.0,17.0,16.0
964,CHP00595,大叶糖胶树,0.7705316077777778,45.0,45.0,29.0,27.0
965,CHP02970,柠檬桉叶,0.770501464,5.0,5.0,2.0,2.0
966,CHP01912,金合欢,0.7703161654545454,11.0,11.0,5.0,5.0
967,CHP02517,落花生,0.7703059570833334,24.0,24.0,14.0,13.0
968,CHP02600,马银花,0.77029735,2.0,2.0,1.0,1.0
969,CHP00293,菜豆树,0.7702144727272727,11.0,11.0,5.0,5.0
970,CHP01002,繁缕,0.7698730533333333,9.0,9.0,4.0,4.0
971,CHP02769,美人蕉,0.7695944825000001,4.0,4.0,2.0,2.0
972,CHP01477,红芪,0.769010904680851,47.0,47.0,23.0,23.0
973,CHP00013,艾实,0.7688611383333334,12.0,12.0,7.0,7.0
974,CHP02526,吕宋果,0.768679271,10.0,10.0,5.0,5.0
975,CHP01537,湖北贝母,0.7685118466666666,9.0,9.0,5.0,5.0
976,CHP02644,芒萁骨,0.7683929199999999,2.0,2.0,1.0,1.0
977,CHP01364,荷叶,0.7683476493548386,31.0,31.0,18.0,18.0
978,CHP00879,杜鹃花叶,0.768154325,2.0,2.0,1.0,1.0
979,CHP00887,短瓣花,0.7675996492857143,14.0,14.0,8.0,8.0
980,CHP01234,枸杞,0.7672800653333334,15.0,15.0,8.0,8.0
981,CHP00303,苍术,0.7672697030630629,111.0,111.0,61.0,61.0
982,CHP04329,问荆,0.7672346000000001,4.0,4.0,2.0,2.0
983,CHP00683,地瓜子,0.7668193475999999,25.0,25.0,12.0,11.0
984,CHP05779,蟾蜍,0.7665285963636363,11.0,11.0,6.0,6.0
985,CHP04378,无距耧斗菜,0.7663702333333333,3.0,3.0,2.0,2.0
986,CHP01776,鸡蛋花,0.7662927273333333,15.0,15.0,9.0,9.0
987,CHP01206,钩藤,0.7654190496264368,174.0,174.0,98.0,94.0
988,CHP03114,瓶尔小草,0.7653682500000001,2.0,2.0,1.0,1.0
989,CHP04835,雪见草,0.7652263,2.0,2.0,1.0,1.0
990,CHP00095,白花藤,0.7649578633333333,3.0,3.0,1.0,1.0
991,CHP03871,水龙骨,0.7649276984,25.0,25.0,15.0,15.0
992,CHP00081,白蒿,0.7643724588888889,9.0,9.0,4.0,4.0
993,CHP02924,南方菟丝子,0.76429875,4.0,4.0,2.0,2.0
994,CHP04223,土当归,0.7638869216666667,12.0,12.0,7.0,7.0
995,CHP01515,胡椒,0.7635708407089553,134.0,134.0,73.0,73.0
996,CHP03719,石见穿,0.7634919425,4.0,4.0,2.0,2.0
997,CHP02096,苦碟子,0.7632795,2.0,2.0,1.0,1.0
998,CHP01695,黄栌,0.76326753,5.0,5.0,3.0,2.0
999,CHP01593,华南吴茱萸,0.76320535,4.0,4.0,2.0,1.0
1000,CHP02029,橘核,0.7629481,2.0,2.0,1.0,1.0
1001,CHP03806,鼠曲草,0.762942041,10.0,10.0,6.0,5.0
1002,CHP02606,麦冬,0.762628099857143,70.0,70.0,36.0,35.0
1003,CHP03450,沙糖根,0.76258293375,8.0,8.0,3.0,3.0
1004,CHP02501,罗汉松叶,0.7625823555555555,9.0,9.0,5.0,5.0
1005,CHP03461,砂仁,0.7625574167187501,64.0,64.0,34.0,32.0
1006,CHP05704,紫玉盘,0.7625211361904762,21.0,21.0,10.0,10.0
1007,CHP00238,荜茇,0.7624400018666666,75.0,75.0,44.0,43.0
1008,CHP00080,白果紫草,0.7622164609090909,11.0,11.0,4.0,4.0
1009,CHP00071,白饭豆,0.7620270215686272,51.0,51.0,24.0,24.0
1010,CHP05313,圆叶茅膏菜,0.76186855,2.0,2.0,1.0,1.0
1011,CHP01534,葫芦茶,0.7617016033333334,12.0,12.0,6.0,6.0
1012,CHP00251,边缘鳞盖蕨,0.7616303342857141,14.0,14.0,6.0,6.0
1013,CHP03104,啤酒花,0.7615260281481482,54.0,54.0,27.0,26.0
1014,CHP04335,乌棒子,0.76149258,2.0,2.0,1.0,1.0
1015,CHP04886,亚罗椿,0.7610241214285713,7.0,7.0,4.0,4.0
1016,CHP00020,桉叶,0.7609485596428572,28.0,28.0,14.0,14.0
1017,CHP01180,藁本,0.7609350986486487,37.0,37.0,21.0,20.0
1018,CHP00859,独角莲,0.760918435,8.0,8.0,5.0,3.0
1019,CHP03202,羌活,0.7608676703921569,102.0,102.0,54.0,52.0
1020,CHP02507,萝芙木,0.759822385,28.0,28.0,17.0,17.0
1021,CHP00419,川芎,0.7595535592047244,127.0,127.0,71.0,69.0
1022,CHP04647,小构树,0.7595419576190475,21.0,21.0,8.0,8.0
1023,CHP00321,草问荆,0.7594759625,4.0,4.0,2.0,2.0
1024,CHP04897,延胡索,0.7591735384210526,19.0,19.0,12.0,11.0
1025,CHP02440,漏芦,0.7591223588461538,26.0,26.0,14.0,14.0
1026,CHP03084,蓬莱草,0.759070146,5.0,5.0,2.0,2.0
1027,CHP05676,紫苏,0.7590032184210527,38.0,38.0,21.0,18.0
1028,CHP03751,石刷把,0.7585666424999999,4.0,4.0,2.0,2.0
1029,CHP01261,关木通,0.7585587291666668,12.0,12.0,6.0,6.0
1030,CHP00816,冬瓜子,0.7584887982051283,39.0,39.0,20.0,20.0
1031,CHP03444,沙棘,0.7583557598888889,90.0,90.0,46.0,45.0
1032,CHP03309,雀梅藤,0.75812055,2.0,2.0,1.0,1.0
1033,CHP02537,绿绒蒿,0.7578181733333332,30.0,30.0,18.0,17.0
1034,CHP02489,罗布麻叶,0.7575093848000001,25.0,25.0,12.0,12.0
1035,CHP01114,覆盆子,0.7574112609615382,52.0,52.0,25.0,25.0
1036,CHP02658,猫爪草,0.7571672318181818,22.0,22.0,12.0,12.0
1037,CHP04316,卫矛,0.7570728666666667,3.0,3.0,1.0,1.0
1038,CHP03506,山矾叶,0.7570594,4.0,4.0,2.0,2.0
1039,CHP00114,白蔹,0.7569843891274508,102.0,102.0,53.0,50.0
1040,CHP05824,狗肉,0.7569772,1.0,1.0,0.0,0.0
1041,CHP00849,豆油,0.756832183,10.0,10.0,6.0,5.0
1042,CHP01783,鸡骨常山,0.756286166,10.0,10.0,6.0,6.0
1043,CHP04181,通脉丹,0.75623327,2.0,2.0,1.0,1.0
1044,CHP05563,竹柏根,0.75618715,4.0,4.0,2.0,2.0
1045,CHP02588,马桑,0.7561295946666667,15.0,15.0,6.0,6.0
1046,CHP00803,东方荚果蕨,0.7553989022222223,9.0,9.0,5.0,5.0
1047,CHP00389,臭柏,0.7553101,4.0,4.0,2.0,2.0
1048,CHP00876,杜鹃花,0.7552384427272727,11.0,11.0,4.0,4.0
1049,CHP03491,山慈菇,0.7547191482000001,50.0,50.0,25.0,24.0
1050,CHP04842,雪山林,0.7545132330769231,39.0,39.0,20.0,20.0
1051,CHP03049,女贞子,0.7540387558878505,107.0,107.0,60.0,60.0
1052,CHP02938,南蛇藤,0.7539371925,4.0,4.0,2.0,2.0
1053,CHP02244,老鸦柿,0.753883545,6.0,6.0,3.0,3.0
1054,CHP03664,麝香草,0.7536906004761904,21.0,21.0,10.0,8.0
1055,CHP06089,冬虫夏草,0.7534619964705882,17.0,17.0,6.0,6.0
1056,CHP00466,粗榧子,0.7534030700000001,8.0,8.0,4.0,4.0
1057,CHP00604,大叶紫珠,0.7533641577777778,9.0,9.0,5.0,5.0
1058,CHP02746,茅香,0.75319585,2.0,2.0,1.0,1.0
1059,CHP03187,千日红,0.7529971816666666,12.0,12.0,6.0,6.0
1060,CHP01864,姜黄,0.7525571729374999,48.0,48.0,27.0,26.0
1061,CHP00319,草莓,0.7525532850000001,2.0,2.0,1.0,1.0
1062,CHP00222,报春花,0.7524522499999999,2.0,2.0,1.0,1.0
1063,CHP03705,石莼,0.7522916749999999,8.0,8.0,3.0,2.0
1064,CHP04326,文殊兰,0.7522366144999999,60.0,60.0,32.0,32.0
1065,CHP02855,木鳖子,0.7517773028571427,14.0,14.0,7.0,6.0
1066,CHP01118,甘草,0.7517724376246334,341.0,341.0,177.0,175.0
1067,CHP02310,莲叶橐吾,0.75173397,12.0,12.0,7.0,7.0
1068,CHP00091,白花灯笼,0.7516886,9.0,9.0,4.0,4.0
1069,CHP02749,玫瑰,0.7512030466666667,3.0,3.0,1.0,1.0
1070,CHP04848,血风藤,0.751178698,10.0,10.0,3.0,1.0
1071,CHP03178,千斤拔,0.7510293043243242,37.0,37.0,19.0,19.0
1072,CHP02541,葎草,0.7509928106451613,31.0,31.0,16.0,16.0
1073,CHP01716,黄皮叶,0.7508983375,4.0,4.0,2.0,2.0
1074,CHP01919,金橘,0.75074962,2.0,2.0,1.0,1.0
1075,CHP00187,败酱草,0.7505355932857144,70.0,70.0,30.0,29.0
1076,CHP01273,贯众,0.7504648989189189,37.0,37.0,20.0,14.0
1077,CHP00508,大花糙苏,0.7504229,2.0,2.0,1.0,1.0
1078,CHP04643,小飞蓬,0.75002478625,8.0,8.0,3.0,2.0
1079,CHP01751,灰叶根,0.7499445509090908,22.0,22.0,10.0,10.0
1080,CHP03020,牛尾蒿,0.7497929385714287,14.0,14.0,7.0,7.0
1081,CHP02546,麻黄,0.7497269781818182,88.0,88.0,44.0,42.0
1082,CHP05169,茵陈,0.749497229375,16.0,16.0,7.0,7.0
1083,CHP00557,大蒜,0.7494425382000001,80.0,80.0,38.0,38.0
1084,CHP04987,杨梅树皮,0.7493091838095238,21.0,21.0,8.0,8.0
1085,CHP02441,芦根,0.7492914475,24.0,24.0,11.0,11.0
1086,CHP00326,侧柏叶,0.7492367931777778,90.0,90.0,47.0,44.0
1087,CHP04914,岩黄连,0.74896985,4.0,4.0,2.0,2.0
1088,CHP00672,地耳草,0.7489506909183673,98.0,98.0,44.0,39.0
1089,CHP03258,青叶胆,0.7488614363157895,19.0,19.0,12.0,12.0
1090,CHP03342,肉豆蔻,0.7481141096491227,57.0,57.0,33.0,33.0
1091,CHP02649,莽草根,0.7478807000000001,2.0,2.0,1.0,1.0
1092,CHP00424,垂盆草,0.7474941495522388,67.0,67.0,36.0,36.0
1093,CHP02172,辣椒,0.7474222237407407,108.0,108.0,52.0,47.0
1094,CHP00186,柏子仁,0.7472193631914894,47.0,47.0,21.0,18.0
1095,CHP00433,莼菜,0.7470832866666667,3.0,3.0,1.0,1.0
1096,CHP01745,黄药子,0.7468881381250001,64.0,64.0,33.0,33.0
1097,CHP04115,甜茶藤,0.74678337,4.0,4.0,2.0,2.0
1098,CHP06120,绒白乳菇,0.74623158,15.0,15.0,8.0,8.0
1099,CHP03696,十大功劳,0.7461606408333333,12.0,12.0,7.0,7.0
1100,CHP00812,冬瓜皮,0.746119191689655,174.0,174.0,84.0,84.0
1101,CHP05896,僵蚕,0.7460758288461539,26.0,26.0,14.0,13.0
1102,CHP03561,山柰,0.7459315265,20.0,20.0,11.0,10.0
1103,CHP02568,马兜铃,0.7458715766235294,85.0,85.0,45.0,44.0
1104,CHP03127,破叶莲,0.7457612781818181,11.0,11.0,5.0,5.0
1105,CHP03843,水红花子,0.7456960964705883,17.0,17.0,9.0,8.0
1106,CHP00418,川西獐牙菜,0.745485065,2.0,2.0,1.0,1.0
1107,CHP05975,青蛙,0.7452700984999999,4.0,4.0,3.0,3.0
1108,CHP00331,茶树根,0.74489897,5.0,5.0,2.0,2.0
1109,CHP00421,穿龙薯蓣,0.7448546413513514,37.0,37.0,17.0,17.0
1110,CHP03070,胖大海,0.7447864957894738,19.0,19.0,11.0,11.0
1111,CHP05780,蟾皮,0.7446340175,4.0,4.0,2.0,2.0
1112,CHP03130,葡萄,0.7442608741666666,12.0,12.0,5.0,5.0
1113,CHP03609,山茱萸,0.7440866288732393,71.0,71.0,39.0,38.0
1114,CHP00974,耳草,0.7438368445454546,11.0,11.0,5.0,5.0
1115,CHP04683,小接筋草,0.7437927885714285,7.0,7.0,3.0,3.0
1116,CHP00003,阿魏,0.7436391739849624,133.0,133.0,75.0,71.0
1117,CHP00068,白杜鹃花,0.7435001466666668,18.0,18.0,7.0,7.0
1118,CHP01091,佛手,0.7434137509803923,51.0,51.0,30.0,26.0
1119,CHP02878,木槿花,0.7434110266666667,3.0,3.0,2.0,2.0
1120,CHP05647,紫金牛根,0.7432326714285714,7.0,7.0,3.0,2.0
1121,CHP02258,棱子芹,0.743050225,4.0,4.0,2.0,2.0
1122,CHP01288,光叶巴豆,0.7428572308333333,24.0,24.0,12.0,12.0
1123,CHP02314,莲子心,0.742782239090909,11.0,11.0,7.0,7.0
1124,CHP04992,洋葱,0.74265534,1.0,1.0,0.0,0.0
1125,CHP04061,桃金娘,0.742519353888889,18.0,18.0,8.0,8.0
1126,CHP00496,大风子,0.7424273935714286,28.0,28.0,14.0,13.0
1127,CHP00289,补血草,0.7422908,1.0,1.0,0.0,0.0
1128,CHP00969,鄂报春,0.7419901533333334,3.0,3.0,1.0,1.0
1129,CHP05174,银柴胡,0.7419511783333332,6.0,6.0,3.0,3.0
1130,CHP01207,钩吻,0.7419318175324674,77.0,77.0,38.0,36.0
1131,CHP00874,杜衡,0.7417626511111111,9.0,9.0,4.0,4.0
1132,CHP04232,土荆芥,0.741423355,8.0,8.0,4.0,4.0
1133,CHP00165,白珠树,0.7414150616666668,18.0,18.0,10.0,10.0
1134,CHP03504,山矾根,0.7413960925,4.0,4.0,2.0,2.0
1135,CHP04834,雪胆,0.7413890999999999,15.0,15.0,5.0,5.0
1136,CHP04807,绣线菊,0.7413551045454545,33.0,33.0,18.0,18.0
1137,CHP04482,细辛,0.7409042556521739,23.0,23.0,10.0,10.0
1138,CHP03132,葡萄柚,0.74075556,7.0,7.0,3.0,3.0
1139,CHP03119,婆罗门参,0.7407349249999999,8.0,8.0,4.0,4.0
1140,CHP02207,狼把草,0.740672143846154,13.0,13.0,5.0,5.0
1141,CHP00828,冬珊瑚,0.7406316399999999,5.0,5.0,2.0,1.0
1142,CHP03218,秦艽,0.7402331853846154,26.0,26.0,15.0,15.0
1143,CHP02745,茅莓,0.7397069000000001,2.0,2.0,1.0,1.0
1144,CHP00212,半枝莲,0.7396427739823008,113.0,113.0,56.0,56.0
1145,CHP02175,辣蓼草,0.7387859135294117,17.0,17.0,9.0,9.0
1146,CHP02683,毛贯众,0.738584165,4.0,4.0,2.0,0.0
1147,CHP03486,山沉香,0.737979465,16.0,16.0,7.0,7.0
1148,CHP04838,雪莲,0.7379244076923075,26.0,26.0,10.0,10.0
1149,CHP05964,牛肾,0.7377680249999999,6.0,6.0,2.0,2.0
1150,CHP01065,凤尾草,0.737314199642857,56.0,56.0,30.0,30.0
1151,CHP03314,蘘荷,0.73711593,11.0,11.0,5.0,5.0
1152,CHP00441,刺柏,0.736980595945946,37.0,37.0,17.0,16.0
1153,CHP00997,番泻叶,0.7364455513636364,22.0,22.0,11.0,10.0
1154,CHP01370,鹤虱,0.7363825775862067,29.0,29.0,13.0,13.0
1155,CHP01348,蔊菜,0.73559308,2.0,2.0,1.0,1.0
1156,CHP02356,凌霄,0.7355251333333332,6.0,6.0,2.0,2.0
1157,CHP02545,麻花,0.73524974,6.0,6.0,3.0,3.0
1158,CHP01561,花椒,0.7349854155421687,83.0,83.0,44.0,40.0
1159,CHP04772,心叶荆芥,0.7347064900000001,3.0,3.0,1.0,1.0
1160,CHP04113,甜菜,0.7338965066666666,3.0,3.0,2.0,2.0
1161,CHP02074,榼藤子,0.733490004,5.0,5.0,3.0,3.0
1162,CHP05791,穿山甲,0.73348718,3.0,3.0,2.0,2.0
1163,CHP06037,五灵脂,0.73334602,6.0,6.0,2.0,2.0
1164,CHP00103,白金果榄,0.733186303,10.0,10.0,4.0,4.0
1165,CHP01871,降香,0.7331340028723403,94.0,94.0,45.0,44.0
1166,CHP01168,高山火绒草,0.7330631758823528,17.0,17.0,10.0,10.0
1167,CHP03759,石枣子,0.7330333177777777,9.0,9.0,5.0,5.0
1168,CHP00373,齿叶草,0.7329584866666666,3.0,3.0,1.0,1.0
1169,CHP01641,黄甘草,0.7329185825,4.0,4.0,2.0,2.0
1170,CHP01896,芥菜,0.7325874471428572,7.0,7.0,3.0,3.0
1171,CHP01771,藿香,0.7325244173888888,72.0,72.0,35.0,35.0
1172,CHP00844,豆蔻,0.7324679875757576,66.0,66.0,36.0,30.0
1173,CHP02567,马蛋果,0.73234935,2.0,2.0,1.0,1.0
1174,CHP03545,山莨菪,0.732082194,5.0,5.0,3.0,3.0
1175,CHP00240,荜澄茄,0.7319990730967743,62.0,62.0,38.0,38.0
1176,CHP05112,叶底珠,0.7317699266666667,18.0,18.0,8.0,8.0
1177,CHP01853,剪秋罗,0.7314529533333333,3.0,3.0,1.0,1.0
1178,CHP00351,朝鲜白头翁,0.7312283333333333,3.0,3.0,1.0,1.0
1179,CHP03179,千金藤,0.7306576175609757,41.0,41.0,24.0,24.0
1180,CHP01334,海带,0.7302533561538462,65.0,65.0,26.0,25.0
1181,CHP02661,毛白杨,0.7302519138461538,13.0,13.0,6.0,6.0
1182,CHP01834,夹竹桃,0.7302057728448276,58.0,58.0,26.0,25.0
1183,CHP04463,锡生藤,0.7297929755555556,9.0,9.0,4.0,1.0
1184,CHP04167,铁苋,0.7288625882352942,17.0,17.0,8.0,8.0
1185,CHP04612,象皮木,0.7287433299999999,10.0,10.0,6.0,6.0
1186,CHP00963,鹅绒藤,0.7285989016666666,6.0,6.0,2.0,2.0
1187,CHP03397,三七,0.7283433421538462,117.0,117.0,58.0,55.0
1188,CHP01508,厚朴,0.7280459647107438,121.0,121.0,60.0,58.0
1189,CHP00102,白芥子,0.7279659833333333,18.0,18.0,6.0,6.0
1190,CHP03685,生漆,0.7278278533333333,3.0,3.0,0.0,0.0
1191,CHP02032,橘皮,0.7277057457142858,7.0,7.0,4.0,4.0
1192,CHP00853,毒芹根,0.727551461,10.0,10.0,4.0,4.0
1193,CHP01598,华桑,0.7272808364285714,14.0,14.0,6.0,6.0
1194,CHP00023,暗紫贝母,0.7271155536363636,11.0,11.0,4.0,4.0
1195,CHP04888,亚麻子,0.7270867875,4.0,4.0,2.0,2.0
1196,CHP00416,川木香,0.7270840255172414,29.0,29.0,14.0,14.0
1197,CHP01414,红豆蔻,0.7270368388095237,42.0,42.0,19.0,17.0
1198,CHP02967,柠檬,0.72702216,8.0,8.0,4.0,4.0
1199,CHP00360,沉香,0.7265886068532819,259.0,259.0,137.0,136.0
1200,CHP01296,广金钱草,0.7265247661904762,21.0,21.0,6.0,6.0
1201,CHP00014,艾叶,0.7264840998841311,397.0,397.0,188.0,179.0
1202,CHP00039,巴戟天,0.7261506483790849,153.0,153.0,61.0,60.0
1203,CHP02940,南蛇藤果,0.7259602625000001,24.0,24.0,12.0,12.0
1204,CHP00467,粗叶悬钩子,0.7258992090476191,21.0,21.0,9.0,8.0
1205,CHP00088,白花菜子,0.7258915531914892,94.0,94.0,47.0,45.0
1206,CHP04363,巫山淫羊藿,0.725512497142857,7.0,7.0,3.0,3.0
1207,CHP05417,长春花,0.7252833143789472,95.0,95.0,56.0,56.0
1208,CHP01346,含羞草,0.7251159574999999,8.0,8.0,3.0,3.0
1209,CHP02815,棉花,0.72492534,1.0,1.0,0.0,0.0
1210,CHP00090,白花丹,0.7246958075555555,45.0,45.0,18.0,14.0
1211,CHP01338,海金砂,0.7242503732142858,28.0,28.0,12.0,10.0
1212,CHP06125,石花,0.7240414571428572,7.0,7.0,2.0,2.0
1213,CHP02218,莨菪根,0.723893105,4.0,4.0,2.0,2.0
1214,CHP01122,甘葛藤根,0.7236373666666666,3.0,3.0,1.0,1.0
1215,CHP00101,白芥,0.7234026,3.0,3.0,1.0,1.0
1216,CHP01907,金粉蕨,0.72303119,7.0,7.0,3.0,3.0
1217,CHP00274,槟榔,0.7228888104651163,172.0,172.0,76.0,72.0
1218,CHP05478,栀子,0.7225728158333333,48.0,48.0,18.0,18.0
1219,CHP00801,东当归,0.721453785,2.0,2.0,1.0,1.0
1220,CHP00083,白鹤灵芝,0.7214168507692307,13.0,13.0,6.0,3.0
1221,CHP05690,紫薇,0.7213881683333333,12.0,12.0,4.0,3.0
1222,CHP03803,鼠李,0.7210277499999999,6.0,6.0,2.0,2.0
1223,CHP01020,飞扬草,0.72043836,1.0,1.0,0.0,0.0
1224,CHP02685,毛诃子,0.72038982,5.0,5.0,2.0,2.0
1225,CHP02908,木贼,0.7203454925,16.0,16.0,8.0,8.0
1226,CHP04095,天南星,0.7202965624761906,42.0,42.0,20.0,19.0
1227,CHP04986,杨梅核仁,0.7201881750000001,2.0,2.0,1.0,0.0
1228,CHP02418,龙血树,0.7201173054545453,22.0,22.0,10.0,9.0
1229,CHP01058,蜂斗菜,0.7200641595319149,94.0,94.0,46.0,43.0
1230,CHP01739,黄菀,0.7199114314285714,7.0,7.0,3.0,3.0
1231,CHP02925,南瓜,0.7191295733333334,3.0,3.0,2.0,2.0
1232,CHP01889,接骨木,0.7188852029999999,10.0,10.0,5.0,5.0
1233,CHP02100,苦豆子,0.718660785,2.0,2.0,1.0,1.0
1234,CHP00443,刺果甘草,0.718653285,22.0,22.0,11.0,11.0
1235,CHP01849,假细锥香茶菜,0.7179805850000001,4.0,4.0,0.0,0.0
1236,CHP04995,洋蓍草,0.7179507091428572,7.0,7.0,3.0,3.0
1237,CHP04233,土连翘,0.71779984,1.0,1.0,0.0,0.0
1238,CHP06128,松萝,0.7177461614814815,27.0,27.0,9.0,7.0
1239,CHP00327,侧柏枝节,0.7167794264285714,42.0,42.0,24.0,24.0
1240,CHP02239,老鼠瓜,0.71664353,5.0,5.0,2.0,2.0
1241,CHP00414,川鄂淫羊藿,0.7165425718181817,11.0,11.0,5.0,4.0
1242,CHP00269,遍地金,0.7164060349999999,4.0,4.0,2.0,1.0
1243,CHP04795,杏仁,0.7163392319999999,11.0,11.0,5.0,5.0
1244,CHP00923,盾叶薯蓣,0.7160812736363635,11.0,11.0,5.0,5.0
1245,CHP00019,安息香,0.7159435515789474,171.0,171.0,74.0,71.0
1246,CHP02930,南瓜子,0.7157632786153847,13.0,13.0,6.0,6.0
1247,CHP04948,眼子菜,0.7150881033333333,9.0,9.0,5.0,5.0
1248,CHP05030,野甘草,0.7149318544444445,18.0,18.0,10.0,10.0
1249,CHP02582,马蔺子,0.7149209166666667,3.0,3.0,0.0,0.0
1250,CHP04392,梧桐子,0.714884685,2.0,2.0,1.0,1.0
1251,CHP04389,吴茱萸,0.7146247312499999,56.0,56.0,29.0,29.0
1252,CHP06092,茯神,0.7139568666666668,3.0,3.0,1.0,1.0
1253,CHP00305,藏边大黄,0.7137188835714287,28.0,28.0,11.0,11.0
1254,CHP01424,红厚壳,0.713234904,40.0,40.0,17.0,15.0
1255,CHP03718,石荠苎,0.71302659125,8.0,8.0,5.0,5.0
1256,CHP00030,八角茴香,0.7126236516729323,266.0,266.0,121.0,118.0
1257,CHP05373,皂角刺,0.71221075,2.0,2.0,1.0,1.0
1258,CHP05831,龟甲,0.712138446,5.0,5.0,2.0,1.0
1259,CHP01578,华北白前,0.7120786746153845,13.0,13.0,5.0,5.0
1260,CHP04098,天茄子,0.7120489400000001,4.0,4.0,2.0,2.0
1261,CHP02739,茅膏菜,0.7118310333333332,3.0,3.0,2.0,2.0
1262,CHP02633,蔓性千斤拔,0.7116659866666666,3.0,3.0,1.0,1.0
1263,CHP02180,莱菔子,0.7109015958823529,34.0,34.0,15.0,15.0
1264,CHP05694,紫薇叶,0.7107326,1.0,1.0,0.0,0.0
1265,CHP00638,当归,0.7105082744444444,171.0,171.0,84.0,82.0
1266,CHP01460,红毛七,0.7104575977777777,9.0,9.0,4.0,4.0
1267,CHP05634,紫红獐牙菜,0.7098019575,8.0,8.0,3.0,3.0
1268,CHP00762,吊干麻,0.7093728936363637,22.0,22.0,9.0,9.0
1269,CHP04577,香青兰,0.7093128133333333,3.0,3.0,1.0,1.0
1270,CHP01941,金丝梅,0.70904386,1.0,1.0,0.0,0.0
1271,CHP03905,水团花,0.7088402933333334,6.0,6.0,3.0,3.0
1272,CHP00100,白胶香,0.708669519,20.0,20.0,9.0,8.0
1273,CHP01824,荠菜,0.7083005229411765,51.0,51.0,18.0,17.0
1274,CHP01663,黄花稔,0.7081260109090909,11.0,11.0,4.0,4.0
1275,CHP05104,野芝麻,0.7079660393023255,43.0,43.0,21.0,21.0
1276,CHP01366,核桃楸果仁,0.7074576549999999,6.0,6.0,3.0,2.0
1277,CHP03770,柿,0.7074194,1.0,1.0,0.0,0.0
1278,CHP00245,蓖麻油,0.7073584914285715,7.0,7.0,1.0,1.0
1279,CHP05301,鸢尾,0.7071565008108107,37.0,37.0,12.0,12.0
1280,CHP00359,车桑仔叶,0.707048084,5.0,5.0,3.0,3.0
1281,CHP00175,百脉根,0.7067393213333334,15.0,15.0,5.0,5.0
1282,CHP00640,当药,0.7065891533333333,3.0,3.0,1.0,1.0
1283,CHP02065,看麦娘状莎草,0.7065065633333334,15.0,15.0,8.0,8.0
1284,CHP02371,柳穿鱼,0.7062825444444444,9.0,9.0,4.0,4.0
1285,CHP04764,缬草,0.7057190322580644,31.0,31.0,13.0,13.0
1286,CHP01043,风毛菊,0.70544211,8.0,8.0,3.0,3.0
1287,CHP04629,小檗,0.7053679709090909,11.0,11.0,5.0,5.0
1288,CHP03605,山楂叶,0.7048524968965518,29.0,29.0,13.0,13.0
1289,CHP01780,鸡骨草,0.7045221413404256,47.0,47.0,23.0,21.0
1290,CHP05221,油茶根皮,0.7037713342857144,7.0,7.0,3.0,3.0
1291,CHP02457,陆英,0.703711865,2.0,2.0,1.0,1.0
1292,CHP05041,野花椒皮,0.7036554349999999,2.0,2.0,1.0,1.0
1293,CHP03383,三尖杉,0.7032417729729729,37.0,37.0,18.0,17.0
1294,CHP03134,蒲公英,0.7029814351470587,34.0,34.0,13.0,11.0
1295,CHP00949,峨参,0.7029022740625,16.0,16.0,8.0,8.0
1296,CHP01786,鸡冠花,0.70264508,6.0,6.0,2.0,2.0
1297,CHP00178,百眼藤,0.7023472959999999,5.0,5.0,1.0,1.0
1298,CHP00106,白蜡树皮,0.7022057565853659,82.0,82.0,32.0,28.0
1299,CHP03075,泡桐,0.70181771,4.0,4.0,2.0,2.0
1300,CHP05499,枳椇子,0.701725638,5.0,5.0,1.0,1.0
1301,CHP00015,安哥拉八角枫,0.7011738622222222,9.0,9.0,5.0,4.0
1302,CHP04171,铁轴草,0.7011107050000001,2.0,2.0,1.0,1.0
1303,CHP01086,芙蓉花,0.70098644,1.0,1.0,0.0,0.0
1304,CHP00401,樗叶花椒,0.7004571171428572,7.0,7.0,3.0,3.0
1305,CHP00857,独活,0.7004174572222222,108.0,108.0,55.0,54.0
1306,CHP03487,山橙,0.69985441,6.0,6.0,4.0,4.0
1307,CHP04334,窝儿七,0.69962123,2.0,2.0,1.0,1.0
1308,CHP04956,羊耳蒜,0.69926758,2.0,2.0,1.0,1.0
1309,CHP05005,药用倒提壶,0.6991646266666667,3.0,3.0,2.0,2.0
1310,CHP00469,催吐萝芙木,0.6984356384210526,19.0,19.0,9.0,9.0
1311,CHP01810,姬蕨,0.698430085,6.0,6.0,4.0,4.0
1312,CHP03431,桑叶,0.6983313093333333,42.0,42.0,23.0,23.0
1313,CHP00756,颠茄,0.6982725796363636,11.0,11.0,6.0,6.0
1314,CHP02054,绢毛蔷薇,0.6978515200000001,3.0,3.0,1.0,1.0
1315,CHP05766,鳖甲,0.69752446,2.0,2.0,1.0,0.0
1316,CHP04139,铁海棠,0.6972009133333333,6.0,6.0,3.0,3.0
1317,CHP03199,茜草根,0.6970003936363637,11.0,11.0,4.0,4.0
1318,CHP04816,徐长卿,0.6968513953333333,15.0,15.0,5.0,5.0
1319,CHP01183,茖葱,0.6959727366666666,6.0,6.0,2.0,2.0
1320,CHP04385,芜菁甘蓝,0.6946761,1.0,1.0,0.0,0.0
1321,CHP04244,土三七,0.69406523,15.0,15.0,5.0,5.0
1322,CHP01374,黑豆,0.69398099075,120.0,120.0,54.0,52.0
1323,CHP04075,藤黄,0.6937391911458333,96.0,96.0,34.0,33.0
1324,CHP04616,橡实,0.693104125,6.0,6.0,2.0,2.0
1325,CHP02756,梅花,0.69281504171875,64.0,64.0,26.0,23.0
1326,CHP05070,野木瓜,0.692734925,6.0,6.0,1.0,1.0
1327,CHP00779,丁香,0.6925898090510949,137.0,137.0,61.0,59.0
1328,CHP02639,芒果核,0.692258002,5.0,5.0,1.0,1.0
1329,CHP02061,君迁子,0.6918835728571429,7.0,7.0,2.0,1.0
1330,CHP02084,苦艾,0.69173775,2.0,2.0,1.0,1.0
1331,CHP05623,紫草,0.6916989935,20.0,20.0,6.0,5.0
1332,CHP01299,广西莪术,0.6914701325,12.0,12.0,6.0,6.0
1333,CHP01566,花锚,0.69081223,4.0,4.0,2.0,2.0
1334,CHP01035,粉葛,0.690447478,5.0,5.0,2.0,2.0
1335,CHP01693,黄龙胆,0.690297426875,16.0,16.0,7.0,7.0
1336,CHP00314,草地黄芩,0.6898091028571428,7.0,7.0,2.0,2.0
1337,CHP06096,鬼盖,0.689764695,6.0,6.0,2.0,2.0
1338,CHP04896,烟窝草,0.6895048733333333,9.0,9.0,4.0,4.0
1339,CHP05162,薏苡仁,0.6894959833333334,6.0,6.0,2.0,2.0
1340,CHP06040,象骨,0.68946356,1.0,1.0,0.0,0.0
1341,CHP04042,太子参,0.6877446152631578,19.0,19.0,8.0,7.0
1342,CHP01347,韩信草,0.6876249375,4.0,4.0,2.0,2.0
1343,CHP01599,华山参,0.6875926466666668,12.0,12.0,6.0,6.0
1344,CHP01083,扶桑花,0.6874268833333333,3.0,3.0,1.0,1.0
1345,CHP00296,蚕豆,0.6872376968421052,19.0,19.0,7.0,7.0
1346,CHP05542,珠子草,0.6872002223076923,13.0,13.0,7.0,7.0
1347,CHP04962,羊角藤,0.687157852,5.0,5.0,2.0,2.0
1348,CHP04431,五爪龙,0.6871229849999999,6.0,6.0,3.0,3.0
1349,CHP05286,玉米须,0.6870857438461537,13.0,13.0,5.0,5.0
1350,CHP00403,除虫菊,0.6868341731250001,16.0,16.0,5.0,5.0
1351,CHP04367,无根藤,0.6848682349999999,4.0,4.0,2.0,2.0
1352,CHP01753,回回豆,0.6845413914285715,14.0,14.0,6.0,6.0
1353,CHP03780,匙羹藤,0.6838680725,4.0,4.0,1.0,1.0
1354,CHP04901,芫荽,0.6832345900000001,8.0,8.0,3.0,3.0
1355,CHP05402,獐牙菜,0.6829662883783783,37.0,37.0,11.0,11.0
1356,CHP02896,木棉花,0.6826545270212765,47.0,47.0,19.0,19.0
1357,CHP00312,草本威灵仙,0.6818264190909091,11.0,11.0,3.0,3.0
1358,CHP04602,向日葵,0.6817972633333333,6.0,6.0,1.0,1.0
1359,CHP04215,土百部,0.6814715,1.0,1.0,0.0,0.0
1360,CHP05983,全蝎,0.6810559666666668,3.0,3.0,1.0,1.0
1361,CHP02630,蔓荆,0.680538633,20.0,20.0,6.0,6.0
1362,CHP03518,山胡椒,0.680097186,5.0,5.0,2.0,2.0
1363,CHP03653,蛇莓,0.6793256599999999,3.0,3.0,1.0,1.0
1364,CHP02131,苦树皮,0.6789402522413792,58.0,58.0,20.0,19.0
1365,CHP01719,黄杞,0.67829263,8.0,8.0,2.0,2.0
1366,CHP03139,蒲桃,0.6782127618181819,33.0,33.0,13.0,11.0
1367,CHP01099,浮叶眼子菜,0.6777587584615384,13.0,13.0,7.0,7.0
1368,CHP03083,蓬莪术,0.6775051466666667,6.0,6.0,2.0,1.0
1369,CHP03869,水流豆,0.67705512125,32.0,32.0,15.0,15.0
1370,CHP05004,药西瓜,0.6767966,1.0,1.0,0.0,0.0
1371,CHP00628,胆木,0.6766121192307692,13.0,13.0,5.0,5.0
1372,CHP00455,刺桐,0.67597896125,104.0,104.0,41.0,41.0
1373,CHP01679,黄荆叶,0.675971993548387,31.0,31.0,14.0,13.0
1374,CHP04737,小叶黑柴胡,0.67584181,2.0,2.0,1.0,1.0
1375,CHP04110,田旋花,0.6752428,1.0,1.0,0.0,0.0
1376,CHP00076,白附子,0.6750474481034483,58.0,58.0,19.0,19.0
1377,CHP01430,红花龙胆,0.6747108233333333,3.0,3.0,1.0,1.0
1378,CHP05889,鸡子壳,0.67449844,1.0,1.0,0.0,0.0
1379,CHP00362,柽柳,0.6744525783018868,53.0,53.0,21.0,20.0
1380,CHP00457,葱,0.6734438232000001,25.0,25.0,10.0,9.0
1381,CHP02305,莲花,0.673160944117647,17.0,17.0,6.0,5.0
1382,CHP00396,臭山羊,0.6729794229411765,17.0,17.0,6.0,6.0
1383,CHP04485,细叶桉叶,0.6728053228571429,7.0,7.0,3.0,3.0
1384,CHP01310,鬼箭羽,0.6725059328571428,42.0,42.0,14.0,13.0
1385,CHP03186,千屈菜,0.6725005571428572,28.0,28.0,14.0,14.0
1386,CHP00183,柏树叶,0.6721592649999999,6.0,6.0,3.0,3.0
1387,CHP05805,蜂胶,0.6719790540963856,83.0,83.0,33.0,33.0
1388,CHP03768,使君子,0.6715328132,25.0,25.0,10.0,9.0
1389,CHP01409,红车轴草,0.6712001104761904,21.0,21.0,7.0,7.0
1390,CHP00141,白薯莨,0.67049761,2.0,2.0,1.0,1.0
1391,CHP00854,毒蛆草,0.6692727233333334,3.0,3.0,1.0,1.0
1392,CHP06157,琥珀,0.6689578,1.0,1.0,0.0,0.0
1393,CHP02525,驴蹄草,0.6687881,1.0,1.0,0.0,0.0
1394,CHP01072,凤仙花,0.66849905,1.0,1.0,0.0,0.0
1395,CHP00571,大叶桉叶,0.6677266971428572,7.0,7.0,2.0,2.0
1396,CHP00668,地不容,0.6676303584,25.0,25.0,11.0,11.0
1397,CHP01063,凤凰木,0.6672874,1.0,1.0,0.0,0.0
1398,CHP01953,金腰,0.6670745433333334,3.0,3.0,1.0,1.0
1399,CHP03439,沙参,0.6666541770454546,44.0,44.0,16.0,13.0
1400,CHP05582,竹叶椒,0.666646896,10.0,10.0,3.0,3.0
1401,CHP00315,草豆蔻,0.6665064718918918,37.0,37.0,14.0,12.0
1402,CHP01381,黑壳楠,0.66630522125,8.0,8.0,4.0,4.0
1403,CHP01015,飞廉,0.6660687636363637,11.0,11.0,4.0,4.0
1404,CHP05096,野罂粟,0.6652463999999999,6.0,6.0,3.0,3.0
1405,CHP00940,多穗蓼,0.6651680016666667,6.0,6.0,2.0,2.0
1406,CHP03456,沙枣树皮,0.66447035,2.0,2.0,1.0,1.0
1407,CHP05379,泽藓,0.6640775,1.0,1.0,0.0,0.0
1408,CHP05650,紫堇,0.6635373225,8.0,8.0,4.0,4.0
1409,CHP03741,石楠,0.6632296,1.0,1.0,0.0,0.0
1410,CHP06035,蜈蚣,0.66297449,2.0,2.0,1.0,1.0
1411,CHP05572,竹沥,0.6622125446666665,15.0,15.0,4.0,4.0
1412,CHP00094,白花射干,0.6618089444444446,9.0,9.0,2.0,2.0
1413,CHP00350,常山,0.6613337857164179,67.0,67.0,30.0,30.0
1414,CHP03426,桑寄生,0.6609162683333333,6.0,6.0,2.0,2.0
1415,CHP01910,金光菊,0.6607481000000001,2.0,2.0,1.0,1.0
1416,CHP00364,澄茄子,0.660723515,4.0,4.0,1.0,1.0
1417,CHP05186,银杏叶,0.6601576100909091,44.0,44.0,18.0,17.0
1418,CHP00026,八角枫,0.6598563375000001,4.0,4.0,2.0,2.0
1419,CHP01897,芥蓝,0.6591420433333334,6.0,6.0,2.0,2.0
1420,CHP00162,白芷,0.6585804141530944,307.0,307.0,123.0,117.0
1421,CHP04604,向日葵花,0.658528,1.0,1.0,0.0,0.0
1422,CHP03962,松节,0.6581719402857142,7.0,7.0,3.0,3.0
1423,CHP02484,轮环藤,0.658034794,15.0,15.0,8.0,8.0
1424,CHP01990,景天,0.6578569160000001,5.0,5.0,2.0,2.0
1425,CHP01028,榧子,0.6561498,1.0,1.0,0.0,0.0
1426,CHP04862,寻骨风,0.6561106688235295,17.0,17.0,5.0,5.0
1427,CHP05218,永宁独活,0.6556635259999999,5.0,5.0,2.0,2.0
1428,CHP03440,沙冬青,0.65469679,2.0,2.0,1.0,1.0
1429,CHP02909,木竹子,0.6546000437499999,64.0,64.0,16.0,16.0
1430,CHP00206,半边苏,0.6533949824285715,35.0,35.0,14.0,12.0
1431,CHP03429,桑椹,0.6531648981818181,33.0,33.0,14.0,13.0
1432,CHP05682,紫檀,0.6514640002777778,36.0,36.0,8.0,7.0
1433,CHP04268,娃儿藤,0.6504104533333334,6.0,6.0,3.0,3.0
1434,CHP02716,毛桐,0.6503139845454546,11.0,11.0,2.0,1.0
1435,CHP00059,白菖,0.6502119440983608,61.0,61.0,22.0,21.0
1436,CHP04069,桃枝,0.6493453546153847,13.0,13.0,4.0,4.0
1437,CHP03217,芹花,0.6492530064705883,17.0,17.0,5.0,4.0
1438,CHP01449,红景天,0.6490466872727274,44.0,44.0,11.0,10.0
1439,CHP03283,秋水仙,0.6488647359999999,5.0,5.0,2.0,2.0
1440,CHP05681,紫穗槐,0.648856815,2.0,2.0,1.0,0.0
1441,CHP03601,山楂,0.648804234,25.0,25.0,9.0,9.0
1442,CHP02863,木瓜,0.6483484743902439,41.0,41.0,8.0,6.0
1443,CHP02216,榔榆皮,0.647576868,5.0,5.0,1.0,1.0
1444,CHP01104,福寿草,0.6472000519999999,20.0,20.0,1.0,1.0
1445,CHP05105,野芝麻根,0.64709503,8.0,8.0,1.0,1.0
1446,CHP05638,紫花景天,0.64708604,3.0,3.0,1.0,1.0
1447,CHP03401,三色堇,0.6461395,1.0,1.0,0.0,0.0
1448,CHP05463,珍珠菜,0.64596858,2.0,2.0,0.0,0.0
1449,CHP05261,鱼藤,0.64583348425,40.0,40.0,11.0,11.0
1450,CHP00799,东北延胡索,0.6454744475,4.0,4.0,2.0,2.0
1451,CHP03589,山小橘,0.6453278100000001,5.0,5.0,1.0,1.0
1452,CHP00098,白花油麻藤,0.6443476340000001,5.0,5.0,1.0,1.0
1453,CHP02033,橘叶,0.6442078437500001,8.0,8.0,2.0,2.0
1454,CHP01030,分心木,0.64278301,4.0,4.0,1.0,1.0
1455,CHP00011,艾纳香,0.6416821738888889,18.0,18.0,5.0,4.0
1456,CHP00361,陈皮,0.6410735041165049,103.0,103.0,37.0,34.0
1457,CHP02293,栗树皮,0.638866315,2.0,2.0,0.0,0.0
1458,CHP03767,莳萝子,0.638806845,8.0,8.0,0.0,0.0
1459,CHP00480,大驳骨,0.63867027,13.0,13.0,5.0,5.0
1460,CHP04824,玄参,0.63833106,21.0,21.0,5.0,4.0
1461,CHP05360,芸香,0.6367141592857143,42.0,42.0,15.0,13.0
1462,CHP01469,红母鸡草,0.6356520500000001,11.0,11.0,4.0,4.0
1463,CHP03527,山黄皮,0.6349690123076923,26.0,26.0,3.0,3.0
1464,CHP01909,金冠鳞毛蕨,0.6335195,1.0,1.0,0.0,0.0
1465,CHP02035,橘子,0.6332947666666666,6.0,6.0,1.0,1.0
1466,CHP03716,石斛,0.6325243359324324,74.0,74.0,23.0,23.0
1467,CHP00374,齿叶橐吾,0.632280125,2.0,2.0,1.0,1.0
1468,CHP03120,婆罗门皂荚,0.6322387177777777,9.0,9.0,3.0,3.0
1469,CHP06033,乌梢蛇,0.6320231866666667,3.0,3.0,1.0,1.0
1470,CHP02824,明党参,0.631237705,4.0,4.0,2.0,1.0
1471,CHP05796,灯心柳珊瑚,0.6310215,1.0,1.0,0.0,0.0
1472,CHP00778,丁茄,0.6308615555555556,9.0,9.0,1.0,1.0
1473,CHP03606,山芝麻,0.63083087,2.0,2.0,1.0,1.0
1474,CHP01846,假蒟子,0.630814985,8.0,8.0,3.0,3.0
1475,CHP03595,山银柴胡,0.630591095,2.0,2.0,0.0,0.0
1476,CHP01858,见血清,0.6299958633333334,3.0,3.0,1.0,1.0
1477,CHP02026,橘白,0.62867576,1.0,1.0,0.0,0.0
1478,CHP03810,薯莨,0.62766427,1.0,1.0,0.0,0.0
1479,CHP00990,番石榴,0.6276639766666666,12.0,12.0,2.0,2.0
1480,CHP01167,高山黄华,0.6273311918333333,6.0,6.0,3.0,3.0
1481,CHP01326,桂枝,0.6257069192982456,57.0,57.0,17.0,17.0
1482,CHP00767,钓樟根皮,0.625269635,8.0,8.0,2.0,2.0
1483,CHP01740,黄心果,0.6242536966666666,15.0,15.0,1.0,0.0
1484,CHP04000,酸模,0.6239941,2.0,2.0,0.0,0.0
1485,CHP04543,线叶金鸡菊,0.62349845,2.0,2.0,0.0,0.0
1486,CHP00062,白刺花,0.6232292154285715,21.0,21.0,7.0,7.0
1487,CHP03665,伸筋草,0.6228630990697674,43.0,43.0,8.0,8.0
1488,CHP02009,韭菜子,0.6217953310526316,19.0,19.0,5.0,5.0
1489,CHP04270,瓦松,0.62173331,2.0,2.0,1.0,1.0
1490,CHP00806,东风橘根,0.6210597133333332,27.0,27.0,5.0,5.0
1491,CHP03050,欧当归,0.6208825,3.0,3.0,1.0,1.0
1492,CHP01255,拐芹,0.619877465,2.0,2.0,0.0,0.0
1493,CHP05121,夜合花,0.6194025,2.0,2.0,1.0,1.0
1494,CHP00235,贝母兰,0.6179073466666667,6.0,6.0,1.0,1.0
1495,CHP05280,禹州漏芦,0.6176764516666666,6.0,6.0,3.0,3.0
1496,CHP00408,楮树根,0.6175585158695652,46.0,46.0,13.0,13.0
1497,CHP05612,梓木,0.6168544100000001,7.0,7.0,1.0,1.0
1498,CHP01999,九里香,0.6162547718269231,104.0,104.0,36.0,34.0
1499,CHP01111,阜康阿魏根,0.6161219085714286,7.0,7.0,4.0,3.0
1500,CHP00599,大叶香薷,0.61542296,1.0,1.0,0.0,0.0
1501,CHP05192,印度九里香,0.6152034,1.0,1.0,0.0,0.0
1502,CHP02159,昆明鸡血藤,0.6148855666666667,3.0,3.0,1.0,1.0
1503,CHP05754,斑蝥,0.6146549648888888,18.0,18.0,7.0,6.0
1504,CHP02166,腊梅花,0.61441083,5.0,5.0,2.0,2.0
1505,CHP02789,米皮糠,0.614363481,10.0,10.0,3.0,3.0
1506,CHP00485,大丁草,0.6129693085714285,28.0,28.0,9.0,9.0
1507,CHP04461,菥蓂,0.6123879,1.0,1.0,0.0,0.0
1508,CHP05252,柚子,0.6092103,1.0,1.0,0.0,0.0
1509,CHP00130,白牛胆,0.60840595,1.0,1.0,0.0,0.0
1510,CHP04054,唐松草,0.6083846258823529,68.0,68.0,32.0,30.0
1511,CHP03853,水黄连,0.6078122116666667,6.0,6.0,1.0,1.0
1512,CHP05635,紫花地丁,0.607598275,4.0,4.0,1.0,1.0
1513,CHP04368,无花果,0.6067080236,25.0,25.0,9.0,7.0
1514,CHP05887,鸡子白,0.6064564,1.0,1.0,0.0,0.0
1515,CHP00648,倒地铃,0.6059798,1.0,1.0,0.0,0.0
1516,CHP02057,蕨菜,0.6059663163829786,47.0,47.0,14.0,14.0
1517,CHP05073,野漆树,0.6052546999999999,5.0,5.0,1.0,1.0
1518,CHP05548,猪毛蒿,0.6051715233333333,3.0,3.0,1.0,1.0
1519,CHP04880,鸭跖草,0.602679325,4.0,4.0,0.0,0.0
1520,CHP04330,蕹菜,0.6024019199999999,2.0,2.0,1.0,0.0
1521,CHP05248,柚花,0.6007487738095237,21.0,21.0,5.0,5.0
1522,CHP00809,东一号剑麻,0.5986009644444444,9.0,9.0,0.0,0.0
1523,CHP04460,西洋梨,0.5977223333333334,3.0,3.0,1.0,1.0
1524,CHP02918,南板蓝根,0.5974907075,4.0,4.0,1.0,0.0
1525,CHP03889,水芹,0.597004815,2.0,2.0,1.0,1.0
1526,CHP05302,元宝草,0.59584042125,8.0,8.0,1.0,1.0
1527,CHP06118,木耳,0.59525174,1.0,1.0,0.0,0.0
1528,CHP02031,橘络,0.5935712775,8.0,8.0,4.0,4.0
1529,CHP01888,接骨丹,0.592867,1.0,1.0,0.0,0.0
1530,CHP01193,葛蕈,0.592831716875,16.0,16.0,0.0,0.0
1531,CHP03010,牛奶树,0.59262425,4.0,4.0,1.0,1.0
1532,CHP01161,高良姜,0.5908075324313725,51.0,51.0,17.0,17.0
1533,CHP06116,蜜环菌,0.5898487366666666,6.0,6.0,1.0,1.0
1534,CHP05680,紫苏子,0.5893981718181819,22.0,22.0,5.0,3.0
1535,CHP00108,白兰花,0.5889403665079365,63.0,63.0,17.0,17.0
1536,CHP05555,猪殃殃,0.5886275000000001,2.0,2.0,0.0,0.0
1537,CHP03274,秋海棠,0.58789538,5.0,5.0,2.0,1.0
1538,CHP03094,披针叶野决明,0.586135796,5.0,5.0,3.0,2.0
1539,CHP01143,干地黄,0.5856834404761905,21.0,21.0,2.0,2.0
1540,CHP03254,青葙,0.58474548,3.0,3.0,1.0,1.0
1541,CHP00286,博落回,0.5844045700000001,3.0,3.0,0.0,0.0
1542,CHP00366,橙皮,0.5837288233333333,3.0,3.0,0.0,0.0
1543,CHP00710,地梭罗,0.5829472377142857,35.0,35.0,11.0,11.0
1544,CHP00099,白及,0.5828630262179486,78.0,78.0,21.0,21.0
1545,CHP01398,黑种草,0.5825679742857143,7.0,7.0,3.0,3.0
1546,CHP05408,樟脑,0.58126277,1.0,1.0,0.0,0.0
1547,CHP03934,睡莲,0.5808089240000001,5.0,5.0,2.0,2.0
1548,CHP03184,千年艾,0.5807484,1.0,1.0,0.0,0.0
1549,CHP01012,防己叶菝葜,0.5806281,1.0,1.0,0.0,0.0
1550,CHP02034,橘叶巴戟,0.58004495,2.0,2.0,0.0,0.0
1551,CHP05297,郁金香根,0.57920384,1.0,1.0,0.0,0.0
1552,CHP00883,杜松实,0.5790156428571428,7.0,7.0,1.0,1.0
1553,CHP02945,南天竹根,0.577963544,5.0,5.0,2.0,2.0
1554,CHP05007,椰子,0.5774557825,4.0,4.0,0.0,0.0
1555,CHP00285,伯乐树,0.57741547,1.0,1.0,0.0,0.0
1556,CHP04583,香唐松草,0.5767252666666667,3.0,3.0,1.0,1.0
1557,CHP04093,天麻,0.5766430363636363,11.0,11.0,4.0,4.0
1558,CHP01211,狗脊,0.5758510286206897,29.0,29.0,3.0,3.0
1559,CHP05495,枳椇根,0.57557267,1.0,1.0,0.0,0.0
1560,CHP03650,蛇果黄堇,0.57383379,2.0,2.0,1.0,1.0
1561,CHP03520,山胡椒叶,0.57372449,2.0,2.0,1.0,1.0
1562,CHP05450,照山白,0.572429515,2.0,2.0,1.0,1.0
1563,CHP05160,益智仁,0.571718296,5.0,5.0,1.0,1.0
1564,CHP01665,黄花铁线莲,0.5716505666666666,3.0,3.0,1.0,1.0
1565,CHP02539,绿笋片,0.57017462,2.0,2.0,0.0,0.0
1566,CHP03425,桑根,0.56776753,2.0,2.0,0.0,0.0
1567,CHP01610,化香树果,0.5665549,1.0,1.0,0.0,0.0
1568,CHP01230,枸橘,0.5659437451666667,12.0,12.0,4.0,4.0
1569,CHP04283,碗蕨,0.564894825,2.0,2.0,1.0,1.0
1570,CHP04527,仙人掌,0.5643529466666667,3.0,3.0,1.0,1.0
1571,CHP01302,广西九里香,0.56388892,6.0,6.0,0.0,0.0
1572,CHP05753,斑鸠,0.56387174,1.0,1.0,0.0,0.0
1573,CHP03449,沙塘木,0.5617510800000001,9.0,9.0,1.0,1.0
1574,CHP01788,鸡冠子,0.56038034,1.0,1.0,0.0,0.0
1575,CHP04449,西瓜,0.5596457862666667,15.0,15.0,3.0,3.0
1576,CHP02470,路边姜,0.5596141360000001,5.0,5.0,0.0,0.0
1577,CHP00234,贝加尔唐松草,0.5589665925,4.0,4.0,1.0,1.0
1578,CHP05322,月季花,0.5580449918181819,11.0,11.0,1.0,1.0
1579,CHP06080,豹皮菇,0.5570438466666666,3.0,3.0,0.0,0.0
1580,CHP00243,蓖麻根,0.556650765,8.0,8.0,2.0,2.0
1581,CHP01847,假连翘,0.5564462549999999,6.0,6.0,2.0,2.0
1582,CHP00265,扁竹根,0.5541101,1.0,1.0,0.0,0.0
1583,CHP03321,人参芦,0.55379437,2.0,2.0,1.0,1.0
1584,CHP03299,驱虫斑鸠菊,0.5537114,1.0,1.0,0.0,0.0
1585,CHP02077,刻裂紫堇,0.5529406466153847,13.0,13.0,4.0,4.0
1586,CHP01505,厚皮树,0.55199501,5.0,5.0,2.0,2.0
1587,CHP01499,红直獐牙菜,0.5506105,1.0,1.0,0.0,0.0
1588,CHP02816,棉花根,0.5478546833333334,9.0,9.0,2.0,1.0
1589,CHP02670,毛大丁草,0.5477761377777778,9.0,9.0,2.0,2.0
1590,CHP04899,芫花,0.54721713,1.0,1.0,0.0,0.0
1591,CHP00458,葱白,0.5468124754428572,70.0,70.0,13.0,12.0
1592,CHP00061,白刺,0.546751125,4.0,4.0,1.0,1.0
1593,CHP01171,高山龙胆,0.5463414209090909,11.0,11.0,4.0,3.0
1594,CHP05470,枕材,0.54341528,2.0,2.0,0.0,0.0
1595,CHP03784,手参,0.5430465958333334,12.0,12.0,3.0,3.0
1596,CHP02178,莱菔,0.5402420568,5.0,5.0,2.0,2.0
1597,CHP02982,牛蒡,0.5395351,12.0,12.0,0.0,0.0
1598,CHP00330,茶花,0.5352617933333333,3.0,3.0,0.0,0.0
1599,CHP02861,木防己,0.53358595,13.0,13.0,5.0,5.0
1600,CHP00897,短小蛇根草,0.53336,1.0,1.0,0.0,0.0
1601,CHP03015,牛舌头,0.5329738,1.0,1.0,0.0,0.0
1602,CHP04598,香樟叶,0.53185046,1.0,1.0,0.0,0.0
1603,CHP05683,紫藤,0.53177834,1.0,1.0,0.0,0.0
1604,CHP05040,野花椒根,0.5308194860000001,5.0,5.0,0.0,0.0
1605,CHP00793,东北刺人参,0.529814060625,16.0,16.0,1.0,1.0
1606,CHP00605,大叶醉鱼草,0.5289492,4.0,4.0,0.0,0.0
1607,CHP01775,鸡蛋果,0.52582124,2.0,2.0,0.0,0.0
1608,CHP00173,百里香,0.5249022282608696,23.0,23.0,5.0,5.0
1609,CHP05712,紫珠,0.523234,1.0,1.0,0.0,0.0
1610,CHP05547,猪毛菜,0.5207429075000001,4.0,4.0,1.0,1.0
1611,CHP02450,芦竹根,0.5164747690909091,11.0,11.0,3.0,3.0
1612,CHP00149,白土茯苓,0.5161511,1.0,1.0,0.0,0.0
1613,CHP01016,飞龙掌血,0.5147276681818181,11.0,11.0,2.0,2.0
1614,CHP01403,衡州乌药,0.5146241614285714,7.0,7.0,2.0,2.0
1615,CHP03107,偏翅唐松草,0.5143258866666667,3.0,3.0,0.0,0.0
1616,CHP05465,珍珠梅,0.5123051999999999,2.0,2.0,0.0,0.0
1617,CHP04851,血竭,0.5107933825,4.0,4.0,1.0,1.0
1618,CHP04481,细香葱,0.5085797,1.0,1.0,0.0,0.0
1619,CHP04272,歪脖子果,0.5082218,6.0,6.0,0.0,0.0
1620,CHP04325,文冠木,0.507720556,5.0,5.0,0.0,0.0
1621,CHP00276,柄果槲寄生,0.5070808,1.0,1.0,0.0,0.0
1622,CHP05610,姊妹树,0.50704926,1.0,1.0,0.0,0.0
1623,CHP02971,柠檬根,0.504648895,2.0,2.0,0.0,0.0
1624,CHP04918,岩椒草,0.500406366153846,13.0,13.0,3.0,3.0
1625,CHP02120,苦楝实,0.49918620666666663,3.0,3.0,0.0,0.0
1626,CHP02397,龙船花,0.49852657545454543,11.0,11.0,0.0,0.0
1627,CHP05804,蜂房,0.4975414825,4.0,4.0,1.0,1.0
1628,CHP04390,梧桐,0.49417322875,8.0,8.0,0.0,0.0
1629,CHP03567,山棯叶,0.491136,1.0,1.0,0.0,0.0
1630,CHP06156,红粉,0.48940977,1.0,1.0,0.0,0.0
1631,CHP02456,陆地棉,0.4872811566666666,3.0,3.0,0.0,0.0
1632,CHP00104,白菊花根,0.4870177,1.0,1.0,0.0,0.0
1633,CHP00413,川滇淫羊藿,0.48598160874999996,8.0,8.0,0.0,0.0
1634,CHP02515,骆驼蓬子,0.485325695,2.0,2.0,0.0,0.0
1635,CHP02527,吕宋楸毛,0.4825196766666667,6.0,6.0,0.0,0.0
1636,CHP05955,蜜蜡,0.48177840333333327,3.0,3.0,0.0,0.0
1637,CHP05171,银背藤,0.47770005,1.0,1.0,0.0,0.0
1638,CHP01470,红木香,0.4762145983333334,12.0,12.0,0.0,0.0
1639,CHP00586,大叶马尾连,0.4659386176923077,13.0,13.0,5.0,5.0
1640,CHP01829,蓟罂粟,0.46518365714285714,7.0,7.0,2.0,2.0
1641,CHP05198,鹰不泊,0.46411783,1.0,1.0,0.0,0.0
1642,CHP04867,鸦片,0.46085368,9.0,9.0,2.0,2.0
1643,CHP02182,兰花,0.45992568,3.0,3.0,0.0,0.0
1644,CHP01675,黄堇,0.45340454999999996,3.0,3.0,1.0,1.0
1645,CHP03970,松叶,0.453101965,4.0,4.0,0.0,0.0
1646,CHP06100,猴头菇,0.45251511631578945,19.0,19.0,1.0,1.0
1647,CHP00924,盾叶唐松草,0.451925637,10.0,10.0,0.0,0.0
1648,CHP01563,花椒簕,0.4518087,1.0,1.0,0.0,0.0
1649,CHP01232,枸橘核,0.44691215000000006,4.0,4.0,0.0,0.0
1650,CHP01066,凤尾茶,0.44216585,4.0,4.0,0.0,0.0
1651,CHP03002,牛筋果,0.4381489371428572,7.0,7.0,1.0,1.0
1652,CHP02523,落新妇,0.4377394422222222,18.0,18.0,0.0,0.0
1653,CHP01918,金锦香,0.43591076,1.0,1.0,0.0,0.0
1654,CHP05042,野花椒叶,0.43094873499999997,4.0,4.0,0.0,0.0
1655,CHP03243,青皮,0.430839825,2.0,2.0,0.0,0.0
1656,CHP02133,苦檀子,0.430018355,6.0,6.0,1.0,1.0
1657,CHP05337,云南榧树,0.4287474466666667,3.0,3.0,0.0,0.0
1658,CHP04150,铁力木,0.4282098564705883,17.0,17.0,1.0,1.0
1659,CHP05790,虫白蜡,0.42330844,4.0,4.0,0.0,0.0
1660,CHP04595,香樟,0.42171590266666664,15.0,15.0,0.0,0.0
1661,CHP05142,伊贝母,0.41858457,2.0,2.0,0.0,0.0
1662,CHP05361,芸香草,0.4130609225,4.0,4.0,1.0,1.0
1663,CHP05170,茵芋,0.409692485,2.0,2.0,0.0,0.0
1664,CHP04224,土丁桂,0.40909663,1.0,1.0,0.0,0.0
1665,CHP03105,辟汗草,0.3989473,1.0,1.0,0.0,0.0
1666,CHP03365,瑞香花,0.39484695999999997,2.0,2.0,0.0,0.0
1667,CHP00239,荜茇根,0.39353051,3.0,3.0,0.0,0.0
1668,CHP01432,红花绿绒蒿,0.39340246666666673,9.0,9.0,1.0,1.0
1669,CHP01814,极美云实,0.3864147822222222,9.0,9.0,0.0,0.0
1670,CHP01774,鸡蛋参,0.37505734,2.0,2.0,0.0,0.0
1671,CHP05345,云南菟丝子,0.368911655,2.0,2.0,0.0,0.0
1672,CHP01349,旱莲花,0.36507048,2.0,2.0,0.0,0.0
1673,CHP00004,阿育魏实,0.36273733,1.0,1.0,0.0,0.0
1674,CHP04798,杏子,0.35157257,1.0,1.0,0.0,0.0
1675,CHP05692,紫薇花,0.34646192,1.0,1.0,0.0,0.0
1676,CHP03921,水杨枝叶,0.3438336,1.0,1.0,0.0,0.0
1677,CHP00368,橙子,0.34134043,8.0,8.0,0.0,0.0
1678,CHP01156,岗松,0.33631095,1.0,1.0,0.0,0.0
1679,CHP01885,角茴香,0.328695575,4.0,4.0,0.0,0.0
1680,CHP01520,胡麻仁,0.32849115,1.0,1.0,0.0,0.0
1681,CHP02946,南天竹梗,0.31466916,1.0,1.0,0.0,0.0
1682,CHP00086,白花菜,0.30515242,2.0,2.0,0.0,0.0
1683,CHP04299,网脉橐吾,0.290834005,2.0,2.0,0.0,0.0
1684,CHP03689,胜红蓟,0.27563423,1.0,1.0,0.0,0.0
1685,CHP01262,观音草,0.25281325,1.0,1.0,0.0,0.0
1686,CHP02306,莲蓬草,0.24981472666666668,3.0,3.0,0.0,0.0
1687,CHP05795,地龙,0.24588144,1.0,1.0,0.0,0.0
1688,CHP05188,银叶树,0.24506387,1.0,1.0,0.0,0.0
1689,CHP04352,乌蔹莓,0.23959287,1.0,1.0,0.0,0.0
1690,CHP00807,东莨菪,0.23020584500000002,2.0,2.0,0.0,0.0
1691,CHP00629,胆南星,0.22533591,1.0,1.0,0.0,0.0
1692,CHP04475,细果角茴香,0.21997085,1.0,1.0,0.0,0.0
1693,CHP01201,功劳子,0.21617258,1.0,1.0,0.0,0.0
1694,CHP02000,九里香根,0.209824585,2.0,2.0,0.0,0.0
1695,CHP00372,齿瓣延胡索,0.188492885,2.0,2.0,0.0,0.0
1696,CHP00318,草胡椒,0.1866961,1.0,1.0,0.0,0.0
1697,CHP02697,毛莲蒿,0.17783627,1.0,1.0,0.0,0.0
1698,CHP04322,榅桲,0.16644241,1.0,1.0,0.0,0.0
1699,CHP05191,淫羊藿根,0.1592933,1.0,1.0,0.0,0.0
1700,CHP04558,香根芹,0.135222837,2.0,2.0,0.0,0.0
1701,CHP01362,荷梗,0.12625077,1.0,1.0,0.0,0.0
