rank,CHP_ID,Chinese_herbal_pieces,high_quality_avg,total_compounds,effective_count,high_quality_count,ultra_high_count
1,CHP00023,暗紫贝母,1.0,11.0,11.0,4.0,4.0
2,CHP05964,牛肾,1.0,6.0,6.0,2.0,2.0
3,CHP02511,萝藦子,1.0,5.0,5.0,5.0,5.0
4,CHP02494,罗锅底,1.0,9.0,9.0,5.0,5.0
5,CHP02457,陆英,1.0,2.0,2.0,1.0,1.0
6,CHP02459,鹿葱,1.0,1.0,1.0,1.0,1.0
7,CHP02463,鹿角菜,1.0,7.0,7.0,4.0,4.0
8,CHP02469,鹿衔草,1.0,11.0,11.0,7.0,7.0
9,CHP02519,落葵,1.0,1.0,1.0,1.0,1.0
10,CHP02520,落葵花,1.0,9.0,9.0,7.0,7.0
11,CHP02500,罗汉松实,1.0,17.0,17.0,9.0,9.0
12,CHP02504,罗勒子,1.0,1.0,1.0,1.0,1.0
13,CHP02371,柳穿鱼,1.0,9.0,9.0,4.0,4.0
14,CHP02313,莲子草,1.0,8.0,8.0,4.0,4.0
15,CHP02333,亮叶桦皮,1.0,3.0,3.0,2.0,2.0
16,CHP02337,辽东楤木,1.0,19.0,19.0,9.0,9.0
17,CHP02339,蓼实,1.0,2.0,2.0,2.0,2.0
18,CHP02516,落地生根,1.0,5.0,5.0,4.0,4.0
19,CHP02427,龙眼肉,1.0,1.0,1.0,1.0,1.0
20,CHP02429,龙眼叶,1.0,6.0,6.0,3.0,3.0
21,CHP02439,耧斗菜,1.0,16.0,16.0,10.0,10.0
22,CHP02342,裂果薯,1.0,17.0,17.0,9.0,9.0
23,CHP02355,铃兰,1.0,20.0,20.0,10.0,10.0
24,CHP02356,凌霄,1.0,6.0,6.0,2.0,2.0
25,CHP05563,竹柏根,1.0,4.0,4.0,2.0,2.0
26,CHP05499,枳椇子,1.0,5.0,5.0,1.0,1.0
27,CHP05467,真藓,1.0,1.0,1.0,1.0,1.0
28,CHP05481,栀子叶,1.0,1.0,1.0,1.0,1.0
29,CHP05581,竹叶柴胡,1.0,2.0,2.0,1.0,1.0
30,CHP05592,苎麻根,1.0,1.0,1.0,1.0,1.0
31,CHP05612,梓木,1.0,7.0,7.0,1.0,1.0
32,CHP05615,梓叶,1.0,21.0,21.0,13.0,13.0
33,CHP05548,猪毛蒿,1.0,3.0,3.0,1.0,1.0
34,CHP05557,猪鬃草,1.0,17.0,17.0,11.0,11.0
35,CHP00178,百眼藤,1.0,5.0,5.0,1.0,1.0
36,CHP00156,白叶藤,1.0,2.0,2.0,1.0,1.0
37,CHP05634,紫红獐牙菜,1.0,8.0,8.0,3.0,3.0
38,CHP05635,紫花地丁,1.0,4.0,4.0,1.0,1.0
39,CHP05638,紫花景天,1.0,3.0,3.0,1.0,1.0
40,CHP00213,榜嘎,1.0,5.0,5.0,3.0,3.0
41,CHP00222,报春花,1.0,2.0,2.0,1.0,1.0
42,CHP00223,抱茎獐牙菜,1.0,8.0,8.0,4.0,4.0
43,CHP00225,暴马子皮,1.0,1.0,1.0,1.0,1.0
44,CHP00191,斑鸠菊,1.0,22.0,22.0,13.0,13.0
45,CHP00208,半枫荷,1.0,3.0,3.0,2.0,2.0
46,CHP00176,百蕊草,1.0,1.0,1.0,1.0,1.0
47,CHP00235,贝母兰,1.0,6.0,6.0,1.0,1.0
48,CHP05329,越橘叶,1.0,3.0,3.0,2.0,2.0
49,CHP05338,云南甘草,1.0,14.0,14.0,8.0,8.0
50,CHP05355,云实叶,1.0,1.0,1.0,1.0,1.0
51,CHP05357,芸薹,1.0,2.0,2.0,1.0,1.0
52,CHP05302,元宝草,1.0,8.0,8.0,1.0,1.0
53,CHP05304,圆柏,1.0,5.0,5.0,5.0,5.0
54,CHP00245,蓖麻油,1.0,7.0,7.0,1.0,1.0
55,CHP00247,薜荔,1.0,2.0,2.0,2.0,2.0
56,CHP00251,边缘鳞盖蕨,1.0,14.0,14.0,6.0,6.0
57,CHP05403,樟梨,1.0,5.0,5.0,3.0,3.0
58,CHP05364,仔榄树,1.0,2.0,2.0,2.0,2.0
59,CHP05373,皂角刺,1.0,2.0,2.0,1.0,1.0
60,CHP05377,泽漆,1.0,39.0,39.0,25.0,25.0
61,CHP00254,鞭打绣球,1.0,1.0,1.0,1.0,1.0
62,CHP00261,扁桃斑鸠菊,1.0,2.0,2.0,2.0,2.0
63,CHP05427,长管香茶菜,1.0,22.0,22.0,15.0,15.0
64,CHP05435,长尾复叶耳蕨,1.0,1.0,1.0,1.0,1.0
65,CHP05450,照山白,1.0,2.0,2.0,1.0,1.0
66,CHP05461,鹧鸪菜,1.0,1.0,1.0,1.0,1.0
67,CHP05380,泽泻,1.0,24.0,24.0,23.0,23.0
68,CHP05392,粘毛鼠尾草,1.0,4.0,4.0,2.0,2.0
69,CHP05205,迎春花,1.0,13.0,13.0,9.0,9.0
70,CHP05211,瘿花香茶菜,1.0,6.0,6.0,3.0,3.0
71,CHP05218,永宁独活,1.0,5.0,5.0,2.0,2.0
72,CHP05221,油茶根皮,1.0,7.0,7.0,3.0,3.0
73,CHP05224,油茶子,1.0,6.0,6.0,3.0,3.0
74,CHP00349,常春卫矛,1.0,6.0,6.0,5.0,5.0
75,CHP00319,草莓,1.0,2.0,2.0,1.0,1.0
76,CHP00312,草本威灵仙,1.0,11.0,11.0,3.0,3.0
77,CHP00314,草地黄芩,1.0,7.0,7.0,2.0,2.0
78,CHP00293,菜豆树,1.0,11.0,11.0,5.0,5.0
79,CHP05296,郁金香,1.0,9.0,9.0,4.0,4.0
80,CHP05267,鱼腥草,1.0,1.0,1.0,1.0,1.0
81,CHP05274,榆树,1.0,1.0,1.0,1.0,1.0
82,CHP00332,茶条槭,1.0,2.0,2.0,1.0,1.0
83,CHP05313,圆叶茅膏菜,1.0,2.0,2.0,1.0,1.0
84,CHP05322,月季花,1.0,11.0,11.0,1.0,1.0
85,CHP05287,玉蜀黍,1.0,4.0,4.0,2.0,2.0
86,CHP05289,玉叶金花,1.0,11.0,11.0,6.0,6.0
87,CHP02609,麦瓶草,1.0,1.0,1.0,1.0,1.0
88,CHP02567,马蛋果,1.0,2.0,2.0,1.0,1.0
89,CHP02589,马桑根,1.0,1.0,1.0,1.0,1.0
90,CHP02545,麻花,1.0,6.0,6.0,3.0,3.0
91,CHP02554,麻牛膝,1.0,15.0,15.0,7.0,7.0
92,CHP02540,绿玉树,1.0,2.0,2.0,1.0,1.0
93,CHP02239,老鼠瓜,1.0,5.0,5.0,2.0,2.0
94,CHP02240,老鼠簕,1.0,20.0,20.0,12.0,12.0
95,CHP02597,马先蒿,1.0,2.0,2.0,1.0,1.0
96,CHP02600,马银花,1.0,2.0,2.0,1.0,1.0
97,CHP02304,莲房,1.0,5.0,5.0,5.0,5.0
98,CHP02282,荔枝叶,1.0,6.0,6.0,5.0,5.0
99,CHP02218,莨菪根,1.0,4.0,4.0,2.0,2.0
100,CHP02696,毛连菜,1.0,4.0,4.0,2.0,2.0
101,CHP02644,芒萁骨,1.0,2.0,2.0,1.0,1.0
102,CHP02649,莽草根,1.0,2.0,2.0,1.0,1.0
103,CHP02661,毛白杨,1.0,13.0,13.0,6.0,6.0
104,CHP02633,蔓性千斤拔,1.0,3.0,3.0,1.0,1.0
105,CHP05066,野茉莉,1.0,12.0,12.0,12.0,12.0
106,CHP05070,野木瓜,1.0,6.0,6.0,1.0,1.0
107,CHP00371,秤钩风,1.0,10.0,10.0,5.0,5.0
108,CHP00373,齿叶草,1.0,3.0,3.0,1.0,1.0
109,CHP00374,齿叶橐吾,1.0,2.0,2.0,1.0,1.0
110,CHP00351,朝鲜白头翁,1.0,3.0,3.0,1.0,1.0
111,CHP00364,澄茄子,1.0,4.0,4.0,1.0,1.0
112,CHP05154,异叶梁王茶,1.0,8.0,8.0,4.0,4.0
113,CHP05159,益智,1.0,12.0,12.0,11.0,11.0
114,CHP05160,益智仁,1.0,5.0,5.0,1.0,1.0
115,CHP00393,臭茉莉,1.0,2.0,2.0,1.0,1.0
116,CHP05183,银线草,1.0,7.0,7.0,4.0,4.0
117,CHP05162,薏苡仁,1.0,6.0,6.0,2.0,2.0
118,CHP05139,一枝蒿,1.0,4.0,4.0,3.0,3.0
119,CHP02739,茅膏菜,1.0,3.0,3.0,2.0,2.0
120,CHP02745,茅莓,1.0,2.0,2.0,1.0,1.0
121,CHP02746,茅香,1.0,2.0,2.0,1.0,1.0
122,CHP02749,玫瑰,1.0,3.0,3.0,1.0,1.0
123,CHP02663,毛草龙,1.0,6.0,6.0,3.0,3.0
124,CHP02670,毛大丁草,1.0,9.0,9.0,2.0,2.0
125,CHP02675,毛冬青,1.0,5.0,5.0,3.0,3.0
126,CHP02685,毛诃子,1.0,5.0,5.0,2.0,2.0
127,CHP02096,苦碟子,1.0,2.0,2.0,1.0,1.0
128,CHP02100,苦豆子,1.0,2.0,2.0,1.0,1.0
129,CHP02062,咖啡,1.0,2.0,2.0,1.0,1.0
130,CHP02707,毛葡萄,1.0,1.0,1.0,1.0,1.0
131,CHP02713,毛蕊花,1.0,5.0,5.0,3.0,3.0
132,CHP02114,苦苣,1.0,7.0,7.0,6.0,6.0
133,CHP02121,苦楝叶,1.0,3.0,3.0,2.0,2.0
134,CHP02130,苦绳,1.0,3.0,3.0,3.0,3.0
135,CHP02084,苦艾,1.0,2.0,2.0,1.0,1.0
136,CHP02085,苦芺,1.0,3.0,3.0,2.0,2.0
137,CHP02781,迷迭香,1.0,10.0,10.0,5.0,5.0
138,CHP02133,苦檀子,1.0,6.0,6.0,1.0,1.0
139,CHP02137,苦玄参,1.0,20.0,20.0,12.0,12.0
140,CHP02159,昆明鸡血藤,1.0,3.0,3.0,1.0,1.0
141,CHP02166,腊梅花,1.0,5.0,5.0,2.0,2.0
142,CHP04971,羊蹄,1.0,4.0,4.0,2.0,2.0
143,CHP04920,岩筋菜,1.0,4.0,4.0,4.0,4.0
144,CHP04933,岩乌头,1.0,1.0,1.0,1.0,1.0
145,CHP04900,芫花根,1.0,3.0,3.0,2.0,2.0
146,CHP00418,川西獐牙菜,1.0,2.0,2.0,1.0,1.0
147,CHP00428,春福寿草,1.0,3.0,3.0,3.0,3.0
148,CHP00430,椿白皮,1.0,1.0,1.0,1.0,1.0
149,CHP04956,羊耳蒜,1.0,2.0,2.0,1.0,1.0
150,CHP04958,羊角拗,1.0,10.0,10.0,5.0,5.0
151,CHP04959,羊角拗子,1.0,4.0,4.0,3.0,3.0
152,CHP00463,楤木,1.0,4.0,4.0,4.0,4.0
153,CHP00466,粗榧子,1.0,8.0,8.0,4.0,4.0
154,CHP00433,莼菜,1.0,3.0,3.0,1.0,1.0
155,CHP00444,刺果苏木,1.0,36.0,36.0,24.0,24.0
156,CHP05010,椰子瓤,1.0,2.0,2.0,1.0,1.0
157,CHP05012,野百合,1.0,3.0,3.0,2.0,2.0
158,CHP05030,野甘草,1.0,18.0,18.0,10.0,10.0
159,CHP04975,羊踯躅,1.0,15.0,15.0,14.0,14.0
160,CHP04984,杨梅,1.0,9.0,9.0,6.0,6.0
161,CHP00472,打碗花,1.0,3.0,3.0,2.0,2.0
162,CHP02844,牡蒿,1.0,2.0,2.0,2.0,2.0
163,CHP02813,绵藤,1.0,1.0,1.0,1.0,1.0
164,CHP02814,绵枣儿,1.0,10.0,10.0,6.0,6.0
165,CHP02769,美人蕉,1.0,4.0,4.0,2.0,2.0
166,CHP02012,酒饼叶,1.0,7.0,7.0,4.0,4.0
167,CHP02847,木半夏根,1.0,3.0,3.0,2.0,2.0
168,CHP02054,绢毛蔷薇,1.0,3.0,3.0,1.0,1.0
169,CHP02025,菊芋,1.0,6.0,6.0,4.0,4.0
170,CHP02029,橘核,1.0,2.0,2.0,1.0,1.0
171,CHP02007,韭菜,1.0,4.0,4.0,3.0,3.0
172,CHP02935,南蛇竻,1.0,12.0,12.0,8.0,8.0
173,CHP02892,木麻黄,1.0,11.0,11.0,7.0,7.0
174,CHP02035,橘子,1.0,6.0,6.0,1.0,1.0
175,CHP02049,卷丹,1.0,1.0,1.0,1.0,1.0
176,CHP04761,斜基粗叶木,1.0,4.0,4.0,2.0,2.0
177,CHP04772,心叶荆芥,1.0,3.0,3.0,1.0,1.0
178,CHP04682,小蓟,1.0,5.0,5.0,3.0,3.0
179,CHP04698,小米草,1.0,2.0,2.0,1.0,1.0
180,CHP04737,小叶黑柴胡,1.0,2.0,2.0,1.0,1.0
181,CHP04746,小叶石楠,1.0,2.0,2.0,1.0,1.0
182,CHP04835,雪见草,1.0,2.0,2.0,1.0,1.0
183,CHP04839,雪莲花,1.0,4.0,4.0,3.0,3.0
184,CHP04851,血竭,1.0,4.0,4.0,1.0,1.0
185,CHP04816,徐长卿,1.0,15.0,15.0,5.0,5.0
186,CHP04821,萱草,1.0,9.0,9.0,4.0,4.0
187,CHP00571,大叶桉叶,1.0,7.0,7.0,2.0,2.0
188,CHP00500,大果大戟,1.0,16.0,16.0,10.0,10.0
189,CHP00508,大花糙苏,1.0,2.0,2.0,1.0,1.0
190,CHP00514,大黄花,1.0,9.0,9.0,6.0,6.0
191,CHP00541,大青,1.0,2.0,2.0,1.0,1.0
192,CHP04866,鸦胆子,1.0,12.0,12.0,9.0,9.0
193,CHP04867,鸦片,1.0,9.0,9.0,2.0,2.0
194,CHP04869,鸭儿芹,1.0,1.0,1.0,1.0,1.0
195,CHP00628,胆木,1.0,13.0,13.0,5.0,5.0
196,CHP00635,淡竹叶,1.0,1.0,1.0,1.0,1.0
197,CHP00560,大头橐吾,1.0,6.0,6.0,3.0,3.0
198,CHP04602,向日葵,1.0,6.0,6.0,1.0,1.0
199,CHP04574,香排草,1.0,8.0,8.0,5.0,5.0
200,CHP04527,仙人掌,1.0,3.0,3.0,1.0,1.0
201,CHP04538,藓生马先蒿,1.0,4.0,4.0,2.0,2.0
202,CHP04616,橡实,1.0,6.0,6.0,2.0,2.0
203,CHP04622,小百部,1.0,1.0,1.0,1.0,1.0
204,CHP04647,小构树,1.0,21.0,21.0,8.0,8.0
205,CHP04666,小花盾叶薯蓣,1.0,1.0,1.0,1.0,1.0
206,CHP04667,小花鬼针草,1.0,6.0,6.0,5.0,5.0
207,CHP00724,灯笼泡,1.0,5.0,5.0,2.0,2.0
208,CHP00728,灯油藤子,1.0,7.0,7.0,4.0,4.0
209,CHP00649,倒吊笔,1.0,2.0,2.0,2.0,2.0
210,CHP00662,稻芽,1.0,2.0,2.0,2.0,2.0
211,CHP00667,地柏枝,1.0,1.0,1.0,1.0,1.0
212,CHP00742,滇黄芩,1.0,10.0,10.0,5.0,5.0
213,CHP00767,钓樟根皮,1.0,8.0,8.0,2.0,2.0
214,CHP00708,地刷子,1.0,15.0,15.0,9.0,9.0
215,CHP02951,南烛,1.0,4.0,4.0,2.0,2.0
216,CHP02938,南蛇藤,1.0,4.0,4.0,2.0,2.0
217,CHP02941,南蛇藤叶,1.0,1.0,1.0,1.0,1.0
218,CHP02942,南酸枣,1.0,4.0,4.0,2.0,2.0
219,CHP02947,南天竹叶,1.0,4.0,4.0,3.0,3.0
220,CHP02924,南方菟丝子,1.0,4.0,4.0,2.0,2.0
221,CHP02934,南山藤,1.0,5.0,5.0,3.0,3.0
222,CHP01889,接骨木,1.0,10.0,10.0,5.0,5.0
223,CHP01896,芥菜,1.0,7.0,7.0,3.0,3.0
224,CHP01897,芥蓝,1.0,6.0,6.0,2.0,2.0
225,CHP01903,金草,1.0,2.0,2.0,1.0,1.0
226,CHP01953,金腰,1.0,3.0,3.0,1.0,1.0
227,CHP01963,金樱叶,1.0,1.0,1.0,1.0,1.0
228,CHP01965,金鱼藤,1.0,11.0,11.0,7.0,7.0
229,CHP01935,金雀根,1.0,1.0,1.0,1.0,1.0
230,CHP03050,欧当归,1.0,3.0,3.0,1.0,1.0
231,CHP02987,牛扁,1.0,3.0,3.0,3.0,3.0
232,CHP02997,牛耳枫子,1.0,6.0,6.0,4.0,4.0
233,CHP02998,牛角瓜,1.0,2.0,2.0,2.0,2.0
234,CHP03002,牛筋果,1.0,7.0,7.0,1.0,1.0
235,CHP03013,牛舌草,1.0,14.0,14.0,8.0,8.0
236,CHP03018,牛尾菜,1.0,1.0,1.0,1.0,1.0
237,CHP01946,金挖耳,1.0,3.0,3.0,2.0,2.0
238,CHP04431,五爪龙,1.0,6.0,6.0,3.0,3.0
239,CHP04459,西洋接骨木,1.0,4.0,4.0,4.0,4.0
240,CHP04460,西洋梨,1.0,3.0,3.0,1.0,1.0
241,CHP04379,无漏子,1.0,1.0,1.0,1.0,1.0
242,CHP04358,乌苏里瓦韦,1.0,2.0,2.0,1.0,1.0
243,CHP04363,巫山淫羊藿,1.0,7.0,7.0,3.0,3.0
244,CHP04462,锡兰肉桂,1.0,3.0,3.0,1.0,1.0
245,CHP04465,溪黄草,1.0,7.0,7.0,7.0,7.0
246,CHP04467,喜旱莲子草,1.0,7.0,7.0,3.0,3.0
247,CHP04422,五桠果,1.0,4.0,4.0,2.0,2.0
248,CHP00801,东当归,1.0,2.0,2.0,1.0,1.0
249,CHP00802,东方狗脊,1.0,12.0,12.0,7.0,7.0
250,CHP00770,调经草,1.0,5.0,5.0,3.0,3.0
251,CHP00778,丁茄,1.0,9.0,9.0,1.0,1.0
252,CHP00791,定木香,1.0,22.0,22.0,16.0,16.0
253,CHP00793,东北刺人参,1.0,16.0,16.0,1.0,1.0
254,CHP00795,东北蛔蒿,1.0,3.0,3.0,3.0,3.0
255,CHP00854,毒蛆草,1.0,3.0,3.0,1.0,1.0
256,CHP00879,杜鹃花叶,1.0,2.0,2.0,1.0,1.0
257,CHP00824,冬凌草,1.0,50.0,50.0,45.0,45.0
258,CHP00799,东北延胡索,1.0,4.0,4.0,2.0,2.0
259,CHP03056,藕节,1.0,1.0,1.0,1.0,1.0
260,CHP03077,泡桐果,1.0,2.0,2.0,1.0,1.0
261,CHP03022,牛西西,1.0,9.0,9.0,5.0,5.0
262,CHP03027,牛心茄子,1.0,5.0,5.0,3.0,3.0
263,CHP03038,糯稻根,1.0,13.0,13.0,7.0,7.0
264,CHP01797,鸡嗉子,1.0,4.0,4.0,3.0,3.0
265,CHP03087,蓬子菜,1.0,4.0,4.0,2.0,2.0
266,CHP03088,蟛蜞菊,1.0,7.0,7.0,5.0,5.0
267,CHP03097,皮哨子,1.0,5.0,5.0,3.0,3.0
268,CHP03098,枇杷,1.0,6.0,6.0,3.0,3.0
269,CHP01847,假连翘,1.0,6.0,6.0,2.0,2.0
270,CHP01853,剪秋罗,1.0,3.0,3.0,1.0,1.0
271,CHP01856,见血飞,1.0,3.0,3.0,3.0,3.0
272,CHP01811,吉林乌头,1.0,1.0,1.0,1.0,1.0
273,CHP01815,棘豆,1.0,13.0,13.0,9.0,9.0
274,CHP01822,蕺叶秋海棠,1.0,3.0,3.0,2.0,2.0
275,CHP03113,苹果,1.0,1.0,1.0,1.0,1.0
276,CHP03114,瓶尔小草,1.0,2.0,2.0,1.0,1.0
277,CHP03116,萍蓬草,1.0,6.0,6.0,4.0,4.0
278,CHP01858,见血清,1.0,3.0,3.0,1.0,1.0
279,CHP01868,浆果苋,1.0,1.0,1.0,1.0,1.0
280,CHP01876,胶质鼠尾草,1.0,3.0,3.0,1.0,1.0
281,CHP01884,角蒿,1.0,10.0,10.0,6.0,6.0
282,CHP00928,多花蒿,1.0,10.0,10.0,10.0,10.0
283,CHP00936,多裂委陵菜,1.0,3.0,3.0,2.0,2.0
284,CHP00945,多穗石柯叶,1.0,8.0,8.0,5.0,5.0
285,CHP00883,杜松实,1.0,7.0,7.0,1.0,1.0
286,CHP00902,断节参,1.0,3.0,3.0,2.0,2.0
287,CHP00990,番石榴,1.0,12.0,12.0,2.0,2.0
288,CHP00963,鹅绒藤,1.0,6.0,6.0,2.0,2.0
289,CHP00969,鄂报春,1.0,3.0,3.0,1.0,1.0
290,CHP04316,卫矛,1.0,3.0,3.0,1.0,1.0
291,CHP04324,文冠果,1.0,4.0,4.0,4.0,4.0
292,CHP04280,晚香玉,1.0,19.0,19.0,10.0,10.0
293,CHP04285,万年青根,1.0,10.0,10.0,6.0,6.0
294,CHP04290,万寿菊,1.0,7.0,7.0,4.0,4.0
295,CHP04297,王孙,1.0,1.0,1.0,1.0,1.0
296,CHP00988,番木瓜叶,1.0,1.0,1.0,1.0,1.0
297,CHP04328,文竹,1.0,1.0,1.0,1.0,1.0
298,CHP04329,问荆,1.0,4.0,4.0,2.0,2.0
299,CHP04335,乌棒子,1.0,2.0,2.0,1.0,1.0
300,CHP04344,乌桕木根皮,1.0,2.0,2.0,1.0,1.0
301,CHP04313,尾叶香茶菜,1.0,35.0,35.0,21.0,21.0
302,CHP04163,铁树叶,1.0,1.0,1.0,1.0,1.0
303,CHP04169,铁线莲,1.0,2.0,2.0,1.0,1.0
304,CHP04253,兔儿伞,1.0,2.0,2.0,1.0,1.0
305,CHP04270,瓦松,1.0,2.0,2.0,1.0,1.0
306,CHP04208,透骨草,1.0,2.0,2.0,2.0,2.0
307,CHP01050,风箱树叶,1.0,1.0,1.0,1.0,1.0
308,CHP01019,飞燕草,1.0,17.0,17.0,10.0,10.0
309,CHP01029,肺形草,1.0,5.0,5.0,4.0,4.0
310,CHP00993,番石榴皮,1.0,2.0,2.0,2.0,2.0
311,CHP00994,番石榴叶,1.0,3.0,3.0,3.0,3.0
312,CHP01002,繁缕,1.0,9.0,9.0,4.0,4.0
313,CHP01008,防风草,1.0,4.0,4.0,3.0,3.0
314,CHP01076,凤眼草,1.0,8.0,8.0,8.0,8.0
315,CHP01083,扶桑花,1.0,3.0,3.0,1.0,1.0
316,CHP01040,粪箕笃,1.0,4.0,4.0,2.0,2.0
317,CHP01043,风毛菊,1.0,8.0,8.0,3.0,3.0
318,CHP03162,漆大姑,1.0,4.0,4.0,3.0,3.0
319,CHP03119,婆罗门参,1.0,8.0,8.0,4.0,4.0
320,CHP03127,破叶莲,1.0,11.0,11.0,5.0,5.0
321,CHP03110,飘拂草,1.0,1.0,1.0,1.0,1.0
322,CHP03111,平贝母,1.0,24.0,24.0,22.0,22.0
323,CHP01712,黄皮根,1.0,2.0,2.0,1.0,1.0
324,CHP01716,黄皮叶,1.0,4.0,4.0,2.0,2.0
325,CHP01724,黄秦艽,1.0,2.0,2.0,2.0,2.0
326,CHP01727,黄三七,1.0,7.0,7.0,5.0,5.0
327,CHP03180,千金子,1.0,10.0,10.0,7.0,7.0
328,CHP03187,千日红,1.0,12.0,12.0,6.0,6.0
329,CHP01763,火索麻,1.0,8.0,8.0,6.0,6.0
330,CHP01764,火炭母草,1.0,1.0,1.0,1.0,1.0
331,CHP01728,黄山药,1.0,5.0,5.0,4.0,4.0
332,CHP01733,黄蜀葵花,1.0,1.0,1.0,1.0,1.0
333,CHP01739,黄菀,1.0,7.0,7.0,3.0,3.0
334,CHP03201,茜草藤,1.0,1.0,1.0,1.0,1.0
335,CHP03212,乔木紫珠,1.0,1.0,1.0,1.0,1.0
336,CHP01767,火焰花,1.0,6.0,6.0,3.0,3.0
337,CHP01773,鸡肠狼毒,1.0,18.0,18.0,9.0,9.0
338,CHP01756,茴芹,1.0,25.0,25.0,16.0,16.0
339,CHP01759,茴香茎叶,1.0,4.0,4.0,2.0,2.0
340,CHP04092,天罗水,1.0,12.0,12.0,6.0,6.0
341,CHP04002,酸石榴,1.0,8.0,8.0,5.0,5.0
342,CHP04008,算盘子,1.0,20.0,20.0,14.0,14.0
343,CHP04018,娑罗子,1.0,11.0,11.0,7.0,7.0
344,CHP01104,福寿草,1.0,20.0,20.0,1.0,1.0
345,CHP04108,田葱,1.0,4.0,4.0,3.0,3.0
346,CHP04114,甜茶,1.0,2.0,2.0,1.0,1.0
347,CHP04115,甜茶藤,1.0,4.0,4.0,2.0,2.0
348,CHP04119,甜瓜蒂,1.0,4.0,4.0,4.0,4.0
349,CHP04070,桃子,1.0,2.0,2.0,1.0,1.0
350,CHP04084,天胡荽,1.0,12.0,12.0,7.0,7.0
351,CHP01144,干冬菜,1.0,2.0,2.0,1.0,1.0
352,CHP01159,杠香藤,1.0,3.0,3.0,2.0,2.0
353,CHP01122,甘葛藤根,1.0,3.0,3.0,1.0,1.0
354,CHP01123,甘菊,1.0,2.0,2.0,2.0,2.0
355,CHP01125,甘青铁线莲,1.0,6.0,6.0,3.0,3.0
356,CHP01170,高山辣根菜,1.0,1.0,1.0,1.0,1.0
357,CHP01176,高乌头,1.0,5.0,5.0,2.0,2.0
358,CHP03853,水黄连,1.0,6.0,6.0,1.0,1.0
359,CHP03863,水苦荬,1.0,6.0,6.0,4.0,4.0
360,CHP03867,水蓼,1.0,12.0,12.0,6.0,6.0
361,CHP03881,水木草,1.0,1.0,1.0,1.0,1.0
362,CHP03780,匙羹藤,1.0,4.0,4.0,1.0,1.0
363,CHP03784,手参,1.0,12.0,12.0,3.0,3.0
364,CHP03803,鼠李,1.0,6.0,6.0,2.0,2.0
365,CHP03969,松香,1.0,6.0,6.0,4.0,4.0
366,CHP03889,水芹,1.0,2.0,2.0,1.0,1.0
367,CHP03905,水团花,1.0,6.0,6.0,3.0,3.0
368,CHP03907,水蜈蚣,1.0,3.0,3.0,2.0,2.0
369,CHP03910,水仙,1.0,7.0,7.0,4.0,4.0
370,CHP03918,水杨梅,1.0,2.0,2.0,1.0,1.0
371,CHP03933,睡菜根,1.0,1.0,1.0,1.0,1.0
372,CHP03934,睡莲,1.0,5.0,5.0,2.0,2.0
373,CHP03962,松节,1.0,7.0,7.0,3.0,3.0
374,CHP04021,锁阳,1.0,2.0,2.0,2.0,2.0
375,CHP01269,管花肉苁蓉,1.0,10.0,10.0,5.0,5.0
376,CHP01226,枸骨根,1.0,1.0,1.0,1.0,1.0
377,CHP01183,茖葱,1.0,6.0,6.0,2.0,2.0
378,CHP03256,青葙子,1.0,18.0,18.0,13.0,13.0
379,CHP03257,青羊参,1.0,2.0,2.0,2.0,2.0
380,CHP03214,茄子,1.0,8.0,8.0,6.0,6.0
381,CHP03216,窃衣,1.0,1.0,1.0,1.0,1.0
382,CHP03223,青黛,1.0,2.0,2.0,1.0,1.0
383,CHP03194,芡实,1.0,3.0,3.0,2.0,2.0
384,CHP01603,华泽兰,1.0,34.0,34.0,21.0,21.0
385,CHP01604,华中瘤足蕨,1.0,1.0,1.0,1.0,1.0
386,CHP03266,清明花,1.0,5.0,5.0,5.0,5.0
387,CHP03270,苘麻子,1.0,3.0,3.0,2.0,2.0
388,CHP03273,秋枫木,1.0,3.0,3.0,2.0,2.0
389,CHP03245,青钱柳,1.0,4.0,4.0,2.0,2.0
390,CHP01665,黄花铁线莲,1.0,3.0,3.0,1.0,1.0
391,CHP01675,黄堇,1.0,3.0,3.0,1.0,1.0
392,CHP01677,黄荆根,1.0,2.0,2.0,1.0,1.0
393,CHP01641,黄甘草,1.0,4.0,4.0,2.0,2.0
394,CHP01594,华南皂荚,1.0,1.0,1.0,1.0,1.0
395,CHP03360,蕤仁,1.0,3.0,3.0,2.0,2.0
396,CHP03317,荛花,1.0,5.0,5.0,3.0,3.0
397,CHP03328,忍冬藤,1.0,16.0,16.0,14.0,14.0
398,CHP01702,黄麻叶,1.0,7.0,7.0,3.0,3.0
399,CHP03653,蛇莓,1.0,3.0,3.0,1.0,1.0
400,CHP03659,蛇藤,1.0,3.0,3.0,1.0,1.0
401,CHP03596,山樱桃,1.0,4.0,4.0,2.0,2.0
402,CHP03606,山芝麻,1.0,2.0,2.0,1.0,1.0
403,CHP01309,鬼箭锦鸡儿,1.0,11.0,11.0,7.0,7.0
404,CHP03672,神香草,1.0,4.0,4.0,2.0,2.0
405,CHP03673,肾茶,1.0,27.0,27.0,25.0,25.0
406,CHP03679,肾子草,1.0,7.0,7.0,5.0,5.0
407,CHP03647,蛇根草,1.0,10.0,10.0,6.0,6.0
408,CHP01345,海州骨碎补,1.0,10.0,10.0,6.0,6.0
409,CHP01348,蔊菜,1.0,2.0,2.0,1.0,1.0
410,CHP01327,桂竹香,1.0,3.0,3.0,2.0,2.0
411,CHP01339,海韭菜,1.0,4.0,4.0,2.0,2.0
412,CHP03754,石韦,1.0,4.0,4.0,3.0,3.0
413,CHP03719,石见穿,1.0,4.0,4.0,2.0,2.0
414,CHP03687,省沽油,1.0,13.0,13.0,9.0,9.0
415,CHP03695,蓍实,1.0,19.0,19.0,12.0,12.0
416,CHP01359,河套大黄,1.0,2.0,2.0,2.0,2.0
417,CHP03375,三叉凤尾蕨,1.0,1.0,1.0,1.0,1.0
418,CHP01525,胡桃叶,1.0,2.0,2.0,1.0,1.0
419,CHP01537,湖北贝母,1.0,9.0,9.0,5.0,5.0
420,CHP01540,湖北黄精,1.0,13.0,13.0,7.0,7.0
421,CHP01506,厚皮香,1.0,7.0,7.0,4.0,4.0
422,CHP01573,花叶假杜鹃,1.0,7.0,7.0,4.0,4.0
423,CHP01580,华东膜蕨,1.0,25.0,25.0,25.0,25.0
424,CHP01546,槲叶,1.0,1.0,1.0,1.0,1.0
425,CHP01558,虎掌草,1.0,5.0,5.0,3.0,3.0
426,CHP03456,沙枣树皮,1.0,2.0,2.0,1.0,1.0
427,CHP03498,山地香茶菜,1.0,18.0,18.0,13.0,13.0
428,CHP03440,沙冬青,1.0,2.0,2.0,1.0,1.0
429,CHP01566,花锚,1.0,4.0,4.0,2.0,2.0
430,CHP01568,花楸,1.0,5.0,5.0,3.0,3.0
431,CHP01570,花生油,1.0,3.0,3.0,2.0,2.0
432,CHP03547,山里红,1.0,6.0,6.0,5.0,5.0
433,CHP03550,山柳,1.0,2.0,2.0,1.0,1.0
434,CHP03552,山萝卜,1.0,1.0,1.0,1.0,1.0
435,CHP03503,山矾,1.0,5.0,5.0,3.0,3.0
436,CHP03504,山矾根,1.0,4.0,4.0,2.0,2.0
437,CHP01398,黑种草,1.0,7.0,7.0,3.0,3.0
438,CHP01375,黑豆衣,1.0,2.0,2.0,1.0,1.0
439,CHP01376,黑杠柳,1.0,7.0,7.0,5.0,5.0
440,CHP01463,红毛野海棠,1.0,2.0,2.0,1.0,1.0
441,CHP01480,红雀珊瑚,1.0,2.0,2.0,2.0,2.0
442,CHP01430,红花龙胆,1.0,3.0,3.0,1.0,1.0
443,CHP03568,山稔叶,1.0,1.0,1.0,1.0,1.0
444,CHP03569,山珊瑚,1.0,1.0,1.0,1.0,1.0
445,CHP03576,山莴苣,1.0,6.0,6.0,4.0,4.0
446,CHP03587,山香圆,1.0,6.0,6.0,5.0,5.0
447,CHP01460,红毛七,1.0,9.0,9.0,4.0,4.0
448,CHP00049,霸王鞭,1.0,20.0,20.0,10.0,10.0
449,CHP00050,白八角莲,1.0,1.0,1.0,1.0,1.0
450,CHP00057,白草莓,1.0,2.0,2.0,2.0,2.0
451,CHP06047,熊胆,1.0,6.0,6.0,5.0,5.0
452,CHP06060,原蚕沙,1.0,6.0,6.0,5.0,5.0
453,CHP00061,白刺,1.0,4.0,4.0,1.0,1.0
454,CHP00040,巴拿马山石榴,1.0,10.0,10.0,7.0,7.0
455,CHP06067,雉,1.0,2.0,2.0,1.0,1.0
456,CHP06073,紫河车,1.0,2.0,2.0,1.0,1.0
457,CHP06089,冬虫夏草,1.0,17.0,17.0,6.0,6.0
458,CHP06092,茯神,1.0,3.0,3.0,1.0,1.0
459,CHP06037,五灵脂,1.0,6.0,6.0,2.0,2.0
460,CHP06039,象胆,1.0,1.0,1.0,1.0,1.0
461,CHP06125,石花,1.0,7.0,7.0,2.0,2.0
462,CHP06127,树舌,1.0,46.0,46.0,24.0,24.0
463,CHP06129,松蕈,1.0,8.0,8.0,5.0,5.0
464,CHP06099,红曲,1.0,2.0,2.0,2.0,2.0
465,CHP06116,蜜环菌,1.0,6.0,6.0,1.0,1.0
466,CHP05729,总状绿绒蒿,1.0,1.0,1.0,1.0,1.0
467,CHP05730,总状升麻,1.0,11.0,11.0,8.0,8.0
468,CHP05779,蟾蜍,1.0,11.0,11.0,6.0,6.0
469,CHP05689,紫葳茎叶,1.0,6.0,6.0,4.0,4.0
470,CHP05670,紫萁,1.0,2.0,2.0,2.0,2.0
471,CHP05675,紫杉,1.0,102.0,102.0,48.0,48.0
472,CHP00078,白果根,1.0,16.0,16.0,12.0,12.0
473,CHP00081,白蒿,1.0,9.0,9.0,4.0,4.0
474,CHP05780,蟾皮,1.0,4.0,4.0,2.0,2.0
475,CHP05800,鹅臎,1.0,1.0,1.0,1.0,1.0
476,CHP00141,白薯莨,1.0,2.0,2.0,1.0,1.0
477,CHP00119,白马骨,1.0,11.0,11.0,7.0,7.0
478,CHP00095,白花藤,1.0,3.0,3.0,1.0,1.0
479,CHP05919,鹿角,1.0,2.0,2.0,1.0,1.0
480,CHP05841,海螵蛸,1.0,2.0,2.0,1.0,1.0
481,CHP05843,海燕,1.0,2.0,2.0,2.0,2.0
482,CHP05877,鸡胆,1.0,2.0,2.0,2.0,2.0
483,CHP04565,香加皮,0.9999999948571429,106.0,106.0,70.0,70.0
484,CHP01836,荚蒾,0.9999999947368421,25.0,25.0,19.0,19.0
485,CHP01132,肝风草,0.9999999916666668,18.0,18.0,12.0,12.0
486,CHP02889,木榄,0.9999999916666668,19.0,19.0,12.0,12.0
487,CHP01357,何首乌,0.999999988235294,34.0,34.0,17.0,17.0
488,CHP00347,常春藤,0.9999999857142857,11.0,11.0,7.0,7.0
489,CHP00062,白刺花,0.9999999857142857,21.0,21.0,7.0,7.0
490,CHP00020,桉叶,0.9999999857142857,28.0,28.0,14.0,14.0
491,CHP01813,吉祥草,0.9999999833333333,20.0,20.0,12.0,12.0
492,CHP04167,铁苋,0.9999999749999999,17.0,17.0,8.0,8.0
493,CHP02125,苦木,0.9999999720588235,62.0,62.0,34.0,34.0
494,CHP02472,路路通,0.99999997,10.0,10.0,10.0,10.0
495,CHP00165,白珠树,0.999999964,18.0,18.0,10.0,10.0
496,CHP02526,吕宋果,0.9999999599999999,10.0,10.0,5.0,5.0
497,CHP01549,蝴蝶花,0.9999999599999999,7.0,7.0,5.0,5.0
498,CHP00947,多足蕨,0.999999955,9.0,9.0,8.0,8.0
499,CHP04863,荨麻,0.999999955,13.0,13.0,8.0,8.0
500,CHP00533,大麻叶泽兰,0.99999995,8.0,8.0,4.0,4.0
501,CHP03204,枪刀药,0.9999999421052632,28.0,28.0,19.0,19.0
502,CHP05515,重楼,0.999999940625,31.0,31.0,16.0,16.0
503,CHP02015,救必应,0.99999994,9.0,9.0,5.0,5.0
504,CHP02244,老鸦柿,0.9999999333333333,6.0,6.0,3.0,3.0
505,CHP05096,野罂粟,0.9999999333333333,6.0,6.0,3.0,3.0
506,CHP00183,柏树叶,0.9999999333333333,6.0,6.0,3.0,3.0
507,CHP03372,赛莨菪,0.9999999225806452,44.0,44.0,31.0,31.0
508,CHP00970,鄂北贝母,0.9999999166666665,8.0,8.0,6.0,6.0
509,CHP01099,浮叶眼子菜,0.9999999142857143,13.0,13.0,7.0,7.0
510,CHP05482,蜘蛛抱蛋,0.9999999,3.0,3.0,1.0,1.0
511,CHP01450,红筷子,0.9999999,3.0,3.0,1.0,1.0
512,CHP03650,蛇果黄堇,0.9999999,2.0,2.0,1.0,1.0
513,CHP03656,蛇婆子,0.9999999,3.0,3.0,3.0,3.0
514,CHP05456,浙贝母,0.9999998999999999,3.0,3.0,2.0,2.0
515,CHP02501,罗汉松叶,0.9999998800000001,9.0,9.0,5.0,5.0
516,CHP02478,露水草,0.9999998800000001,10.0,10.0,5.0,5.0
517,CHP02507,萝芙木,0.9999998764705883,28.0,28.0,17.0,17.0
518,CHP03199,茜草根,0.999999875,11.0,11.0,4.0,4.0
519,CHP00746,滇茜草,0.9999998744827586,31.0,31.0,29.0,29.0
520,CHP05132,一年蓬,0.9999998615384615,22.0,22.0,13.0,13.0
521,CHP00323,草乌叶,0.99999985875,13.0,13.0,8.0,8.0
522,CHP05295,芋头,0.99999985,4.0,4.0,4.0,4.0
523,CHP03762,石竹,0.9999998480000001,8.0,8.0,5.0,5.0
524,CHP03585,山香,0.9999998454545455,12.0,12.0,11.0,11.0
525,CHP01912,金合欢,0.9999998399999999,11.0,11.0,5.0,5.0
526,CHP03893,水松,0.99999982,4.0,4.0,2.0,2.0
527,CHP00576,大叶骨碎补,0.9999998,4.0,4.0,3.0,3.0
528,CHP04826,悬钩子,0.9999998,5.0,5.0,4.0,4.0
529,CHP01829,蓟罂粟,0.9999998,7.0,7.0,2.0,2.0
530,CHP03464,砂生槐,0.9999998,1.0,1.0,1.0,1.0
531,CHP02284,栗柄金粉蕨,0.9999998,1.0,1.0,1.0,1.0
532,CHP03363,瑞香,0.9999997828571429,19.0,19.0,14.0,14.0
533,CHP04519,夏枯草,0.9999997799999999,23.0,23.0,20.0,20.0
534,CHP01420,红根草,0.9999997666666668,6.0,6.0,3.0,3.0
535,CHP02056,决明子,0.9999997543243243,56.0,56.0,37.0,37.0
536,CHP04127,甜叶菊,0.99999975,3.0,3.0,2.0,2.0
537,CHP03053,欧鼠李,0.99999975,2.0,2.0,2.0,2.0
538,CHP00762,吊干麻,0.9999997377777778,22.0,22.0,9.0,9.0
539,CHP02789,米皮糠,0.9999997333333334,10.0,10.0,3.0,3.0
540,CHP00448,刺梨,0.9999997333333334,5.0,5.0,3.0,3.0
541,CHP03992,粟米草,0.999999725,8.0,8.0,4.0,4.0
542,CHP01296,广金钱草,0.9999997166666666,21.0,21.0,6.0,6.0
543,CHP00321,草问荆,0.9999997,4.0,4.0,2.0,2.0
544,CHP03506,山矾叶,0.9999997,4.0,4.0,2.0,2.0
545,CHP05032,野菰,0.9999997,1.0,1.0,1.0,1.0
546,CHP02834,茉莉花,0.9999997,2.0,2.0,1.0,1.0
547,CHP05306,圆萼刺参,0.99999967,2.0,2.0,2.0,2.0
548,CHP00069,白椴,0.99999964,1.0,1.0,1.0,1.0
549,CHP01919,金橘,0.99999964,2.0,2.0,1.0,1.0
550,CHP05772,蚕蛾,0.99999964,1.0,1.0,1.0,1.0
551,CHP04181,通脉丹,0.99999964,2.0,2.0,1.0,1.0
552,CHP00099,白及,0.9999996147619047,78.0,78.0,21.0,21.0
553,CHP01257,关苍术,0.9999996,4.0,4.0,2.0,2.0
554,CHP05087,野鸦椿,0.9999996,3.0,3.0,2.0,2.0
555,CHP02250,了哥王根,0.9999995833333334,7.0,7.0,6.0,6.0
556,CHP01945,金铁锁,0.9999995488888889,12.0,12.0,9.0,9.0
557,CHP05229,油柑叶,0.9999995479999999,6.0,6.0,5.0,5.0
558,CHP00053,白背叶,0.9999994833333333,7.0,7.0,3.0,3.0
559,CHP04244,土三七,0.9999994680000001,15.0,15.0,5.0,5.0
560,CHP00923,盾叶薯蓣,0.999999452,11.0,11.0,5.0,5.0
561,CHP05309,圆滑番荔枝,0.9999994466666666,5.0,5.0,3.0,3.0
562,CHP02065,看麦娘状莎草,0.9999994375000001,15.0,15.0,8.0,8.0
563,CHP00720,地榆,0.9999994287499998,95.0,95.0,80.0,80.0
564,CHP00949,峨参,0.9999994175,16.0,16.0,8.0,8.0
565,CHP00250,篦子三尖杉,0.9999994,1.0,1.0,1.0,1.0
566,CHP06100,猴头菇,0.9999994,19.0,19.0,1.0,1.0
567,CHP02782,迷果芹,0.9999994,1.0,1.0,1.0,1.0
568,CHP04546,相思藤,0.9999993811111112,16.0,16.0,9.0,9.0
569,CHP03186,千屈菜,0.9999993542857144,28.0,28.0,14.0,14.0
570,CHP01216,狗屎花,0.99999934,1.0,1.0,1.0,1.0
571,CHP02033,橘叶,0.999999335,8.0,8.0,2.0,2.0
572,CHP04550,香柏,0.9999992999999999,3.0,3.0,3.0,3.0
573,CHP00221,保山乌头,0.9999991833333333,11.0,11.0,6.0,6.0
574,CHP05704,紫玉盘,0.999999178,21.0,21.0,10.0,10.0
575,CHP05840,海马,0.9999991666666667,3.0,3.0,3.0,3.0
576,CHP00486,大豆,0.9999991657142857,12.0,12.0,7.0,7.0
577,CHP01990,景天,0.9999991500000001,5.0,5.0,2.0,2.0
578,CHP04057,桃儿七,0.9999991,10.0,10.0,7.0,7.0
579,CHP03649,蛇菰,0.999999052631579,19.0,19.0,19.0,19.0
580,CHP00991,番石榴干,0.99999905,1.0,1.0,1.0,1.0
581,CHP01968,金盏菊,0.9999990039285713,44.0,44.0,28.0,28.0
582,CHP05194,罂粟,0.999999,7.0,7.0,6.0,6.0
583,CHP05174,银柴胡,0.9999989866666666,6.0,6.0,3.0,3.0
584,CHP00797,东北雷公藤,0.999998982,38.0,38.0,25.0,25.0
585,CHP01973,筋骨草,0.9999989744827587,39.0,39.0,29.0,29.0
586,CHP03426,桑寄生,0.9999989499999999,6.0,6.0,2.0,2.0
587,CHP01708,黄缅桂,0.9999989499999999,2.0,2.0,2.0,2.0
588,CHP01089,佛甲草,0.9999989,8.0,8.0,4.0,4.0
589,CHP00876,杜鹃花,0.999998875,11.0,11.0,4.0,4.0
590,CHP04238,土木香,0.99999887,2.0,2.0,2.0,2.0
591,CHP04466,豨莶草,0.9999988002564103,56.0,56.0,39.0,39.0
592,CHP04164,铁丝灵仙,0.9999987518181819,14.0,14.0,11.0,11.0
593,CHP02082,孔雀草,0.99999874,10.0,10.0,5.0,5.0
594,CHP05112,叶底珠,0.9999986875,18.0,18.0,8.0,8.0
595,CHP02657,猫眼草,0.9999986605263157,30.0,30.0,19.0,19.0
596,CHP01403,衡州乌药,0.9999985,7.0,7.0,2.0,2.0
597,CHP04962,羊角藤,0.99999848,5.0,5.0,2.0,2.0
598,CHP04842,雪山林,0.999998392,39.0,39.0,20.0,20.0
599,CHP05376,泽兰,0.9999983791666667,45.0,45.0,24.0,24.0
600,CHP02032,橘皮,0.9999983100000001,7.0,7.0,4.0,4.0
601,CHP02510,萝藦,0.9999981075,14.0,14.0,8.0,8.0
602,CHP01534,葫芦茶,0.9999980316666668,12.0,12.0,6.0,6.0
603,CHP04753,小芸木,0.9999979625000001,4.0,4.0,4.0,4.0
604,CHP01600,华山矾,0.9999978428571428,10.0,10.0,7.0,7.0
605,CHP03099,枇杷核,0.99999776,6.0,6.0,4.0,4.0
606,CHP03254,青葙,0.99999774,3.0,3.0,1.0,1.0
607,CHP00356,车前子,0.9999975571428572,42.0,42.0,35.0,35.0
608,CHP05983,全蝎,0.9999975,3.0,3.0,1.0,1.0
609,CHP05791,穿山甲,0.9999973200000001,3.0,3.0,2.0,2.0
610,CHP01560,虎杖,0.9999972875,14.0,14.0,8.0,8.0
611,CHP00480,大驳骨,0.999997134,13.0,13.0,5.0,5.0
612,CHP03997,酸浆,0.9999971277777777,35.0,35.0,18.0,18.0
613,CHP02784,猕猴桃,0.999997,2.0,2.0,2.0,2.0
614,CHP06130,太白花,0.99999696,1.0,1.0,1.0,1.0
615,CHP02878,木槿花,0.99999695,3.0,3.0,2.0,2.0
616,CHP01288,光叶巴豆,0.9999967958333333,24.0,24.0,12.0,12.0
617,CHP00272,滨海前胡,0.9999966499999999,2.0,2.0,2.0,2.0
618,CHP02109,苦蒿,0.9999966333333333,12.0,12.0,6.0,6.0
619,CHP05486,蜘蛛香,0.9999964499999999,10.0,10.0,6.0,6.0
620,CHP00309,糙苏,0.9999964375,11.0,11.0,8.0,8.0
621,CHP00397,臭梧桐,0.9999963176923077,18.0,18.0,13.0,13.0
622,CHP04165,铁丝七,0.999996275,6.0,6.0,4.0,4.0
623,CHP03329,日中花,0.9999962,2.0,2.0,1.0,1.0
624,CHP01167,高山黄华,0.9999960333333333,6.0,6.0,3.0,3.0
625,CHP03132,葡萄柚,0.9999957666666667,7.0,7.0,3.0,3.0
626,CHP00722,灯笼草,0.9999956833333333,10.0,10.0,6.0,6.0
627,CHP01656,黄花夹竹桃,0.9999955827272728,37.0,37.0,22.0,22.0
628,CHP04903,岩白菜,0.9999955300000001,3.0,3.0,2.0,2.0
629,CHP00987,番木瓜,0.9999951275,24.0,24.0,16.0,16.0
630,CHP05409,樟树皮,0.9999938,4.0,4.0,3.0,3.0
631,CHP01163,高粱,0.99999375,6.0,6.0,4.0,4.0
632,CHP00965,鹅掌楸,0.9999934289999999,12.0,12.0,10.0,10.0
633,CHP03398,三七花,0.9999933577272728,24.0,24.0,22.0,22.0
634,CHP04901,芫荽,0.9999932133333335,8.0,8.0,3.0,3.0
635,CHP04898,延龄草,0.9999932055555555,12.0,12.0,9.0,9.0
636,CHP01042,风轮菜,0.9999931108695652,40.0,40.0,23.0,23.0
637,CHP00026,八角枫,0.9999931,4.0,4.0,2.0,2.0
638,CHP04818,续断,0.9999929807894737,97.0,97.0,76.0,76.0
639,CHP03991,粟米,0.9999928499999999,5.0,5.0,2.0,2.0
640,CHP01472,红楠,0.9999926583333334,6.0,6.0,6.0,6.0
641,CHP05255,余甘子,0.9999924576923077,48.0,48.0,26.0,26.0
642,CHP05547,猪毛菜,0.9999924,4.0,4.0,1.0,1.0
643,CHP02375,柳杉,0.9999922828571429,21.0,21.0,14.0,14.0
644,CHP01802,鸡眼草,0.9999921,2.0,2.0,2.0,2.0
645,CHP03871,水龙骨,0.9999919633333334,25.0,25.0,15.0,15.0
646,CHP05175,银粉背蕨,0.9999917,1.0,1.0,1.0,1.0
647,CHP06090,茯苓,0.9999916074074073,30.0,30.0,27.0,27.0
648,CHP01741,黄杨,0.999991586875,25.0,25.0,16.0,16.0
649,CHP01363,荷花玉兰,0.9999915566666666,11.0,11.0,6.0,6.0
650,CHP01697,黄栌枝叶,0.9999914,2.0,2.0,1.0,1.0
651,CHP01256,关白附,0.9999912777777777,16.0,16.0,9.0,9.0
652,CHP00091,白花灯笼,0.999990275,9.0,9.0,4.0,4.0
653,CHP02420,龙牙楤木,0.9999896666666667,5.0,5.0,3.0,3.0
654,CHP00244,蓖麻叶,0.99998955,4.0,4.0,3.0,3.0
655,CHP05542,珠子草,0.9999890042857142,13.0,13.0,7.0,7.0
656,CHP04139,铁海棠,0.9999889333333334,6.0,6.0,3.0,3.0
657,CHP00071,白饭豆,0.9999889016666668,51.0,51.0,24.0,24.0
658,CHP00416,川木香,0.99998846,29.0,29.0,14.0,14.0
659,CHP04591,香橼,0.9999883859999998,10.0,10.0,5.0,5.0
660,CHP01598,华桑,0.9999881383333333,14.0,14.0,6.0,6.0
661,CHP01432,红花绿绒蒿,0.99998796,9.0,9.0,1.0,1.0
662,CHP03911,水仙根,0.99998784,6.0,6.0,4.0,4.0
663,CHP05163,翼首草,0.9999871709999999,14.0,14.0,10.0,10.0
664,CHP02777,蒙自草胡椒,0.9999871544444444,9.0,9.0,9.0,9.0
665,CHP00454,刺楸树皮,0.9999868999999999,11.0,11.0,7.0,7.0
666,CHP04473,细葛缕子,0.9999862719999999,30.0,30.0,20.0,20.0
667,CHP03898,水苏,0.99998617,4.0,4.0,2.0,2.0
668,CHP00044,芭蕉花,0.9999854625,9.0,9.0,4.0,4.0
669,CHP04547,相思子,0.99998538,11.0,11.0,7.0,7.0
670,CHP04599,响铃草,0.99998509,11.0,11.0,7.0,7.0
671,CHP03591,山药,0.9999844168181817,25.0,25.0,22.0,22.0
672,CHP00094,白花射干,0.999983125,9.0,9.0,2.0,2.0
673,CHP01370,鹤虱,0.9999831153846154,29.0,29.0,13.0,13.0
674,CHP00940,多穗蓼,0.99998255,6.0,6.0,2.0,2.0
675,CHP02908,木贼,0.99998252125,16.0,16.0,8.0,8.0
676,CHP01517,胡萝卜,0.9999821619999999,8.0,8.0,5.0,5.0
677,CHP05121,夜合花,0.99998206,2.0,2.0,1.0,1.0
678,CHP01382,黑老虎,0.9999817609374999,48.0,48.0,32.0,32.0
679,CHP00135,白前,0.9999813304166668,78.0,78.0,48.0,48.0
680,CHP04232,土荆芥,0.999981275,8.0,8.0,4.0,4.0
681,CHP03306,拳参,0.9999796,3.0,3.0,3.0,3.0
682,CHP02412,龙舌兰,0.9999795236842106,28.0,28.0,19.0,19.0
683,CHP05117,叶下珠,0.9999791822222223,15.0,15.0,9.0,9.0
684,CHP01930,金牛草,0.9999787000000001,19.0,19.0,12.0,12.0
685,CHP02659,毛八角枫,0.99997795,1.0,1.0,1.0,1.0
686,CHP01690,黄连,0.9999772493750001,24.0,24.0,16.0,16.0
687,CHP03696,十大功劳,0.9999772428571428,12.0,12.0,7.0,7.0
688,CHP04340,乌骨藤,0.99997723,1.0,1.0,1.0,1.0
689,CHP01241,古柯,0.9999768375,12.0,12.0,8.0,8.0
690,CHP00469,催吐萝芙木,0.9999767166666668,19.0,19.0,9.0,9.0
691,CHP04948,眼子菜,0.9999763720000001,9.0,9.0,5.0,5.0
692,CHP01996,九节茶,0.9999762771428572,12.0,12.0,7.0,7.0
693,CHP00939,多伞阿魏,0.9999750225,12.0,12.0,12.0,12.0
694,CHP03176,千打锤,0.9999746261538462,26.0,26.0,13.0,13.0
695,CHP01387,黑水翠雀,0.99997455,3.0,3.0,2.0,2.0
696,CHP01719,黄杞,0.99997435,8.0,8.0,2.0,2.0
697,CHP02803,密蒙花,0.9999739514285714,35.0,35.0,28.0,28.0
698,CHP05539,珠芽半支,0.99997375,2.0,2.0,2.0,2.0
699,CHP04052,唐古特青兰,0.9999732,2.0,2.0,2.0,2.0
700,CHP00384,赤小豆,0.9999731514285713,52.0,52.0,35.0,35.0
701,CHP02077,刻裂紫堇,0.999973015,13.0,13.0,4.0,4.0
702,CHP01599,华山参,0.9999719666666667,12.0,12.0,6.0,6.0
703,CHP01364,荷叶,0.9999715905555555,31.0,31.0,18.0,18.0
704,CHP02939,南蛇藤根,0.9999711847058822,23.0,23.0,17.0,17.0
705,CHP00079,白果槲寄生,0.9999707666666667,4.0,4.0,3.0,3.0
706,CHP02216,榔榆皮,0.99997073,5.0,5.0,1.0,1.0
707,CHP04629,小檗,0.9999697919999999,11.0,11.0,5.0,5.0
708,CHP03416,三钻风,0.999967225,4.0,4.0,2.0,2.0
709,CHP02209,狼毒,0.9999670391304348,36.0,36.0,23.0,23.0
710,CHP02630,蔓荆,0.9999666500000001,20.0,20.0,6.0,6.0
711,CHP02037,蒟蒻薯,0.9999645605882352,71.0,71.0,34.0,34.0
712,CHP02913,苜蓿,0.99996435,6.0,6.0,4.0,4.0
713,CHP03263,清风藤,0.9999632857142856,11.0,11.0,7.0,7.0
714,CHP00359,车桑仔叶,0.99996252,5.0,5.0,3.0,3.0
715,CHP04960,羊角棉,0.99996085,2.0,2.0,2.0,2.0
716,CHP03192,牵牛子,0.9999608470967741,39.0,39.0,31.0,31.0
717,CHP03630,商陆,0.999959741935484,93.0,93.0,62.0,62.0
718,CHP01143,干地黄,0.9999594,21.0,21.0,2.0,2.0
719,CHP01916,金鸡纳,0.999957272,24.0,24.0,15.0,15.0
720,CHP01431,红花鹿蹄草,0.99995718,8.0,8.0,5.0,5.0
721,CHP04834,雪胆,0.9999551199999999,15.0,15.0,5.0,5.0
722,CHP04367,无根藤,0.9999547499999999,4.0,4.0,2.0,2.0
723,CHP04334,窝儿七,0.9999544,2.0,2.0,1.0,1.0
724,CHP00671,地丁,0.9999544,1.0,1.0,1.0,1.0
725,CHP00731,棣棠花,0.9999505016666665,12.0,12.0,6.0,6.0
726,CHP03334,榕树,0.9999488888888889,16.0,16.0,9.0,9.0
727,CHP01524,胡桃树皮,0.9999477,8.0,8.0,4.0,4.0
728,CHP04061,桃金娘,0.9999467675,18.0,18.0,8.0,8.0
729,CHP05804,蜂房,0.9999467,4.0,4.0,1.0,1.0
730,CHP02488,罗布麻,0.9999434150000001,12.0,12.0,10.0,10.0
731,CHP03975,松子仁,0.9999412372727273,15.0,15.0,11.0,11.0
732,CHP03431,桑叶,0.9999386330434783,42.0,42.0,23.0,23.0
733,CHP01369,鹤草芽,0.999938185,3.0,3.0,2.0,2.0
734,CHP02391,六棱菊,0.9999366246666667,28.0,28.0,15.0,15.0
735,CHP04717,小通草,0.9999363442857143,14.0,14.0,14.0,14.0
736,CHP04150,铁力木,0.99993163,17.0,17.0,1.0,1.0
737,CHP05301,鸢尾,0.9999314499999999,37.0,37.0,12.0,12.0
738,CHP01898,芥子,0.9999312454054053,136.0,136.0,74.0,74.0
739,CHP05009,椰子皮,0.99993074,1.0,1.0,1.0,1.0
740,CHP04069,桃枝,0.9999297625,13.0,13.0,4.0,4.0
741,CHP05320,月桂叶,0.99992974,6.0,6.0,4.0,4.0
742,CHP00016,安徽贝母,0.9999266625,11.0,11.0,8.0,8.0
743,CHP01550,虎刺,0.999926357142857,17.0,17.0,7.0,7.0
744,CHP00305,藏边大黄,0.9999252545454546,28.0,28.0,11.0,11.0
745,CHP05157,益母草,0.9999249321428572,69.0,69.0,42.0,42.0
746,CHP00906,堆心菊,0.999924645,25.0,25.0,12.0,12.0
747,CHP05280,禹州漏芦,0.9999223366666667,6.0,6.0,3.0,3.0
748,CHP01340,海南粗榧,0.9999221917391303,36.0,36.0,23.0,23.0
749,CHP00668,地不容,0.9999214763636364,25.0,25.0,11.0,11.0
750,CHP00694,地锦草,0.9999214196,38.0,38.0,25.0,25.0
751,CHP04608,向日葵叶,0.9999197566666668,11.0,11.0,6.0,6.0
752,CHP04485,细叶桉叶,0.9999191333333334,7.0,7.0,3.0,3.0
753,CHP05621,紫菜,0.99991894,2.0,2.0,2.0,2.0
754,CHP01138,橄榄,0.9999188246153845,25.0,25.0,13.0,13.0
755,CHP02367,琉璃草,0.9999183180000001,27.0,27.0,15.0,15.0
756,CHP01127,甘松,0.9999178699999998,50.0,50.0,38.0,38.0
757,CHP05073,野漆树,0.9999176,5.0,5.0,1.0,1.0
758,CHP01030,分心木,0.99991715,4.0,4.0,1.0,1.0
759,CHP00093,白花蛇舌草,0.9999125333333333,46.0,46.0,33.0,33.0
760,CHP06001,麝香,0.9999124275,33.0,33.0,20.0,20.0
761,CHP01035,粉葛,0.99991165,5.0,5.0,2.0,2.0
762,CHP01381,黑壳楠,0.99990113,8.0,8.0,4.0,4.0
763,CHP01168,高山火绒草,0.99989945,17.0,17.0,10.0,10.0
764,CHP02297,连钱草,0.9998968016666667,61.0,61.0,36.0,36.0
765,CHP02588,马桑,0.9998961083333334,15.0,15.0,6.0,6.0
766,CHP00234,贝加尔唐松草,0.99989605,4.0,4.0,1.0,1.0
767,CHP03665,伸筋草,0.9998959875,43.0,43.0,8.0,8.0
768,CHP03520,山胡椒叶,0.99989045,2.0,2.0,1.0,1.0
769,CHP01750,灰叶,0.9998891114285715,8.0,8.0,7.0,7.0
770,CHP05294,玉竹,0.9998890266666667,12.0,12.0,9.0,9.0
771,CHP00151,白鲜皮,0.9998869444444445,117.0,117.0,72.0,72.0
772,CHP00080,白果紫草,0.99988315,11.0,11.0,4.0,4.0
773,CHP02591,马桑叶,0.999882025,4.0,4.0,4.0,4.0
774,CHP00102,白芥子,0.9998800666666666,18.0,18.0,6.0,6.0
775,CHP04179,通花根,0.9998747,2.0,2.0,1.0,1.0
776,CHP03218,秦艽,0.9998726140000002,26.0,26.0,15.0,15.0
777,CHP02296,痢止蒿,0.9998629,4.0,4.0,2.0,2.0
778,CHP01931,金钱草,0.9998628475,27.0,27.0,16.0,16.0
779,CHP05195,罂粟壳,0.9998604666666667,3.0,3.0,3.0,3.0
780,CHP03389,三棱,0.99985945,16.0,16.0,11.0,11.0
781,CHP03024,牛膝,0.9998566521374046,162.0,162.0,131.0,131.0
782,CHP02279,荔枝核,0.999855505,19.0,19.0,10.0,10.0
783,CHP06120,绒白乳菇,0.9998552625,15.0,15.0,8.0,8.0
784,CHP05881,鸡内金,0.9998516,3.0,3.0,2.0,2.0
785,CHP04413,五色梅,0.9998488384615384,23.0,23.0,13.0,13.0
786,CHP02031,橘络,0.9998478,8.0,8.0,4.0,4.0
787,CHP04098,天茄子,0.9998464,4.0,4.0,2.0,2.0
788,CHP00042,巴西胡桐,0.9998454728571428,10.0,10.0,7.0,7.0
789,CHP01344,海藻,0.9998414486363636,38.0,38.0,22.0,22.0
790,CHP02095,苦地丁,0.9998411186363637,27.0,27.0,22.0,22.0
791,CHP03049,女贞子,0.9998405549999999,107.0,107.0,60.0,60.0
792,CHP03527,山黄皮,0.9998393466666666,26.0,26.0,3.0,3.0
793,CHP04404,五加皮,0.99983698,3.0,3.0,3.0,3.0
794,CHP01818,蒺藜,0.9998345796491229,75.0,75.0,57.0,57.0
795,CHP00803,东方荚果蕨,0.999830666,9.0,9.0,5.0,5.0
796,CHP01758,茴香根,0.99983007,1.0,1.0,1.0,1.0
797,CHP00060,白车轴草,0.9998191242857144,26.0,26.0,14.0,14.0
798,CHP00231,北玄参,0.9998176888888888,15.0,15.0,9.0,9.0
799,CHP04225,土茯苓,0.9998138071428572,27.0,27.0,14.0,14.0
800,CHP02896,木棉花,0.9998119578947368,47.0,47.0,19.0,19.0
801,CHP00756,颠茄,0.9998106250000002,11.0,11.0,6.0,6.0
802,CHP01555,虎尾兰,0.9998106,2.0,2.0,1.0,1.0
803,CHP02161,昆明山海棠,0.9998087461538461,44.0,44.0,26.0,26.0
804,CHP00470,翠雀花,0.9998086273333333,52.0,52.0,30.0,30.0
805,CHP05353,云实,0.99980515,1.0,1.0,1.0,1.0
806,CHP00673,地枫皮,0.9998050876470589,56.0,56.0,34.0,34.0
807,CHP00098,白花油麻藤,0.9998044,5.0,5.0,1.0,1.0
808,CHP03453,沙枣,0.99980384,1.0,1.0,1.0,1.0
809,CHP05261,鱼藤,0.9997997981818181,40.0,40.0,11.0,11.0
810,CHP05190,淫羊藿,0.9997952076699029,165.0,165.0,103.0,103.0
811,CHP04174,通草,0.9997912470833334,24.0,24.0,24.0,24.0
812,CHP05417,长春花,0.99979088125,95.0,95.0,56.0,56.0
813,CHP01596,华千金藤,0.99978742125,8.0,8.0,8.0,8.0
814,CHP03751,石刷把,0.9997859499999999,4.0,4.0,2.0,2.0
815,CHP00816,冬瓜子,0.9997813000000001,39.0,39.0,20.0,20.0
816,CHP04809,绣线菊叶,0.99978034,9.0,9.0,5.0,5.0
817,CHP05912,灵猫香,0.99977845,2.0,2.0,1.0,1.0
818,CHP03175,千层塔,0.999775422682927,65.0,65.0,41.0,41.0
819,CHP04378,无距耧斗菜,0.99977022,3.0,3.0,2.0,2.0
820,CHP03251,青天葵,0.9997690333333334,5.0,5.0,3.0,3.0
821,CHP03124,破布木,0.99976422,5.0,5.0,3.0,3.0
822,CHP00693,地锦,0.9997607233333333,6.0,6.0,3.0,3.0
823,CHP01753,回回豆,0.9997578683333334,14.0,14.0,6.0,6.0
824,CHP02945,南天竹根,0.9997505499999999,5.0,5.0,2.0,2.0
825,CHP03670,神黄豆,0.9997479300000001,4.0,4.0,2.0,2.0
826,CHP00586,大叶马尾连,0.9997165879999999,13.0,13.0,5.0,5.0
827,CHP05477,知母,0.9997107140277777,91.0,91.0,72.0,72.0
828,CHP02544,麻根,0.9997086749999999,6.0,6.0,6.0,6.0
829,CHP04055,糖荠,0.9996833500000001,8.0,8.0,6.0,6.0
830,CHP01408,红参,0.9996731853846155,53.0,53.0,39.0,39.0
831,CHP05124,夜来香,0.9996724537499999,17.0,17.0,16.0,16.0
832,CHP04409,五气朝阳草,0.999671055,9.0,9.0,8.0,8.0
833,CHP04449,西瓜,0.9996694533333333,15.0,15.0,3.0,3.0
834,CHP01985,荆芥穗,0.9996684,6.0,6.0,4.0,4.0
835,CHP02416,龙须藤,0.9996683224,28.0,28.0,25.0,25.0
836,CHP02484,轮环藤,0.9996581124999999,15.0,15.0,8.0,8.0
837,CHP01131,甘西鼠尾草,0.9996574390000001,20.0,20.0,10.0,10.0
838,CHP00678,地骨皮,0.9996568484999999,34.0,34.0,20.0,20.0
839,CHP01181,戈壁天门冬,0.9996435950000001,10.0,10.0,6.0,6.0
840,CHP05591,苎麻,0.9996377,3.0,3.0,2.0,2.0
841,CHP04556,香附,0.9996364264864865,52.0,52.0,37.0,37.0
842,CHP05478,栀子,0.9996340344444445,48.0,48.0,18.0,18.0
843,CHP04552,香茶菜,0.999630132266187,463.0,463.0,278.0,278.0
844,CHP01578,华北白前,0.99962626,13.0,13.0,5.0,5.0
845,CHP01185,葛根,0.9996212933333333,43.0,43.0,27.0,27.0
846,CHP01130,甘遂,0.9996079733333333,63.0,63.0,51.0,51.0
847,CHP03682,升麻,0.9996074184955752,134.0,134.0,113.0,113.0
848,CHP02904,木香,0.9996065963333333,42.0,42.0,30.0,30.0
849,CHP04359,乌药,0.9996043610526315,19.0,19.0,19.0,19.0
850,CHP02898,木天蓼,0.9995997230769231,25.0,25.0,13.0,13.0
851,CHP04216,土贝母,0.9995955254545454,24.0,24.0,22.0,22.0
852,CHP03663,射干,0.9995924571428573,63.0,63.0,35.0,35.0
853,CHP00974,耳草,0.999585748,11.0,11.0,5.0,5.0
854,CHP00313,草苁蓉,0.999581747,36.0,36.0,20.0,20.0
855,CHP03283,秋水仙,0.99957695,5.0,5.0,2.0,2.0
856,CHP04858,血桐,0.9995683384615386,21.0,21.0,13.0,13.0
857,CHP00243,蓖麻根,0.999550275,8.0,8.0,2.0,2.0
858,CHP03084,蓬莱草,0.99954175,5.0,5.0,2.0,2.0
859,CHP02920,南川升麻,0.99954045,2.0,2.0,1.0,1.0
860,CHP02498,罗汉松,0.9995361050000001,18.0,18.0,10.0,10.0
861,CHP00389,臭柏,0.9995339,4.0,4.0,2.0,2.0
862,CHP03130,葡萄,0.99953152,12.0,12.0,5.0,5.0
863,CHP05650,紫堇,0.9995278,8.0,8.0,4.0,4.0
864,CHP00689,地黄,0.99950908828125,285.0,285.0,192.0,192.0
865,CHP03605,山楂叶,0.9995010692307692,29.0,29.0,13.0,13.0
866,CHP00121,白毛藤,0.9994999320512821,121.0,121.0,78.0,78.0
867,CHP04683,小接筋草,0.9994806333333334,7.0,7.0,3.0,3.0
868,CHP01505,厚皮树,0.99947282,5.0,5.0,2.0,2.0
869,CHP03179,千金藤,0.9994579879166666,41.0,41.0,24.0,24.0
870,CHP05402,獐牙菜,0.9994579227272727,37.0,37.0,11.0,11.0
871,CHP02009,韭菜子,0.9994336799999999,19.0,19.0,5.0,5.0
872,CHP02063,开口箭,0.9994325858620691,50.0,50.0,29.0,29.0
873,CHP01886,绞股蓝,0.9994316073568282,247.0,247.0,227.0,227.0
874,CHP01228,枸骨叶,0.9994160567647059,44.0,44.0,34.0,34.0
875,CHP01551,虎耳草,0.9994134899999999,7.0,7.0,5.0,5.0
876,CHP01748,黄紫堇,0.9993983166666668,3.0,3.0,3.0,3.0
877,CHP00882,杜松,0.999394945,17.0,17.0,10.0,10.0
878,CHP03395,三面刀,0.9993850125,14.0,14.0,8.0,8.0
879,CHP04223,土当归,0.9993770514285714,12.0,12.0,7.0,7.0
880,CHP05882,鸡肉,0.99937093,1.0,1.0,1.0,1.0
881,CHP01245,骨碎补,0.9993581945714287,37.0,37.0,35.0,35.0
882,CHP02861,木防己,0.9993557120000001,13.0,13.0,5.0,5.0
883,CHP01346,含羞草,0.9993274200000001,8.0,8.0,3.0,3.0
884,CHP01416,红豆杉,0.9993079882822086,548.0,548.0,326.0,325.0
885,CHP03148,铺地蜈蚣,0.9992888571428572,14.0,14.0,14.0,14.0
886,CHP01933,金荞麦,0.9992767600000001,23.0,23.0,15.0,15.0
887,CHP04612,象皮木,0.9992727166666667,10.0,10.0,6.0,6.0
888,CHP02308,莲生桂子花,0.9992677166666667,11.0,11.0,6.0,6.0
889,CHP03177,千解草,0.99926385,4.0,4.0,2.0,2.0
890,CHP00445,刺槐花,0.9992581657142857,14.0,14.0,7.0,7.0
891,CHP02842,牡丹皮,0.9992568202222223,67.0,67.0,45.0,45.0
892,CHP02831,魔芋,0.99924326,1.0,1.0,1.0,1.0
893,CHP03732,石榴皮,0.9992305591666667,18.0,18.0,12.0,12.0
894,CHP05361,芸香草,0.9992272,4.0,4.0,1.0,1.0
895,CHP01261,关木通,0.9992220516666667,12.0,12.0,6.0,6.0
896,CHP02441,芦根,0.9992182272727272,24.0,24.0,11.0,11.0
897,CHP04822,萱草根,0.9992139833333334,5.0,5.0,3.0,3.0
898,CHP00853,毒芹根,0.9992079875,10.0,10.0,4.0,4.0
899,CHP05663,紫茉莉根,0.9992036799999999,3.0,3.0,2.0,2.0
900,CHP02055,决明,0.9992036011111112,17.0,17.0,9.0,9.0
901,CHP02531,绿豆皮,0.99919653,2.0,2.0,2.0,2.0
902,CHP00812,冬瓜皮,0.999192471190476,174.0,174.0,84.0,84.0
903,CHP01543,槲寄生,0.999182493611111,61.0,61.0,36.0,36.0
904,CHP00256,鞭叶铁线蕨,0.9991586575,12.0,12.0,8.0,8.0
905,CHP03718,石荠苎,0.9991473519999999,8.0,8.0,5.0,5.0
906,CHP02017,桔梗,0.9991386283544303,99.0,99.0,79.0,79.0
907,CHP00519,大戟,0.9991324189655172,107.0,107.0,58.0,58.0
908,CHP00775,丁公藤,0.9991210662162162,60.0,60.0,37.0,37.0
909,CHP06134,云芝,0.9991026518181818,16.0,16.0,11.0,11.0
910,CHP00376,赤瓟,0.999083328,8.0,8.0,5.0,5.0
911,CHP00303,苍术,0.9990773867213115,111.0,111.0,61.0,61.0
912,CHP03302,瞿麦,0.9990416625,10.0,10.0,8.0,8.0
913,CHP03178,千斤拔,0.9990403757894738,37.0,37.0,19.0,19.0
914,CHP01347,韩信草,0.9990337499999999,4.0,4.0,2.0,2.0
915,CHP02640,芒果叶,0.99903095,2.0,2.0,1.0,1.0
916,CHP01905,金钗凤尾蕨,0.9990279514285714,11.0,11.0,7.0,7.0
917,CHP04525,仙茅,0.9990219244736842,60.0,60.0,38.0,38.0
918,CHP01015,飞廉,0.999017425,11.0,11.0,4.0,4.0
919,CHP02405,龙葵,0.9990012461538461,55.0,55.0,39.0,39.0
920,CHP03518,山胡椒,0.998994725,5.0,5.0,2.0,2.0
921,CHP04006,酸枣仁,0.9989829147368422,27.0,27.0,19.0,19.0
922,CHP02623,曼陀罗叶,0.9989702285714286,14.0,14.0,7.0,7.0
923,CHP04838,雪莲,0.9989391730000001,26.0,26.0,10.0,10.0
924,CHP01260,关黄柏,0.9989242873913042,70.0,70.0,46.0,46.0
925,CHP02057,蕨菜,0.9988923264285715,47.0,47.0,14.0,14.0
926,CHP01211,狗脊,0.99887538,29.0,29.0,3.0,3.0
927,CHP02543,麻风树,0.9988730706666668,25.0,25.0,15.0,15.0
928,CHP03323,人参叶,0.9988639376470587,75.0,75.0,51.0,51.0
929,CHP00241,萆薢,0.9988544237777778,74.0,74.0,45.0,45.0
930,CHP02019,菊花,0.9988477969387755,81.0,81.0,49.0,49.0
931,CHP03981,苏铁,0.9988466874999999,7.0,7.0,4.0,4.0
932,CHP01771,藿香,0.998846396,72.0,72.0,35.0,35.0
933,CHP05805,蜂胶,0.9988385433333333,83.0,83.0,33.0,33.0
934,CHP02489,罗布麻叶,0.9987906716666667,25.0,25.0,12.0,12.0
935,CHP01923,金莲花,0.9987779618181819,38.0,38.0,22.0,22.0
936,CHP00212,半枝莲,0.9987737717857144,113.0,113.0,56.0,56.0
937,CHP00604,大叶紫珠,0.9987725600000001,9.0,9.0,5.0,5.0
938,CHP02621,曼陀罗,0.998766517,44.0,44.0,30.0,30.0
939,CHP00394,臭牡丹,0.9987331666666667,4.0,4.0,3.0,3.0
940,CHP03707,石胆草,0.9987257333333334,6.0,6.0,3.0,3.0
941,CHP05880,鸡脑,0.998704665,3.0,3.0,2.0,2.0
942,CHP00108,白兰花,0.9986908647058825,63.0,63.0,17.0,17.0
943,CHP01630,黄柏,0.9986480563636364,54.0,54.0,33.0,33.0
944,CHP02030,橘红,0.9986366751724137,52.0,52.0,29.0,29.0
945,CHP01801,鸡血藤,0.9986308400000001,96.0,96.0,53.0,53.0
946,CHP03771,柿蒂,0.9986145814285713,39.0,39.0,28.0,28.0
947,CHP04085,天花粉,0.9986072,5.0,5.0,3.0,3.0
948,CHP02023,菊苣,0.9986022931250002,70.0,70.0,48.0,48.0
949,CHP02631,蔓荆子,0.9985783668965517,38.0,38.0,29.0,29.0
950,CHP02808,绵萆薢,0.9985744566666668,53.0,53.0,36.0,36.0
951,CHP01486,红藤,0.9985676457894737,29.0,29.0,19.0,19.0
952,CHP01351,诃子,0.9985468327999999,34.0,34.0,25.0,25.0
953,CHP01964,金樱子,0.998546102,45.0,45.0,35.0,35.0
954,CHP04914,岩黄连,0.9985378,4.0,4.0,2.0,2.0
955,CHP04093,天麻,0.99851225,11.0,11.0,4.0,4.0
956,CHP03449,沙塘木,0.9984921,9.0,9.0,1.0,1.0
957,CHP00573,大叶柴胡,0.99846448,9.0,9.0,5.0,5.0
958,CHP05428,长果荜茇,0.9984546666666666,4.0,4.0,3.0,3.0
959,CHP03698,十大功劳叶,0.9984502704545455,67.0,67.0,44.0,44.0
960,CHP05489,止泻木皮,0.9984211433333333,43.0,43.0,24.0,24.0
961,CHP00292,布渣叶,0.9984148090909091,20.0,20.0,11.0,11.0
962,CHP04987,杨梅树皮,0.9984079625,21.0,21.0,8.0,8.0
963,CHP03319,人参,0.9983797647222222,128.0,128.0,108.0,107.0
964,CHP04862,寻骨风,0.998376374,17.0,17.0,5.0,5.0
965,CHP05782,蟾酥,0.9983731220000001,71.0,71.0,45.0,45.0
966,CHP04458,西洋参,0.9983642119047619,49.0,49.0,42.0,42.0
967,CHP04306,威灵仙,0.9983489342857144,40.0,40.0,28.0,28.0
968,CHP00229,北沙参,0.9983117960227272,105.0,105.0,88.0,88.0
969,CHP02178,莱菔,0.998311,5.0,5.0,2.0,2.0
970,CHP00101,白芥,0.9983015,3.0,3.0,1.0,1.0
971,CHP04231,土槿皮,0.9982996949122807,71.0,71.0,57.0,57.0
972,CHP02104,苦瓜,0.9982966799999999,4.0,4.0,2.0,2.0
973,CHP00957,鹅不食草,0.9982857928947367,49.0,49.0,38.0,38.0
974,CHP03565,山萩,0.9982839866666667,5.0,5.0,3.0,3.0
975,CHP02604,买麻藤,0.9982626327999999,39.0,39.0,25.0,25.0
976,CHP01907,金粉蕨,0.99826151,7.0,7.0,3.0,3.0
977,CHP05041,野花椒皮,0.9982607,2.0,2.0,1.0,1.0
978,CHP00408,楮树根,0.9982526784615384,46.0,46.0,13.0,13.0
979,CHP03450,沙糖根,0.9982178833333334,8.0,8.0,3.0,3.0
980,CHP01222,狗牙花,0.9982074696666666,45.0,45.0,30.0,30.0
981,CHP02122,苦楝子,0.9982033227272727,31.0,31.0,22.0,22.0
982,CHP00443,刺果甘草,0.9981850063636363,22.0,22.0,11.0,11.0
983,CHP02074,榼藤子,0.9981697333333334,5.0,5.0,3.0,3.0
984,CHP01519,胡萝卜子,0.9981648481481481,43.0,43.0,27.0,27.0
985,CHP03309,雀梅藤,0.9981612,2.0,2.0,1.0,1.0
986,CHP02985,牛蒡子,0.9981403277777778,21.0,21.0,18.0,18.0
987,CHP03215,茄子根,0.9981272,4.0,4.0,3.0,3.0
988,CHP00227,北豆,0.9981246840000001,16.0,16.0,10.0,10.0
989,CHP02676,毛萼香茶菜,0.998084244,39.0,39.0,25.0,25.0
990,CHP04477,细茎石斛,0.9980786500000001,4.0,4.0,2.0,2.0
991,CHP03486,山沉香,0.9980732771428571,16.0,16.0,7.0,7.0
992,CHP00175,百脉根,0.9980456999999999,15.0,15.0,5.0,5.0
993,CHP02940,南蛇藤果,0.9980375166666667,24.0,24.0,12.0,12.0
994,CHP00583,大叶蒟,0.9980236499999999,2.0,2.0,2.0,2.0
995,CHP00431,椿皮,0.9980206232142858,95.0,95.0,56.0,55.0
996,CHP02585,马钱子,0.9980187482857144,39.0,39.0,35.0,35.0
997,CHP05853,猴枣,0.9979947,1.0,1.0,1.0,1.0
998,CHP01717,黄芪,0.9979925513636364,171.0,171.0,110.0,110.0
999,CHP02837,墨旱莲,0.9979839505000001,53.0,53.0,40.0,40.0
1000,CHP03226,青果,0.9979822888888888,14.0,14.0,9.0,9.0
1001,CHP00103,白金果榄,0.997968275,10.0,10.0,4.0,4.0
1002,CHP00240,荜澄茄,0.9979648439473687,62.0,62.0,38.0,38.0
1003,CHP01745,黄药子,0.9979480787878787,64.0,64.0,33.0,33.0
1004,CHP02618,满山红,0.9979473468965516,43.0,43.0,29.0,29.0
1005,CHP01663,黄花稔,0.99794085,11.0,11.0,4.0,4.0
1006,CHP01299,广西莪术,0.9979373833333334,12.0,12.0,6.0,6.0
1007,CHP03716,石斛,0.997926552173913,74.0,74.0,23.0,23.0
1008,CHP00327,侧柏枝节,0.9979237170833333,42.0,42.0,24.0,24.0
1009,CHP00252,萹蓄,0.9979059387037038,73.0,73.0,54.0,54.0
1010,CHP05572,竹沥,0.9978678624999999,15.0,15.0,4.0,4.0
1011,CHP03010,牛奶树,0.99784386,4.0,4.0,1.0,1.0
1012,CHP00642,刀豆,0.9978317295238094,25.0,25.0,21.0,21.0
1013,CHP01242,谷精草,0.9978308692857143,20.0,20.0,14.0,14.0
1014,CHP00168,百部,0.997775967016129,181.0,181.0,124.0,123.0
1015,CHP03120,婆罗门皂荚,0.9977734333333333,9.0,9.0,3.0,3.0
1016,CHP03198,茜草,0.9977623175,74.0,74.0,48.0,47.0
1017,CHP02967,柠檬,0.997705775,8.0,8.0,4.0,4.0
1018,CHP02656,猫须草,0.9976248926923076,49.0,49.0,26.0,26.0
1019,CHP02254,雷公藤,0.9975901065608466,257.0,257.0,189.0,187.0
1020,CHP01840,假百合,0.9975863466666667,5.0,5.0,3.0,3.0
1021,CHP06015,水蛭,0.9975800671428571,9.0,9.0,7.0,7.0
1022,CHP00316,草果,0.997562823125,29.0,29.0,16.0,16.0
1023,CHP02872,木姜子,0.997558908,8.0,8.0,5.0,5.0
1024,CHP00424,垂盆草,0.9975190872222223,67.0,67.0,36.0,36.0
1025,CHP02796,米仔兰,0.9975173236363635,12.0,12.0,11.0,11.0
1026,CHP02090,苦参,0.9975054992957745,94.0,94.0,71.0,71.0
1027,CHP05383,泽珍珠菜,0.99749095,2.0,2.0,2.0,2.0
1028,CHP01516,胡芦巴,0.9974842903157894,144.0,144.0,95.0,93.0
1029,CHP00298,苍耳,0.9974676930000002,17.0,17.0,10.0,10.0
1030,CHP04523,夏至草,0.99745739,13.0,13.0,8.0,8.0
1031,CHP01936,金雀花,0.9974323253846153,19.0,19.0,13.0,13.0
1032,CHP01625,槐角,0.9974278016666668,18.0,18.0,12.0,12.0
1033,CHP01110,附子,0.9974246702857142,81.0,81.0,70.0,69.0
1034,CHP00360,沉香,0.9973833822627738,259.0,259.0,137.0,136.0
1035,CHP00887,短瓣花,0.997364145,14.0,14.0,8.0,8.0
1036,CHP03353,入地蜈蚣,0.997336405,13.0,13.0,8.0,8.0
1037,CHP00068,白杜鹃花,0.9973108285714286,18.0,18.0,7.0,7.0
1038,CHP03487,山橙,0.99728625,6.0,6.0,4.0,4.0
1039,CHP00513,大黄,0.997240102992126,205.0,205.0,127.0,126.0
1040,CHP03159,桤木,0.9972280849999999,3.0,3.0,2.0,2.0
1041,CHP03102,枇杷叶,0.9972273591935484,89.0,89.0,62.0,61.0
1042,CHP03229,青蒿,0.9972238565432099,120.0,120.0,81.0,80.0
1043,CHP00885,杜仲叶,0.99720399,73.0,73.0,53.0,52.0
1044,CHP02748,没药,0.9971896215139443,291.0,291.0,251.0,248.0
1045,CHP03373,三白草,0.9971697825,34.0,34.0,24.0,24.0
1046,CHP05834,蛤蚧,0.99715085,3.0,3.0,2.0,2.0
1047,CHP03884,水茄,0.99714865,17.0,17.0,14.0,14.0
1048,CHP03532,山姜,0.9971366233333333,18.0,18.0,12.0,12.0
1049,CHP00972,儿茶,0.9971197218518518,41.0,41.0,27.0,27.0
1050,CHP01065,凤尾草,0.9971189973333332,56.0,56.0,30.0,30.0
1051,CHP03342,肉豆蔻,0.9971139712121211,57.0,57.0,33.0,33.0
1052,CHP05565,竹节参,0.9970788111111111,12.0,12.0,9.0,9.0
1053,CHP01342,海南买麻藤,0.9970290242857143,13.0,13.0,7.0,7.0
1054,CHP01809,积雪草,0.9970021070833334,41.0,41.0,24.0,24.0
1055,CHP05283,玉兰,0.9969957617241378,44.0,44.0,29.0,29.0
1056,CHP04259,菟丝子,0.9969400171428572,11.0,11.0,7.0,7.0
1057,CHP00557,大蒜,0.9969326955263158,80.0,80.0,38.0,38.0
1058,CHP01045,风藤,0.9969025009836066,89.0,89.0,61.0,60.0
1059,CHP02909,木竹子,0.9968899925,64.0,64.0,16.0,16.0
1060,CHP01337,海红豆,0.9968882666666667,6.0,6.0,3.0,3.0
1061,CHP02606,麦冬,0.996856896388889,70.0,70.0,36.0,35.0
1062,CHP02901,木通,0.9967981694444445,62.0,62.0,36.0,36.0
1063,CHP04985,杨梅根,0.996770815,7.0,7.0,4.0,4.0
1064,CHP01614,桦树皮,0.996760935,5.0,5.0,4.0,4.0
1065,CHP02176,辣木,0.9967161381707316,118.0,118.0,82.0,82.0
1066,CHP04896,烟窝草,0.9966396,9.0,9.0,4.0,4.0
1067,CHP01988,粳米,0.9966393625000001,9.0,9.0,8.0,8.0
1068,CHP05140,一枝黄花,0.9966221018181819,19.0,19.0,11.0,11.0
1069,CHP04065,桃仁,0.9965735336734692,72.0,72.0,49.0,49.0
1070,CHP05173,银不换,0.9965695,1.0,1.0,1.0,1.0
1071,CHP04995,洋蓍草,0.99656248,7.0,7.0,3.0,3.0
1072,CHP01957,金叶子,0.9965361033333333,10.0,10.0,9.0,9.0
1073,CHP00417,川乌,0.9965254829411765,268.0,268.0,153.0,150.0
1074,CHP00396,臭山羊,0.9965236983333333,17.0,17.0,6.0,6.0
1075,CHP00201,半边莲,0.9965043328333333,96.0,96.0,60.0,60.0
1076,CHP00874,杜衡,0.9964913725,9.0,9.0,4.0,4.0
1077,CHP04419,五味子,0.9964805893641617,239.0,239.0,173.0,171.0
1078,CHP00294,菜蓟,0.996414425,4.0,4.0,4.0,4.0
1079,CHP05169,茵陈,0.9964013771428571,16.0,16.0,7.0,7.0
1080,CHP01514,胡黄连,0.9964011826666668,74.0,74.0,45.0,44.0
1081,CHP04807,绣线菊,0.9963901022222222,33.0,33.0,18.0,18.0
1082,CHP01958,金银花,0.9963711719999999,146.0,146.0,100.0,99.0
1083,CHP04293,王不留行,0.996351225,19.0,19.0,16.0,16.0
1084,CHP01992,景天三七,0.9963458082352941,22.0,22.0,17.0,17.0
1085,CHP00322,草乌,0.9963360024000001,79.0,79.0,50.0,50.0
1086,CHP01172,高山唐松草,0.9963210699999999,3.0,3.0,3.0,3.0
1087,CHP00412,川贝母,0.9963144531343283,228.0,228.0,134.0,132.0
1088,CHP01676,黄荆,0.9962042375,15.0,15.0,8.0,8.0
1089,CHP00170,百合,0.9962032144047619,137.0,137.0,84.0,84.0
1090,CHP02098,苦丁茶,0.996153591954023,127.0,127.0,87.0,85.0
1091,CHP00137,白屈菜,0.9960691447826089,58.0,58.0,46.0,45.0
1092,CHP00989,番茄,0.9960608190322582,53.0,53.0,31.0,30.0
1093,CHP00670,地胆草,0.9960579666666667,10.0,10.0,6.0,6.0
1094,CHP04902,芫荽子,0.996039766,17.0,17.0,10.0,10.0
1095,CHP00630,淡豆豉,0.9960126061111111,23.0,23.0,18.0,18.0
1096,CHP01312,鬼针草,0.996008045,15.0,15.0,10.0,10.0
1097,CHP04372,无患子,0.9960060615384616,16.0,16.0,13.0,13.0
1098,CHP02410,龙脑膏香,0.9960010963636364,15.0,15.0,11.0,11.0
1099,CHP03258,青叶胆,0.9959814133333332,19.0,19.0,12.0,12.0
1100,CHP03314,蘘荷,0.9959283280000001,11.0,11.0,5.0,5.0
1101,CHP01644,黄瓜,0.9959116581249999,22.0,22.0,16.0,16.0
1102,CHP03051,欧活血丹,0.99585024,8.0,8.0,5.0,5.0
1103,CHP05687,紫菀,0.9957983975,28.0,28.0,16.0,16.0
1104,CHP04777,新疆藁本,0.99579495,2.0,2.0,1.0,1.0
1105,CHP00640,当药,0.9957674,3.0,3.0,1.0,1.0
1106,CHP04171,铁轴草,0.99574935,2.0,2.0,1.0,1.0
1107,CHP02541,葎草,0.9957486718749999,31.0,31.0,16.0,16.0
1108,CHP00984,番荔枝,0.9956664013422818,285.0,285.0,149.0,146.0
1109,CHP03683,生姜,0.9956607612121213,75.0,75.0,66.0,65.0
1110,CHP00306,藏红花,0.9956376702531646,134.0,134.0,79.0,78.0
1111,CHP00076,白附子,0.9955797821052632,58.0,58.0,19.0,19.0
1112,CHP02400,龙胆草,0.9955775019512195,65.0,65.0,41.0,40.0
1113,CHP00288,补骨脂,0.995569702254902,181.0,181.0,102.0,102.0
1114,CHP01356,合欢皮,0.9955597695652173,35.0,35.0,23.0,23.0
1115,CHP04764,缬草,0.9954849438461537,31.0,31.0,13.0,13.0
1116,CHP03352,乳香,0.995476295079365,77.0,77.0,63.0,62.0
1117,CHP03500,山豆根,0.9954377635483871,52.0,52.0,31.0,30.0
1118,CHP04994,洋蒲桃叶,0.9953999400000001,10.0,10.0,6.0,6.0
1119,CHP01054,枫香寄生,0.99534162,3.0,3.0,3.0,3.0
1120,CHP00520,大蓟,0.9952380234210526,69.0,69.0,38.0,37.0
1121,CHP01234,枸杞,0.9952303925000001,15.0,15.0,8.0,8.0
1122,CHP00140,白首乌,0.99520905,40.0,40.0,24.0,24.0
1123,CHP01126,甘薯,0.995120225,8.0,8.0,6.0,6.0
1124,CHP03070,胖大海,0.9950984063636364,19.0,19.0,11.0,11.0
1125,CHP04482,细辛,0.9950496450000001,23.0,23.0,10.0,10.0
1126,CHP06131,香蕈,0.99502285,9.0,9.0,8.0,8.0
1127,CHP01693,黄龙胆,0.9950129857142856,16.0,16.0,7.0,7.0
1128,CHP03423,桑白皮,0.994943535096154,147.0,147.0,104.0,102.0
1129,CHP01911,金果榄,0.9949317400000001,15.0,15.0,11.0,11.0
1130,CHP00039,巴戟天,0.9949171281967214,153.0,153.0,61.0,60.0
1131,CHP05319,远志,0.9948788499999999,120.0,120.0,73.0,70.0
1132,CHP02222,老鹳草,0.9948130825,22.0,22.0,12.0,12.0
1133,CHP05051,野菊花,0.9947660639285714,54.0,54.0,28.0,27.0
1134,CHP02869,木蝴蝶,0.994741365,22.0,22.0,16.0,16.0
1135,CHP03759,石枣子,0.994731522,9.0,9.0,5.0,5.0
1136,CHP03838,水飞蓟,0.9947083979166665,38.0,38.0,24.0,23.0
1137,CHP03491,山慈菇,0.9947078095999999,50.0,50.0,25.0,24.0
1138,CHP01515,胡椒,0.9946658321917808,134.0,134.0,73.0,73.0
1139,CHP00037,巴豆,0.9945960738961039,137.0,137.0,77.0,75.0
1140,CHP03193,前胡,0.9945662982142858,85.0,85.0,56.0,54.0
1141,CHP04389,吴茱萸,0.9945626589655172,56.0,56.0,29.0,29.0
1142,CHP00173,百里香,0.994472006,23.0,23.0,5.0,5.0
1143,CHP00729,灯盏细辛,0.9944263657142856,17.0,17.0,14.0,14.0
1144,CHP02314,莲子心,0.9943513685714286,11.0,11.0,7.0,7.0
1145,CHP05967,牛靥,0.9943017333333333,6.0,6.0,3.0,3.0
1146,CHP05778,蝉蜕,0.9942612566666668,8.0,8.0,6.0,6.0
1147,CHP04828,旋覆花,0.9942230039130434,28.0,28.0,23.0,22.0
1148,CHP05962,牛黄,0.99414682,19.0,19.0,15.0,15.0
1149,CHP02327,两头尖,0.9941434305882353,26.0,26.0,17.0,17.0
1150,CHP00641,党参,0.9940834341999999,65.0,65.0,50.0,50.0
1151,CHP00415,川木通,0.9940274208695652,96.0,96.0,46.0,45.0
1152,CHP00422,穿心莲,0.9940267306896552,100.0,100.0,58.0,57.0
1153,CHP01236,枸杞子,0.9939726535483869,137.0,137.0,93.0,90.0
1154,CHP01118,甘草,0.9939423000564972,341.0,341.0,177.0,175.0
1155,CHP04918,岩椒草,0.9939257333333334,13.0,13.0,3.0,3.0
1156,CHP03635,芍药,0.9939078997333335,107.0,107.0,75.0,73.0
1157,CHP00421,穿龙薯蓣,0.993889894117647,37.0,37.0,17.0,17.0
1158,CHP02272,藜芦,0.9938668504347825,38.0,38.0,23.0,22.0
1159,CHP04521,夏天无,0.993860072,5.0,5.0,5.0,5.0
1160,CHP02258,棱子芹,0.99384451,4.0,4.0,2.0,2.0
1161,CHP02568,马兜铃,0.9938425908888889,85.0,85.0,45.0,44.0
1162,CHP00030,八角茴香,0.9938224797520662,266.0,266.0,121.0,118.0
1163,CHP00187,败酱草,0.9937985049999999,70.0,70.0,30.0,29.0
1164,CHP02495,罗汉果,0.9937484743478261,102.0,102.0,69.0,67.0
1165,CHP02443,芦荟,0.9936974839473685,65.0,65.0,38.0,37.0
1166,CHP00456,刺五加,0.9936653553846153,53.0,53.0,39.0,38.0
1167,CHP01824,荠菜,0.9936108305555555,51.0,51.0,18.0,17.0
1168,CHP00150,白薇,0.9935678005172414,85.0,85.0,58.0,56.0
1169,CHP02175,辣蓼草,0.9935359488888889,17.0,17.0,9.0,9.0
1170,CHP03601,山楂,0.9935092222222222,25.0,25.0,9.0,9.0
1171,CHP06111,灵芝,0.9934816891826923,283.0,283.0,208.0,201.0
1172,CHP00088,白花菜子,0.9933892521276595,94.0,94.0,47.0,45.0
1173,CHP00819,冬葵果,0.9933597658139535,80.0,80.0,43.0,41.0
1174,CHP00048,菝葜,0.9933459071428572,90.0,90.0,49.0,48.0
1175,CHP01016,飞龙掌血,0.99332555,11.0,11.0,2.0,2.0
1176,CHP03182,千里光,0.9932971609090907,35.0,35.0,22.0,21.0
1177,CHP02131,苦树皮,0.9932905635000001,58.0,58.0,20.0,19.0
1178,CHP00146,白头翁,0.99328603203125,93.0,93.0,64.0,62.0
1179,CHP03808,鼠尾草,0.99326060175,59.0,59.0,40.0,39.0
1180,CHP00806,东风橘根,0.9932428120000001,27.0,27.0,5.0,5.0
1181,CHP02562,马鞭草,0.9932197231818182,42.0,42.0,22.0,22.0
1182,CHP00333,茶叶,0.9932146331034484,125.0,125.0,58.0,57.0
1183,CHP02658,猫爪草,0.9932042550000001,22.0,22.0,12.0,12.0
1184,CHP02207,狼把草,0.99320047,13.0,13.0,5.0,5.0
1185,CHP02440,漏芦,0.9930646214285714,26.0,26.0,14.0,14.0
1186,CHP01871,降香,0.9930639895555557,94.0,94.0,45.0,44.0
1187,CHP01477,红芪,0.9930504939130435,47.0,47.0,23.0,23.0
1188,CHP00124,白茅根,0.9930345517073171,59.0,59.0,41.0,40.0
1189,CHP01681,黄荆子,0.9929995117857143,103.0,103.0,56.0,54.0
1190,CHP06122,桑黄,0.99296138625,16.0,16.0,8.0,8.0
1191,CHP03364,瑞香根,0.992940525,4.0,4.0,4.0,4.0
1192,CHP03704,石菖蒲,0.9929310374074073,45.0,45.0,27.0,26.0
1193,CHP01409,红车轴草,0.9928219,21.0,21.0,7.0,7.0
1194,CHP00884,杜仲,0.99281363328125,85.0,85.0,64.0,62.0
1195,CHP01623,槐花,0.9927797570769231,112.0,112.0,65.0,64.0
1196,CHP00355,车前草,0.9927529789320387,197.0,197.0,103.0,100.0
1197,CHP00857,独活,0.9927279829090909,108.0,108.0,55.0,54.0
1198,CHP06033,乌梢蛇,0.99271476,3.0,3.0,1.0,1.0
1199,CHP02528,绿豆,0.9926476675,38.0,38.0,20.0,20.0
1200,CHP01983,荆芥,0.9926418177966102,81.0,81.0,59.0,57.0
1201,CHP04326,文殊兰,0.9926376434375,60.0,60.0,32.0,32.0
1202,CHP00455,刺桐,0.9925893551219512,104.0,104.0,41.0,41.0
1203,CHP01508,厚朴,0.9925073626666667,121.0,121.0,60.0,58.0
1204,CHP02563,马槟榔,0.9924944,2.0,2.0,2.0,2.0
1205,CHP01206,钩藤,0.9924717732653061,174.0,174.0,98.0,94.0
1206,CHP00059,白菖,0.992454290909091,61.0,61.0,22.0,21.0
1207,CHP03341,肉苁蓉,0.9924444470588234,64.0,64.0,51.0,49.0
1208,CHP04083,天冬,0.9924054983333334,54.0,54.0,30.0,28.0
1209,CHP05679,紫苏叶,0.99228667875,12.0,12.0,8.0,8.0
1210,CHP06091,茯苓皮,0.99224574375,39.0,39.0,24.0,23.0
1211,CHP00228,北豆根,0.99223669175,72.0,72.0,40.0,39.0
1212,CHP03185,千年健,0.9922171866666667,25.0,25.0,18.0,17.0
1213,CHP03075,泡桐,0.99221675,4.0,4.0,2.0,2.0
1214,CHP01795,鸡屎藤,0.9921592445833335,35.0,35.0,24.0,23.0
1215,CHP05104,野芝麻,0.992128948095238,43.0,43.0,21.0,21.0
1216,CHP01013,飞机草,0.99209368,2.0,2.0,2.0,2.0
1217,CHP00638,当归,0.9920159542857143,171.0,171.0,84.0,82.0
1218,CHP00608,大枣,0.9918977566666667,164.0,164.0,108.0,103.0
1219,CHP06096,鬼盖,0.991861315,6.0,6.0,2.0,2.0
1220,CHP01246,瓜蒌,0.9918040575000001,90.0,90.0,68.0,65.0
1221,CHP00676,地肤子,0.9917923642857142,10.0,10.0,7.0,7.0
1222,CHP00246,蓖麻子,0.9917839649999999,37.0,37.0,22.0,21.0
1223,CHP02547,麻黄根,0.99177768,21.0,21.0,20.0,20.0
1224,CHP02219,莨菪叶,0.9917700004,38.0,38.0,25.0,24.0
1225,CHP05646,紫金牛,0.9917452707352943,122.0,122.0,68.0,65.0
1226,CHP02537,绿绒蒿,0.9917107938888888,30.0,30.0,18.0,17.0
1227,CHP01180,藁本,0.9916288314285715,37.0,37.0,21.0,20.0
1228,CHP04173,葶苈子,0.9916172721739132,39.0,39.0,23.0,22.0
1229,CHP00617,丹参,0.9915957355191258,235.0,235.0,183.0,176.0
1230,CHP00419,川芎,0.991546548169014,127.0,127.0,71.0,69.0
1231,CHP02450,芦竹根,0.9915111333333333,11.0,11.0,3.0,3.0
1232,CHP03444,沙棘,0.9913176693478261,90.0,90.0,46.0,45.0
1233,CHP02602,马醉木,0.99131541,14.0,14.0,10.0,10.0
1234,CHP04886,亚罗椿,0.991308565,7.0,7.0,4.0,4.0
1235,CHP01334,海带,0.9912965403846155,65.0,65.0,26.0,25.0
1236,CHP02298,连翘,0.9912755539534884,116.0,116.0,86.0,82.0
1237,CHP01723,黄芩,0.9912418682142857,46.0,46.0,28.0,27.0
1238,CHP00341,柴胡,0.9911945216019418,299.0,299.0,206.0,199.0
1239,CHP03434,桑枝,0.991155759,35.0,35.0,20.0,19.0
1240,CHP04283,碗蕨,0.991151,2.0,2.0,1.0,1.0
1241,CHP04583,香唐松草,0.9910196,3.0,3.0,1.0,1.0
1242,CHP00203,半边旗,0.9909956,5.0,5.0,2.0,2.0
1243,CHP05512,肿柄菊,0.9909159444444443,13.0,13.0,9.0,9.0
1244,CHP00386,赤杨,0.9908270564705882,31.0,31.0,17.0,16.0
1245,CHP01751,灰叶根,0.990724768,22.0,22.0,10.0,10.0
1246,CHP04893,烟草,0.9907172428571427,13.0,13.0,7.0,7.0
1247,CHP00660,稻草,0.9907105605882353,27.0,27.0,17.0,16.0
1248,CHP00710,地梭罗,0.9904761599999999,35.0,35.0,11.0,11.0
1249,CHP05105,野芝麻根,0.9904429,8.0,8.0,1.0,1.0
1250,CHP02406,龙葵根,0.9904298833333334,48.0,48.0,33.0,32.0
1251,CHP03869,水流豆,0.9903916553333335,32.0,32.0,15.0,15.0
1252,CHP04054,唐松草,0.9903782578125,68.0,68.0,32.0,30.0
1253,CHP00612,代代花,0.9903710110416668,96.0,96.0,48.0,45.0
1254,CHP01864,姜黄,0.9903583225925926,48.0,48.0,27.0,26.0
1255,CHP00220,宝盖草,0.9902849833333334,12.0,12.0,6.0,6.0
1256,CHP00238,荜茇,0.9902788643181818,75.0,75.0,44.0,43.0
1257,CHP00142,白术,0.9902406519402985,118.0,118.0,67.0,64.0
1258,CHP00003,阿魏,0.9901075746666665,133.0,133.0,75.0,71.0
1259,CHP01011,防己,0.9900337122580646,41.0,41.0,31.0,29.0
1260,CHP03397,三七,0.9899509301724138,117.0,117.0,58.0,55.0
1261,CHP00483,大车前,0.9899186545454545,21.0,21.0,11.0,11.0
1262,CHP00258,扁豆,0.9898460675510204,93.0,93.0,49.0,46.0
1263,CHP03772,柿根,0.989837,2.0,2.0,1.0,1.0
1264,CHP05922,鹿茸,0.9897707199999999,7.0,7.0,5.0,5.0
1265,CHP02785,猕猴桃根,0.9897134,5.0,5.0,4.0,4.0
1266,CHP00114,白蔹,0.9897081339622641,102.0,102.0,53.0,50.0
1267,CHP05248,柚花,0.9896747900000001,21.0,21.0,5.0,5.0
1268,CHP00403,除虫菊,0.9896371260000001,16.0,16.0,5.0,5.0
1269,CHP00595,大叶糖胶树,0.9895676741379311,45.0,45.0,29.0,27.0
1270,CHP03321,人参芦,0.9895608,2.0,2.0,1.0,1.0
1271,CHP00872,独一味,0.9895346764705882,26.0,26.0,17.0,16.0
1272,CHP01374,黑豆,0.9894272285185184,120.0,120.0,54.0,52.0
1273,CHP04075,藤黄,0.9893905258823528,96.0,96.0,34.0,33.0
1274,CHP01096,浮萍,0.9893437077777777,38.0,38.0,27.0,26.0
1275,CHP02155,款冬花,0.9892446306666667,79.0,79.0,60.0,56.0
1276,CHP02119,苦楝皮,0.9892269149999999,87.0,87.0,60.0,55.0
1277,CHP00032,八角莲,0.989216715915493,138.0,138.0,71.0,67.0
1278,CHP01350,旱芹,0.9892157352941178,27.0,27.0,17.0,16.0
1279,CHP00350,常山,0.9891790296666667,67.0,67.0,30.0,30.0
1280,CHP00014,艾叶,0.9891463775531915,397.0,397.0,188.0,179.0
1281,CHP03979,苏木,0.9890634345161291,50.0,50.0,31.0,29.0
1282,CHP00216,薄荷,0.9890501492142856,252.0,252.0,140.0,133.0
1283,CHP02561,马比木,0.9890191,1.0,1.0,1.0,1.0
1284,CHP00779,丁香,0.9889737522950819,137.0,137.0,61.0,59.0
1285,CHP00326,侧柏叶,0.9889612025531914,90.0,90.0,47.0,44.0
1286,CHP00772,跌打老,0.9889582749999999,16.0,16.0,12.0,11.0
1287,CHP00274,槟榔,0.9889466664473684,172.0,172.0,76.0,72.0
1288,CHP01187,葛花,0.9888488525581395,63.0,63.0,43.0,41.0
1289,CHP00100,白胶香,0.9887441366666666,20.0,20.0,9.0,8.0
1290,CHP03383,三尖杉,0.9886981755555557,37.0,37.0,18.0,17.0
1291,CHP03643,蛇床子,0.9885953994117649,55.0,55.0,34.0,33.0
1292,CHP01310,鬼箭羽,0.9885861399999999,42.0,42.0,14.0,13.0
1293,CHP02638,芒果,0.9885118271428571,36.0,36.0,21.0,20.0
1294,CHP01834,夹竹桃,0.98838085,58.0,58.0,26.0,25.0
1295,CHP04578,香薷,0.9883686042857143,8.0,8.0,7.0,7.0
1296,CHP01207,钩吻,0.9882913236842105,77.0,77.0,38.0,36.0
1297,CHP00441,刺柏,0.9881510535294117,37.0,37.0,17.0,16.0
1298,CHP00281,菠菜,0.9881087288888888,21.0,21.0,18.0,18.0
1299,CHP01783,鸡骨常山,0.9880639666666666,10.0,10.0,6.0,6.0
1300,CHP00496,大风子,0.9879524085714285,28.0,28.0,14.0,13.0
1301,CHP06136,猪苓,0.9879362,9.0,9.0,8.0,8.0
1302,CHP04190,桐油,0.9879296200000001,10.0,10.0,5.0,5.0
1303,CHP01367,核桃仁,0.9877318887096774,58.0,58.0,31.0,29.0
1304,CHP02060,爵床,0.9876880893333335,29.0,29.0,15.0,14.0
1305,CHP03657,蛇葡萄,0.9876779953846153,21.0,21.0,13.0,12.0
1306,CHP01114,覆盆子,0.9875858452,52.0,52.0,25.0,25.0
1307,CHP02048,卷柏,0.9875200605555554,25.0,25.0,18.0,17.0
1308,CHP00543,板蓝根,0.987517449032258,193.0,193.0,124.0,118.0
1309,CHP00361,陈皮,0.9875081516216216,103.0,103.0,37.0,34.0
1310,CHP03344,肉桂,0.9874778153846153,21.0,21.0,13.0,12.0
1311,CHP01161,高良姜,0.9873933058823527,51.0,51.0,17.0,17.0
1312,CHP02566,马齿苋,0.9873458515384615,64.0,64.0,39.0,36.0
1313,CHP03081,炮姜,0.98730576,1.0,1.0,1.0,1.0
1314,CHP04047,檀香,0.98726503,27.0,27.0,20.0,19.0
1315,CHP02357,凌霄花,0.987242287368421,33.0,33.0,19.0,18.0
1316,CHP04897,延胡索,0.9872106450000001,19.0,19.0,12.0,11.0
1317,CHP00381,赤麻,0.987207025,3.0,3.0,2.0,2.0
1318,CHP05896,僵蚕,0.9870653357142858,26.0,26.0,14.0,13.0
1319,CHP02750,玫瑰花,0.9870319479310345,49.0,49.0,29.0,27.0
1320,CHP01073,凤仙透骨草,0.9869731878571428,46.0,46.0,28.0,27.0
1321,CHP00401,樗叶花椒,0.9869277666666667,7.0,7.0,3.0,3.0
1322,CHP00726,灯心草,0.98684939875,37.0,37.0,16.0,15.0
1323,CHP02323,两面针,0.9867494989285713,43.0,43.0,28.0,26.0
1324,CHP00362,柽柳,0.986747387142857,53.0,53.0,21.0,20.0
1325,CHP04765,薤白,0.9867184555555558,40.0,40.0,27.0,25.0
1326,CHP05186,银杏叶,0.9866569877777778,44.0,44.0,18.0,17.0
1327,CHP05370,皂荚,0.9866497074999999,22.0,22.0,12.0,11.0
1328,CHP01146,干姜,0.9865248961764707,106.0,106.0,68.0,64.0
1329,CHP03213,荞麦,0.98646088,14.0,14.0,9.0,8.0
1330,CHP01846,假蒟子,0.9863431166666666,8.0,8.0,3.0,3.0
1331,CHP03461,砂仁,0.9863265885294117,64.0,64.0,34.0,32.0
1332,CHP00597,大叶仙茅,0.9862900969230769,24.0,24.0,13.0,12.0
1333,CHP03609,山茱萸,0.9860060992307692,71.0,71.0,39.0,38.0
1334,CHP00768,钓樟枝叶,0.98594666,1.0,1.0,1.0,1.0
1335,CHP00284,播娘蒿,0.9859097925,14.0,14.0,8.0,8.0
1336,CHP03977,苏合香,0.9858471393333333,21.0,21.0,15.0,14.0
1337,CHP01780,鸡骨草,0.9858325378260868,47.0,47.0,23.0,21.0
1338,CHP00296,蚕豆,0.98579639,19.0,19.0,7.0,7.0
1339,CHP02517,落花生,0.9857616042857142,24.0,24.0,14.0,13.0
1340,CHP04795,杏仁,0.98568965,11.0,11.0,5.0,5.0
1341,CHP01999,九里香,0.9856469877777777,104.0,104.0,36.0,34.0
1342,CHP04904,岩败酱,0.9856391849999999,3.0,3.0,2.0,2.0
1343,CHP02353,灵香草,0.9852862087500001,26.0,26.0,16.0,15.0
1344,CHP00019,安息香,0.9852477910810812,171.0,171.0,74.0,71.0
1345,CHP05061,野马追,0.98519516,17.0,17.0,11.0,10.0
1346,CHP02557,麻叶,0.9851885733333334,13.0,13.0,9.0,8.0
1347,CHP04571,香茅,0.985109715,3.0,3.0,2.0,2.0
1348,CHP05286,玉米须,0.9850591999999999,13.0,13.0,5.0,5.0
1349,CHP03429,桑椹,0.98497577,33.0,33.0,14.0,13.0
1350,CHP00209,半夏,0.9849179918888888,155.0,155.0,90.0,84.0
1351,CHP01669,黄花远志,0.9847868818181819,21.0,21.0,11.0,10.0
1352,CHP01679,黄荆叶,0.9847190078571428,31.0,31.0,14.0,13.0
1353,CHP04178,通关藤,0.9846890945454546,21.0,21.0,11.0,10.0
1354,CHP02514,骆驼蓬,0.9844592200000001,5.0,5.0,3.0,3.0
1355,CHP02310,莲叶橐吾,0.9844227899999999,12.0,12.0,7.0,7.0
1356,CHP05185,银杏,0.9844078599999999,42.0,42.0,31.0,29.0
1357,CHP00998,翻白草,0.9844024,15.0,15.0,9.0,8.0
1358,CHP00300,苍耳子,0.984395454390244,71.0,71.0,41.0,39.0
1359,CHP02930,南瓜子,0.9841886799999999,13.0,13.0,6.0,6.0
1360,CHP00013,艾实,0.9841817957142857,12.0,12.0,7.0,7.0
1361,CHP03135,蒲黄,0.984073605,12.0,12.0,8.0,7.0
1362,CHP03843,水红花子,0.9840708888888889,17.0,17.0,9.0,8.0
1363,CHP01058,蜂斗菜,0.9839790141304346,94.0,94.0,46.0,43.0
1364,CHP02970,柠檬桉叶,0.983837685,5.0,5.0,2.0,2.0
1365,CHP02546,麻黄,0.9837651784090908,88.0,88.0,44.0,42.0
1366,CHP00948,莪术,0.9835613554014597,226.0,226.0,137.0,127.0
1367,CHP01007,防风,0.98354621,38.0,38.0,30.0,28.0
1368,CHP02270,藜草,0.98295552,3.0,3.0,2.0,2.0
1369,CHP01608,化橘红,0.9827872323529412,33.0,33.0,17.0,16.0
1370,CHP01326,桂枝,0.9827423805882354,57.0,57.0,17.0,17.0
1371,CHP01425,红花,0.9827271137209302,114.0,114.0,86.0,81.0
1372,CHP01561,花椒,0.982675630909091,83.0,83.0,44.0,40.0
1373,CHP01424,红厚壳,0.982381454117647,40.0,40.0,17.0,15.0
1374,CHP00485,大丁草,0.9821842633333334,28.0,28.0,9.0,9.0
1375,CHP01776,鸡蛋花,0.9820017000000001,15.0,15.0,9.0,9.0
1376,CHP04524,仙鹤草,0.9819182714285715,11.0,11.0,7.0,7.0
1377,CHP03753,石蒜,0.9819130333333332,16.0,16.0,9.0,8.0
1378,CHP02418,龙血树,0.9819062470000001,22.0,22.0,10.0,9.0
1379,CHP00997,番泻叶,0.9817666318181818,22.0,22.0,11.0,10.0
1380,CHP01620,槐,0.9817537055555555,13.0,13.0,9.0,8.0
1381,CHP02180,莱菔子,0.9816682379999999,34.0,34.0,15.0,15.0
1382,CHP04374,无患子皮,0.9816247233333333,5.0,5.0,3.0,3.0
1383,CHP05992,人中白,0.9814966794736842,83.0,83.0,57.0,53.0
1384,CHP04276,豌豆,0.981389207142857,10.0,10.0,7.0,6.0
1385,CHP06167,硫磺,0.98124427,2.0,2.0,1.0,1.0
1386,CHP03561,山柰,0.9812094818181819,20.0,20.0,11.0,10.0
1387,CHP06133,蛹虫草,0.9811645,11.0,11.0,8.0,7.0
1388,CHP00973,儿茶钩藤,0.9810427942857143,10.0,10.0,7.0,6.0
1389,CHP02172,辣椒,0.9810160178846155,108.0,108.0,52.0,47.0
1390,CHP04113,甜菜,0.98100195,3.0,3.0,2.0,2.0
1391,CHP00683,地瓜子,0.9809430533333333,25.0,25.0,12.0,11.0
1392,CHP00467,粗叶悬钩子,0.9809152644444445,21.0,21.0,9.0,8.0
1393,CHP03202,羌活,0.9809035696296294,102.0,102.0,54.0,52.0
1394,CHP03946,四季青,0.98055455,17.0,17.0,12.0,11.0
1395,CHP05676,紫苏,0.9798486709523809,38.0,38.0,21.0,18.0
1396,CHP04106,天竺黄,0.9794978688235294,26.0,26.0,17.0,15.0
1397,CHP01235,枸杞叶,0.9792239633333334,14.0,14.0,9.0,8.0
1398,CHP02477,露蕊乌头,0.9790372466666666,5.0,5.0,3.0,3.0
1399,CHP00015,安哥拉八角枫,0.9790304519999999,9.0,9.0,5.0,4.0
1400,CHP03104,啤酒花,0.9790013044444444,54.0,54.0,27.0,26.0
1401,CHP05582,竹叶椒,0.9786384833333334,10.0,10.0,3.0,3.0
1402,CHP00106,白蜡树皮,0.978633619375,82.0,82.0,32.0,28.0
1403,CHP00482,大巢菜,0.9785132333333334,5.0,5.0,3.0,3.0
1404,CHP02305,莲花,0.9783277233333334,17.0,17.0,6.0,5.0
1405,CHP00162,白芷,0.9781503091056911,307.0,307.0,123.0,117.0
1406,CHP03082,佩兰,0.9780704511904762,59.0,59.0,42.0,38.0
1407,CHP00406,楮实子,0.9778248787999999,45.0,45.0,25.0,24.0
1408,CHP04042,太子参,0.97751712875,19.0,19.0,8.0,7.0
1409,CHP00336,茶子,0.9774941,13.0,13.0,7.0,6.0
1410,CHP06038,犀角,0.9773328,2.0,2.0,1.0,1.0
1411,CHP05623,紫草,0.9769756166666667,20.0,20.0,6.0,5.0
1412,CHP01414,红豆蔻,0.9767430115789475,42.0,42.0,19.0,17.0
1413,CHP04951,燕麦,0.9766859,10.0,10.0,6.0,5.0
1414,CHP00186,柏子仁,0.97654069,47.0,47.0,21.0,18.0
1415,CHP04095,天南星,0.9764804730000002,42.0,42.0,20.0,19.0
1416,CHP01810,姬蕨,0.976356225,6.0,6.0,4.0,4.0
1417,CHP04033,台湾泽兰,0.975934852,7.0,7.0,5.0,4.0
1418,CHP00672,地耳草,0.9758645986363635,98.0,98.0,44.0,39.0
1419,CHP01316,桂花,0.9757843333333334,8.0,8.0,6.0,5.0
1420,CHP05682,紫檀,0.9755794625,36.0,36.0,8.0,7.0
1421,CHP03020,牛尾蒿,0.9751953857142858,14.0,14.0,7.0,7.0
1422,CHP02756,梅花,0.9750621857692308,64.0,64.0,26.0,23.0
1423,CHP03778,柿叶,0.97483239,14.0,14.0,8.0,7.0
1424,CHP01682,黄精,0.9745120780952382,33.0,33.0,21.0,18.0
1425,CHP02914,苜蓿根,0.97430074,2.0,2.0,1.0,1.0
1426,CHP03217,芹花,0.974169228,17.0,17.0,5.0,4.0
1427,CHP03541,山蒟,0.974062985,2.0,2.0,2.0,2.0
1428,CHP01091,佛手,0.9738810419999999,51.0,51.0,30.0,26.0
1429,CHP04577,香青兰,0.97371864,3.0,3.0,1.0,1.0
1430,CHP05975,青蛙,0.9734144966666666,4.0,4.0,3.0,3.0
1431,CHP01338,海金砂,0.9732238683333333,28.0,28.0,12.0,10.0
1432,CHP00206,半边苏,0.9730480850000001,35.0,35.0,14.0,12.0
1433,CHP03134,蒲公英,0.9728258276923077,34.0,34.0,13.0,11.0
1434,CHP04469,喜树,0.9723601266666666,23.0,23.0,15.0,13.0
1435,CHP05807,蜂蜜,0.9723090974999999,5.0,5.0,4.0,4.0
1436,CHP01272,贯叶连翘,0.9718707605000001,32.0,32.0,20.0,17.0
1437,CHP00457,葱,0.971797735,25.0,25.0,10.0,9.0
1438,CHP03545,山莨菪,0.9717597566666667,5.0,5.0,3.0,3.0
1439,CHP04268,娃儿藤,0.97100997,6.0,6.0,3.0,3.0
1440,CHP03768,使君子,0.970671144,25.0,25.0,10.0,9.0
1441,CHP05754,斑蝥,0.9705002071428571,18.0,18.0,7.0,6.0
1442,CHP00849,豆油,0.9703944833333334,10.0,10.0,6.0,5.0
1443,CHP01469,红母鸡草,0.9702339,11.0,11.0,4.0,4.0
1444,CHP01323,桂皮,0.9694737416666666,11.0,11.0,6.0,5.0
1445,CHP02839,母菊,0.9691608533333333,10.0,10.0,6.0,5.0
1446,CHP02821,缅枣,0.9691420749999999,4.0,4.0,4.0,4.0
1447,CHP00315,草豆蔻,0.9691206928571429,37.0,37.0,14.0,12.0
1448,CHP01942,金丝桃,0.96906204,10.0,10.0,4.0,4.0
1449,CHP03806,鼠曲草,0.9687121116666667,10.0,10.0,6.0,5.0
1450,CHP03139,蒲桃,0.96861735,33.0,33.0,13.0,11.0
1451,CHP04736,小叶贯众,0.968416754,6.0,6.0,5.0,4.0
1452,CHP05360,芸香,0.9682313106666667,42.0,42.0,15.0,13.0
1453,CHP00844,豆蔻,0.9675892949999998,66.0,66.0,36.0,30.0
1454,CHP03439,沙参,0.9673287625,44.0,44.0,16.0,13.0
1455,CHP01449,红景天,0.9665314745454545,44.0,44.0,11.0,10.0
1456,CHP04824,玄参,0.9662815699999999,21.0,21.0,5.0,4.0
1457,CHP02855,木鳖子,0.9662440114285714,14.0,14.0,7.0,6.0
1458,CHP03664,麝香草,0.9661874170000001,21.0,21.0,10.0,8.0
1459,CHP03709,石刁柏,0.9661169866666667,12.0,12.0,6.0,5.0
1460,CHP05848,黑蚂蚁,0.9658632,1.0,1.0,1.0,1.0
1461,CHP06113,马勃,0.9658595572727272,20.0,20.0,11.0,9.0
1462,CHP00011,艾纳香,0.965520892,18.0,18.0,5.0,4.0
1463,CHP04368,无花果,0.9647824966666667,25.0,25.0,9.0,7.0
1464,CHP02612,麦芽,0.9636991629411765,26.0,26.0,17.0,14.0
1465,CHP01230,枸橘,0.9636366125,12.0,12.0,4.0,4.0
1466,CHP06128,松萝,0.9636244077777777,27.0,27.0,9.0,7.0
1467,CHP00458,葱白,0.9635953530769231,70.0,70.0,13.0,12.0
1468,CHP01786,鸡冠花,0.96335317,6.0,6.0,2.0,2.0
1469,CHP00331,茶树根,0.9628966,5.0,5.0,2.0,2.0
1470,CHP05541,珠子参,0.96271665,5.0,5.0,2.0,2.0
1471,CHP00090,白花丹,0.9622679466666667,45.0,45.0,18.0,14.0
1472,CHP05662,紫茉莉,0.962115118,8.0,8.0,5.0,4.0
1473,CHP05005,药用倒提壶,0.9614107000000001,3.0,3.0,2.0,2.0
1474,CHP01695,黄栌,0.9613858466666666,5.0,5.0,3.0,2.0
1475,CHP01412,红椿,0.9601489333333334,5.0,5.0,3.0,2.0
1476,CHP05690,紫薇,0.9596197125,12.0,12.0,4.0,3.0
1477,CHP00189,斑草,0.9576179344444444,15.0,15.0,9.0,7.0
1478,CHP01757,茴香,0.9575909266666667,14.0,14.0,9.0,7.0
1479,CHP02925,南瓜,0.9567640749999999,3.0,3.0,2.0,2.0
1480,CHP04888,亚麻子,0.956181375,4.0,4.0,2.0,2.0
1481,CHP04693,小连翘,0.95608759,6.0,6.0,3.0,2.0
1482,CHP00414,川鄂淫羊藿,0.95434287,11.0,11.0,5.0,4.0
1483,CHP04643,小飞蓬,0.9538600166666665,8.0,8.0,3.0,2.0
1484,CHP01171,高山龙胆,0.953818675,11.0,11.0,4.0,3.0
1485,CHP02149,块茎糙苏,0.95318174,1.0,1.0,1.0,1.0
1486,CHP02863,木瓜,0.95244505375,41.0,41.0,8.0,6.0
1487,CHP02340,列当,0.9514897625000001,5.0,5.0,4.0,3.0
1488,CHP01273,贯众,0.951057152,37.0,37.0,20.0,14.0
1489,CHP01111,阜康阿魏根,0.9504415174999999,7.0,7.0,4.0,3.0
1490,CHP05501,枳实,0.949740566,6.0,6.0,5.0,3.0
1491,CHP02716,毛桐,0.94743305,11.0,11.0,2.0,1.0
1492,CHP05831,龟甲,0.94735335,5.0,5.0,2.0,1.0
1493,CHP02972,柠檬皮,0.9464952133333333,6.0,6.0,3.0,2.0
1494,CHP00875,杜茎山,0.9464044399999999,25.0,25.0,15.0,10.0
1495,CHP01366,核桃楸果仁,0.9462202966666666,6.0,6.0,3.0,2.0
1496,CHP05866,鲩鱼,0.94621724,1.0,1.0,1.0,1.0
1497,CHP05553,猪屎豆,0.9460349,3.0,3.0,2.0,1.0
1498,CHP03094,披针叶野决明,0.94458568,5.0,5.0,3.0,2.0
1499,CHP03274,秋海棠,0.94334045,5.0,5.0,2.0,1.0
1500,CHP02639,芒果核,0.9433322,5.0,5.0,1.0,1.0
1501,CHP00828,冬珊瑚,0.93961335,5.0,5.0,2.0,1.0
1502,CHP03589,山小橘,0.9390928,5.0,5.0,1.0,1.0
1503,CHP06117,蘑菇,0.93729611,11.0,11.0,7.0,5.0
1504,CHP00859,独角莲,0.9364315739999999,8.0,8.0,5.0,3.0
1505,CHP04303,望江南,0.9352892275,9.0,9.0,8.0,5.0
1506,CHP02983,牛蒡根,0.93521598,3.0,3.0,2.0,1.0
1507,CHP01244,骨节草,0.932842132,6.0,6.0,5.0,3.0
1508,CHP02583,马铃薯,0.9309638866666666,5.0,5.0,3.0,2.0
1509,CHP04972,羊蹄草,0.9308165,1.0,1.0,1.0,1.0
1510,CHP01593,华南吴茱萸,0.9279639,4.0,4.0,2.0,1.0
1511,CHP02061,君迁子,0.9273123750000001,7.0,7.0,2.0,1.0
1512,CHP06035,蜈蚣,0.925789,2.0,2.0,1.0,1.0
1513,CHP04170,铁仔,0.919799715,3.0,3.0,2.0,1.0
1514,CHP05325,月见草,0.9196911750000001,2.0,2.0,2.0,1.0
1515,CHP05680,紫苏子,0.9176701859999999,22.0,22.0,5.0,3.0
1516,CHP05835,蛤壳,0.91759807,1.0,1.0,1.0,1.0
1517,CHP04392,梧桐子,0.91369,2.0,2.0,1.0,1.0
1518,CHP02824,明党参,0.91361493,4.0,4.0,2.0,1.0
1519,CHP00308,藏青果,0.9131281250000001,3.0,3.0,2.0,1.0
1520,CHP04848,血风藤,0.91074438,10.0,10.0,3.0,1.0
1521,CHP02816,棉花根,0.90792065,9.0,9.0,2.0,1.0
1522,CHP03705,石莼,0.9053065666666668,8.0,8.0,3.0,2.0
1523,CHP00210,半夏曲,0.9025904,2.0,2.0,2.0,1.0
1524,CHP05647,紫金牛根,0.90238052,7.0,7.0,3.0,2.0
1525,CHP01910,金光菊,0.9015644,2.0,2.0,1.0,1.0
1526,CHP00269,遍地金,0.9015050499999999,4.0,4.0,2.0,1.0
1527,CHP00083,白鹤灵芝,0.8949023483333334,13.0,13.0,6.0,3.0
1528,CHP03083,蓬莪术,0.8918311,6.0,6.0,2.0,1.0
1529,CHP04986,杨梅核仁,0.8727578,2.0,2.0,1.0,0.0
1530,CHP04463,锡生藤,0.8677549075000001,9.0,9.0,4.0,1.0
1531,CHP05681,紫穗槐,0.8622257,2.0,2.0,1.0,0.0
1532,CHP04330,蕹菜,0.855868,2.0,2.0,1.0,0.0
1533,CHP04535,咸酸蔃,0.83630437,1.0,1.0,1.0,0.0
1534,CHP02683,毛贯众,0.83297748,4.0,4.0,2.0,0.0
1535,CHP02918,南板蓝根,0.82290477,4.0,4.0,1.0,0.0
1536,CHP00038,巴豆霜,0.8219141,1.0,1.0,1.0,0.0
1537,CHP01740,黄心果,0.8173092,15.0,15.0,1.0,0.0
1538,CHP00763,吊兰,0.8106739,1.0,1.0,1.0,0.0
1539,CHP05766,鳖甲,0.80717057,2.0,2.0,1.0,0.0
1540,CHP06156,红粉,0.0,1.0,1.0,0.0,0.0
1541,CHP05824,狗肉,0.0,1.0,1.0,0.0,0.0
1542,CHP02293,栗树皮,0.0,2.0,2.0,0.0,0.0
1543,CHP02456,陆地棉,0.0,3.0,3.0,0.0,0.0
1544,CHP00149,白土茯苓,0.0,1.0,1.0,0.0,0.0
1545,CHP05610,姊妹树,0.0,1.0,1.0,0.0,0.0
1546,CHP02120,苦楝实,0.0,3.0,3.0,0.0,0.0
1547,CHP02539,绿笋片,0.0,2.0,2.0,0.0,0.0
1548,CHP02582,马蔺子,0.0,3.0,3.0,0.0,0.0
1549,CHP02697,毛莲蒿,0.0,1.0,1.0,0.0,0.0
1550,CHP02397,龙船花,0.0,11.0,11.0,0.0,0.0
1551,CHP05683,紫藤,0.0,1.0,1.0,0.0,0.0
1552,CHP05694,紫薇叶,0.0,1.0,1.0,0.0,0.0
1553,CHP05692,紫薇花,0.0,1.0,1.0,0.0,0.0
1554,CHP05712,紫珠,0.0,1.0,1.0,0.0,0.0
1555,CHP05753,斑鸠,0.0,1.0,1.0,0.0,0.0
1556,CHP05790,虫白蜡,0.0,4.0,4.0,0.0,0.0
1557,CHP02306,莲蓬草,0.0,3.0,3.0,0.0,0.0
1558,CHP05795,地龙,0.0,1.0,1.0,0.0,0.0
1559,CHP03299,驱虫斑鸠菊,0.0,1.0,1.0,0.0,0.0
1560,CHP03105,辟汗草,0.0,1.0,1.0,0.0,0.0
1561,CHP01610,化香树果,0.0,1.0,1.0,0.0,0.0
1562,CHP03107,偏翅唐松草,0.0,3.0,3.0,0.0,0.0
1563,CHP03184,千年艾,0.0,1.0,1.0,0.0,0.0
1564,CHP01774,鸡蛋参,0.0,2.0,2.0,0.0,0.0
1565,CHP01775,鸡蛋果,0.0,2.0,2.0,0.0,0.0
1566,CHP04880,鸭跖草,0.0,4.0,4.0,0.0,0.0
1567,CHP06157,琥珀,0.0,1.0,1.0,0.0,0.0
1568,CHP02182,兰花,0.0,3.0,3.0,0.0,0.0
1569,CHP05555,猪殃殃,0.0,2.0,2.0,0.0,0.0
1570,CHP05837,海参,0.0,1.0,1.0,0.0,0.0
1571,CHP05887,鸡子白,0.0,1.0,1.0,0.0,0.0
1572,CHP05889,鸡子壳,0.0,1.0,1.0,0.0,0.0
1573,CHP05955,蜜蜡,0.0,3.0,3.0,0.0,0.0
1574,CHP01885,角茴香,0.0,4.0,4.0,0.0,0.0
1575,CHP01849,假细锥香茶菜,0.0,4.0,4.0,0.0,0.0
1576,CHP01814,极美云实,0.0,9.0,9.0,0.0,0.0
1577,CHP01788,鸡冠子,0.0,1.0,1.0,0.0,0.0
1578,CHP03015,牛舌头,0.0,1.0,1.0,0.0,0.0
1579,CHP01941,金丝梅,0.0,1.0,1.0,0.0,0.0
1580,CHP04899,芫花,0.0,1.0,1.0,0.0,0.0
1581,CHP05040,野花椒根,0.0,5.0,5.0,0.0,0.0
1582,CHP00368,橙子,0.0,8.0,8.0,0.0,0.0
1583,CHP00372,齿瓣延胡索,0.0,2.0,2.0,0.0,0.0
1584,CHP02946,南天竹梗,0.0,1.0,1.0,0.0,0.0
1585,CHP02971,柠檬根,0.0,2.0,2.0,0.0,0.0
1586,CHP01255,拐芹,0.0,2.0,2.0,0.0,0.0
1587,CHP05042,野花椒叶,0.0,4.0,4.0,0.0,0.0
1588,CHP05004,药西瓜,0.0,1.0,1.0,0.0,0.0
1589,CHP04992,洋葱,0.0,1.0,1.0,0.0,0.0
1590,CHP04233,土连翘,0.0,1.0,1.0,0.0,0.0
1591,CHP04272,歪脖子果,0.0,6.0,6.0,0.0,0.0
1592,CHP01012,防己叶菝葜,0.0,1.0,1.0,0.0,0.0
1593,CHP01020,飞扬草,0.0,1.0,1.0,0.0,0.0
1594,CHP01028,榧子,0.0,1.0,1.0,0.0,0.0
1595,CHP01063,凤凰木,0.0,1.0,1.0,0.0,0.0
1596,CHP01066,凤尾茶,0.0,4.0,4.0,0.0,0.0
1597,CHP01072,凤仙花,0.0,1.0,1.0,0.0,0.0
1598,CHP01362,荷梗,0.0,1.0,1.0,0.0,0.0
1599,CHP03685,生漆,0.0,3.0,3.0,0.0,0.0
1600,CHP03689,胜红蓟,0.0,1.0,1.0,0.0,0.0
1601,CHP03741,石楠,0.0,1.0,1.0,0.0,0.0
1602,CHP03767,莳萝子,0.0,8.0,8.0,0.0,0.0
1603,CHP01262,观音草,0.0,1.0,1.0,0.0,0.0
1604,CHP00366,橙皮,0.0,3.0,3.0,0.0,0.0
1605,CHP05007,椰子,0.0,4.0,4.0,0.0,0.0
1606,CHP01909,金冠鳞毛蕨,0.0,1.0,1.0,0.0,0.0
1607,CHP01888,接骨丹,0.0,1.0,1.0,0.0,0.0
1608,CHP02982,牛蒡,0.0,12.0,12.0,0.0,0.0
1609,CHP05142,伊贝母,0.0,2.0,2.0,0.0,0.0
1610,CHP05170,茵芋,0.0,2.0,2.0,0.0,0.0
1611,CHP04299,网脉橐吾,0.0,2.0,2.0,0.0,0.0
1612,CHP04322,榅桲,0.0,1.0,1.0,0.0,0.0
1613,CHP01918,金锦香,0.0,1.0,1.0,0.0,0.0
1614,CHP04325,文冠木,0.0,5.0,5.0,0.0,0.0
1615,CHP04352,乌蔹莓,0.0,1.0,1.0,0.0,0.0
1616,CHP04390,梧桐,0.0,8.0,8.0,0.0,0.0
1617,CHP04385,芜菁甘蓝,0.0,1.0,1.0,0.0,0.0
1618,CHP04461,菥蓂,0.0,1.0,1.0,0.0,0.0
1619,CHP04475,细果角茴香,0.0,1.0,1.0,0.0,0.0
1620,CHP04481,细香葱,0.0,1.0,1.0,0.0,0.0
1621,CHP00413,川滇淫羊藿,0.0,8.0,8.0,0.0,0.0
1622,CHP00807,东莨菪,0.0,2.0,2.0,0.0,0.0
1623,CHP03425,桑根,0.0,2.0,2.0,0.0,0.0
1624,CHP01520,胡麻仁,0.0,1.0,1.0,0.0,0.0
1625,CHP01499,红直獐牙菜,0.0,1.0,1.0,0.0,0.0
1626,CHP00599,大叶香薷,0.0,1.0,1.0,0.0,0.0
1627,CHP00605,大叶醉鱼草,0.0,4.0,4.0,0.0,0.0
1628,CHP00629,胆南星,0.0,1.0,1.0,0.0,0.0
1629,CHP04798,杏子,0.0,1.0,1.0,0.0,0.0
1630,CHP03243,青皮,0.0,2.0,2.0,0.0,0.0
1631,CHP04604,向日葵花,0.0,1.0,1.0,0.0,0.0
1632,CHP00648,倒地铃,0.0,1.0,1.0,0.0,0.0
1633,CHP01563,花椒簕,0.0,1.0,1.0,0.0,0.0
1634,CHP03567,山棯叶,0.0,1.0,1.0,0.0,0.0
1635,CHP03365,瑞香花,0.0,2.0,2.0,0.0,0.0
1636,CHP04215,土百部,0.0,1.0,1.0,0.0,0.0
1637,CHP04224,土丁桂,0.0,1.0,1.0,0.0,0.0
1638,CHP03770,柿,0.0,1.0,1.0,0.0,0.0
1639,CHP03401,三色堇,0.0,1.0,1.0,0.0,0.0
1640,CHP03810,薯莨,0.0,1.0,1.0,0.0,0.0
1641,CHP03921,水杨枝叶,0.0,1.0,1.0,0.0,0.0
1642,CHP05171,银背藤,0.0,1.0,1.0,0.0,0.0
1643,CHP05188,银叶树,0.0,1.0,1.0,0.0,0.0
1644,CHP00897,短小蛇根草,0.0,1.0,1.0,0.0,0.0
1645,CHP00924,盾叶唐松草,0.0,10.0,10.0,0.0,0.0
1646,CHP05198,鹰不泊,0.0,1.0,1.0,0.0,0.0
1647,CHP02815,棉花,0.0,1.0,1.0,0.0,0.0
1648,CHP02000,九里香根,0.0,2.0,2.0,0.0,0.0
1649,CHP02026,橘白,0.0,1.0,1.0,0.0,0.0
1650,CHP02034,橘叶巴戟,0.0,2.0,2.0,0.0,0.0
1651,CHP00318,草胡椒,0.0,1.0,1.0,0.0,0.0
1652,CHP05191,淫羊藿根,0.0,1.0,1.0,0.0,0.0
1653,CHP05192,印度九里香,0.0,1.0,1.0,0.0,0.0
1654,CHP05297,郁金香根,0.0,1.0,1.0,0.0,0.0
1655,CHP05337,云南榧树,0.0,3.0,3.0,0.0,0.0
1656,CHP05345,云南菟丝子,0.0,2.0,2.0,0.0,0.0
1657,CHP00239,荜茇根,0.0,3.0,3.0,0.0,0.0
1658,CHP00265,扁竹根,0.0,1.0,1.0,0.0,0.0
1659,CHP00276,柄果槲寄生,0.0,1.0,1.0,0.0,0.0
1660,CHP00285,伯乐树,0.0,1.0,1.0,0.0,0.0
1661,CHP02470,路边姜,0.0,5.0,5.0,0.0,0.0
1662,CHP02515,骆驼蓬子,0.0,2.0,2.0,0.0,0.0
1663,CHP02523,落新妇,0.0,18.0,18.0,0.0,0.0
1664,CHP02525,驴蹄草,0.0,1.0,1.0,0.0,0.0
1665,CHP02527,吕宋楸毛,0.0,6.0,6.0,0.0,0.0
1666,CHP00809,东一号剑麻,0.0,9.0,9.0,0.0,0.0
1667,CHP01470,红木香,0.0,12.0,12.0,0.0,0.0
1668,CHP00330,茶花,0.0,3.0,3.0,0.0,0.0
1669,CHP05252,柚子,0.0,1.0,1.0,0.0,0.0
1670,CHP01302,广西九里香,0.0,6.0,6.0,0.0,0.0
1671,CHP03595,山银柴胡,0.0,2.0,2.0,0.0,0.0
1672,CHP04543,线叶金鸡菊,0.0,2.0,2.0,0.0,0.0
1673,CHP01349,旱莲花,0.0,2.0,2.0,0.0,0.0
1674,CHP04595,香樟,0.0,15.0,15.0,0.0,0.0
1675,CHP04598,香樟叶,0.0,1.0,1.0,0.0,0.0
1676,CHP00286,博落回,0.0,3.0,3.0,0.0,0.0
1677,CHP04558,香根芹,0.0,2.0,2.0,0.0,0.0
1678,CHP04059,桃根,0.0,1.0,1.0,0.0,0.0
1679,CHP04110,田旋花,0.0,1.0,1.0,0.0,0.0
1680,CHP01086,芙蓉花,0.0,1.0,1.0,0.0,0.0
1681,CHP01156,岗松,0.0,1.0,1.0,0.0,0.0
1682,CHP03970,松叶,0.0,4.0,4.0,0.0,0.0
1683,CHP04000,酸模,0.0,2.0,2.0,0.0,0.0
1684,CHP01193,葛蕈,0.0,16.0,16.0,0.0,0.0
1685,CHP00289,补血草,0.0,1.0,1.0,0.0,0.0
1686,CHP01201,功劳子,0.0,1.0,1.0,0.0,0.0
1687,CHP01232,枸橘核,0.0,4.0,4.0,0.0,0.0
1688,CHP05408,樟脑,0.0,1.0,1.0,0.0,0.0
1689,CHP05379,泽藓,0.0,1.0,1.0,0.0,0.0
1690,CHP05465,珍珠梅,0.0,2.0,2.0,0.0,0.0
1691,CHP05470,枕材,0.0,2.0,2.0,0.0,0.0
1692,CHP05495,枳椇根,0.0,1.0,1.0,0.0,0.0
1693,CHP05463,珍珠菜,0.0,2.0,2.0,0.0,0.0
1694,CHP05796,灯心柳珊瑚,0.0,1.0,1.0,0.0,0.0
1695,CHP00130,白牛胆,0.0,1.0,1.0,0.0,0.0
1696,CHP06118,木耳,0.0,1.0,1.0,0.0,0.0
1697,CHP00086,白花菜,0.0,2.0,2.0,0.0,0.0
1698,CHP06080,豹皮菇,0.0,3.0,3.0,0.0,0.0
1699,CHP00104,白菊花根,0.0,1.0,1.0,0.0,0.0
1700,CHP06040,象骨,0.0,1.0,1.0,0.0,0.0
1701,CHP00004,阿育魏实,0.0,1.0,1.0,0.0,0.0
