rank,CHP_ID,Chinese_herbal_pieces,max_score,total_compounds,effective_count,high_quality_count,ultra_high_count
1,CHP06136,猪苓,1.0,9.0,9.0,8.0,8.0
2,CHP00003,阿魏,1.0,133.0,133.0,75.0,71.0
3,CHP05992,人中白,1.0,83.0,83.0,57.0,53.0
4,CHP06001,麝香,1.0,33.0,33.0,20.0,20.0
5,CHP06015,水蛭,1.0,9.0,9.0,7.0,7.0
6,CHP05896,僵蚕,1.0,26.0,26.0,14.0,13.0
7,CHP05919,鹿角,1.0,2.0,2.0,1.0,1.0
8,CHP05922,鹿茸,1.0,7.0,7.0,5.0,5.0
9,CHP05962,牛黄,1.0,19.0,19.0,15.0,15.0
10,CHP05964,牛肾,1.0,6.0,6.0,2.0,2.0
11,CHP05877,鸡胆,1.0,2.0,2.0,2.0,2.0
12,CHP05831,龟甲,1.0,5.0,5.0,2.0,1.0
13,CHP05840,海马,1.0,3.0,3.0,3.0,3.0
14,CHP05841,海螵蛸,1.0,2.0,2.0,1.0,1.0
15,CHP05843,海燕,1.0,2.0,2.0,2.0,2.0
16,CHP00135,白前,1.0,78.0,78.0,48.0,48.0
17,CHP00137,白屈菜,1.0,58.0,58.0,46.0,45.0
18,CHP00140,白首乌,1.0,40.0,40.0,24.0,24.0
19,CHP00141,白薯莨,1.0,2.0,2.0,1.0,1.0
20,CHP00142,白术,1.0,118.0,118.0,67.0,64.0
21,CHP00146,白头翁,1.0,93.0,93.0,64.0,62.0
22,CHP00150,白薇,1.0,85.0,85.0,58.0,56.0
23,CHP00106,白蜡树皮,1.0,82.0,82.0,32.0,28.0
24,CHP00108,白兰花,1.0,63.0,63.0,17.0,17.0
25,CHP00114,白蔹,1.0,102.0,102.0,53.0,50.0
26,CHP00119,白马骨,1.0,11.0,11.0,7.0,7.0
27,CHP00121,白毛藤,1.0,121.0,121.0,78.0,78.0
28,CHP00124,白茅根,1.0,59.0,59.0,41.0,40.0
29,CHP00095,白花藤,1.0,3.0,3.0,1.0,1.0
30,CHP00099,白及,1.0,78.0,78.0,21.0,21.0
31,CHP00100,白胶香,1.0,20.0,20.0,9.0,8.0
32,CHP00102,白芥子,1.0,18.0,18.0,6.0,6.0
33,CHP00103,白金果榄,1.0,10.0,10.0,4.0,4.0
34,CHP00080,白果紫草,1.0,11.0,11.0,4.0,4.0
35,CHP00081,白蒿,1.0,9.0,9.0,4.0,4.0
36,CHP00088,白花菜子,1.0,94.0,94.0,47.0,45.0
37,CHP00090,白花丹,1.0,45.0,45.0,18.0,14.0
38,CHP00091,白花灯笼,1.0,9.0,9.0,4.0,4.0
39,CHP00093,白花蛇舌草,1.0,46.0,46.0,33.0,33.0
40,CHP00220,宝盖草,1.0,12.0,12.0,6.0,6.0
41,CHP00221,保山乌头,1.0,11.0,11.0,6.0,6.0
42,CHP00222,报春花,1.0,2.0,2.0,1.0,1.0
43,CHP00223,抱茎獐牙菜,1.0,8.0,8.0,4.0,4.0
44,CHP00225,暴马子皮,1.0,1.0,1.0,1.0,1.0
45,CHP00227,北豆,1.0,16.0,16.0,10.0,10.0
46,CHP00228,北豆根,1.0,72.0,72.0,40.0,39.0
47,CHP00229,北沙参,1.0,105.0,105.0,88.0,88.0
48,CHP00206,半边苏,1.0,35.0,35.0,14.0,12.0
49,CHP00208,半枫荷,1.0,3.0,3.0,2.0,2.0
50,CHP00209,半夏,1.0,155.0,155.0,90.0,84.0
51,CHP00212,半枝莲,1.0,113.0,113.0,56.0,56.0
52,CHP00213,榜嘎,1.0,5.0,5.0,3.0,3.0
53,CHP00216,薄荷,1.0,252.0,252.0,140.0,133.0
54,CHP00176,百蕊草,1.0,1.0,1.0,1.0,1.0
55,CHP00178,百眼藤,1.0,5.0,5.0,1.0,1.0
56,CHP00183,柏树叶,1.0,6.0,6.0,3.0,3.0
57,CHP00186,柏子仁,1.0,47.0,47.0,21.0,18.0
58,CHP00187,败酱草,1.0,70.0,70.0,30.0,29.0
59,CHP00189,斑草,1.0,15.0,15.0,9.0,7.0
60,CHP00191,斑鸠菊,1.0,22.0,22.0,13.0,13.0
61,CHP00201,半边莲,1.0,96.0,96.0,60.0,60.0
62,CHP00151,白鲜皮,1.0,117.0,117.0,72.0,72.0
63,CHP00156,白叶藤,1.0,2.0,2.0,1.0,1.0
64,CHP00162,白芷,1.0,307.0,307.0,123.0,117.0
65,CHP00165,白珠树,1.0,18.0,18.0,10.0,10.0
66,CHP00168,百部,1.0,181.0,181.0,124.0,123.0
67,CHP00170,百合,1.0,137.0,137.0,84.0,84.0
68,CHP00173,百里香,1.0,23.0,23.0,5.0,5.0
69,CHP00175,百脉根,1.0,15.0,15.0,5.0,5.0
70,CHP00281,菠菜,1.0,21.0,21.0,18.0,18.0
71,CHP00284,播娘蒿,1.0,14.0,14.0,8.0,8.0
72,CHP00288,补骨脂,1.0,181.0,181.0,102.0,102.0
73,CHP00292,布渣叶,1.0,20.0,20.0,11.0,11.0
74,CHP00293,菜豆树,1.0,11.0,11.0,5.0,5.0
75,CHP00256,鞭叶铁线蕨,1.0,12.0,12.0,8.0,8.0
76,CHP00258,扁豆,1.0,93.0,93.0,49.0,46.0
77,CHP00261,扁桃斑鸠菊,1.0,2.0,2.0,2.0,2.0
78,CHP00269,遍地金,1.0,4.0,4.0,2.0,1.0
79,CHP00272,滨海前胡,1.0,2.0,2.0,2.0,2.0
80,CHP00274,槟榔,1.0,172.0,172.0,76.0,72.0
81,CHP00244,蓖麻叶,1.0,4.0,4.0,3.0,3.0
82,CHP00245,蓖麻油,1.0,7.0,7.0,1.0,1.0
83,CHP00246,蓖麻子,1.0,37.0,37.0,22.0,21.0
84,CHP00247,薜荔,1.0,2.0,2.0,2.0,2.0
85,CHP00251,边缘鳞盖蕨,1.0,14.0,14.0,6.0,6.0
86,CHP00252,萹蓄,1.0,73.0,73.0,54.0,54.0
87,CHP00254,鞭打绣球,1.0,1.0,1.0,1.0,1.0
88,CHP00231,北玄参,1.0,15.0,15.0,9.0,9.0
89,CHP00235,贝母兰,1.0,6.0,6.0,1.0,1.0
90,CHP00238,荜茇,1.0,75.0,75.0,44.0,43.0
91,CHP00240,荜澄茄,1.0,62.0,62.0,38.0,38.0
92,CHP00241,萆薢,1.0,74.0,74.0,45.0,45.0
93,CHP05791,穿山甲,1.0,3.0,3.0,2.0,2.0
94,CHP05800,鹅臎,1.0,1.0,1.0,1.0,1.0
95,CHP05805,蜂胶,1.0,83.0,83.0,33.0,33.0
96,CHP05754,斑蝥,1.0,18.0,18.0,7.0,6.0
97,CHP05778,蝉蜕,1.0,8.0,8.0,6.0,6.0
98,CHP05779,蟾蜍,1.0,11.0,11.0,6.0,6.0
99,CHP05780,蟾皮,1.0,4.0,4.0,2.0,2.0
100,CHP05782,蟾酥,1.0,71.0,71.0,45.0,45.0
101,CHP05689,紫葳茎叶,1.0,6.0,6.0,4.0,4.0
102,CHP05690,紫薇,1.0,12.0,12.0,4.0,3.0
103,CHP05704,紫玉盘,1.0,21.0,21.0,10.0,10.0
104,CHP05729,总状绿绒蒿,1.0,1.0,1.0,1.0,1.0
105,CHP05730,总状升麻,1.0,11.0,11.0,8.0,8.0
106,CHP05675,紫杉,1.0,102.0,102.0,48.0,48.0
107,CHP05676,紫苏,1.0,38.0,38.0,21.0,18.0
108,CHP05679,紫苏叶,1.0,12.0,12.0,8.0,8.0
109,CHP05680,紫苏子,1.0,22.0,22.0,5.0,3.0
110,CHP05682,紫檀,1.0,36.0,36.0,8.0,7.0
111,CHP05687,紫菀,1.0,28.0,28.0,16.0,16.0
112,CHP00333,茶叶,1.0,125.0,125.0,58.0,57.0
113,CHP00336,茶子,1.0,13.0,13.0,7.0,6.0
114,CHP00341,柴胡,1.0,299.0,299.0,206.0,199.0
115,CHP00347,常春藤,1.0,11.0,11.0,7.0,7.0
116,CHP00349,常春卫矛,1.0,6.0,6.0,5.0,5.0
117,CHP00350,常山,1.0,67.0,67.0,30.0,30.0
118,CHP00351,朝鲜白头翁,1.0,3.0,3.0,1.0,1.0
119,CHP00355,车前草,1.0,197.0,197.0,103.0,100.0
120,CHP00321,草问荆,1.0,4.0,4.0,2.0,2.0
121,CHP00322,草乌,1.0,79.0,79.0,50.0,50.0
122,CHP00323,草乌叶,1.0,13.0,13.0,8.0,8.0
123,CHP00326,侧柏叶,1.0,90.0,90.0,47.0,44.0
124,CHP00327,侧柏枝节,1.0,42.0,42.0,24.0,24.0
125,CHP00331,茶树根,1.0,5.0,5.0,2.0,2.0
126,CHP00332,茶条槭,1.0,2.0,2.0,1.0,1.0
127,CHP00309,糙苏,1.0,11.0,11.0,8.0,8.0
128,CHP00312,草本威灵仙,1.0,11.0,11.0,3.0,3.0
129,CHP00313,草苁蓉,1.0,36.0,36.0,20.0,20.0
130,CHP00314,草地黄芩,1.0,7.0,7.0,2.0,2.0
131,CHP00315,草豆蔻,1.0,37.0,37.0,14.0,12.0
132,CHP00316,草果,1.0,29.0,29.0,16.0,16.0
133,CHP00319,草莓,1.0,2.0,2.0,1.0,1.0
134,CHP00294,菜蓟,1.0,4.0,4.0,4.0,4.0
135,CHP00296,蚕豆,1.0,19.0,19.0,7.0,7.0
136,CHP00298,苍耳,1.0,17.0,17.0,10.0,10.0
137,CHP00300,苍耳子,1.0,71.0,71.0,41.0,39.0
138,CHP00303,苍术,1.0,111.0,111.0,61.0,61.0
139,CHP00305,藏边大黄,1.0,28.0,28.0,11.0,11.0
140,CHP00306,藏红花,1.0,134.0,134.0,79.0,78.0
141,CHP00408,楮树根,1.0,46.0,46.0,13.0,13.0
142,CHP00412,川贝母,1.0,228.0,228.0,134.0,132.0
143,CHP00414,川鄂淫羊藿,1.0,11.0,11.0,5.0,4.0
144,CHP00415,川木通,1.0,96.0,96.0,46.0,45.0
145,CHP00416,川木香,1.0,29.0,29.0,14.0,14.0
146,CHP00417,川乌,1.0,268.0,268.0,153.0,150.0
147,CHP00418,川西獐牙菜,1.0,2.0,2.0,1.0,1.0
148,CHP00389,臭柏,1.0,4.0,4.0,2.0,2.0
149,CHP00393,臭茉莉,1.0,2.0,2.0,1.0,1.0
150,CHP00394,臭牡丹,1.0,4.0,4.0,3.0,3.0
151,CHP00396,臭山羊,1.0,17.0,17.0,6.0,6.0
152,CHP00397,臭梧桐,1.0,18.0,18.0,13.0,13.0
153,CHP00401,樗叶花椒,1.0,7.0,7.0,3.0,3.0
154,CHP00403,除虫菊,1.0,16.0,16.0,5.0,5.0
155,CHP00406,楮实子,1.0,45.0,45.0,25.0,24.0
156,CHP00371,秤钩风,1.0,10.0,10.0,5.0,5.0
157,CHP00373,齿叶草,1.0,3.0,3.0,1.0,1.0
158,CHP00374,齿叶橐吾,1.0,2.0,2.0,1.0,1.0
159,CHP00376,赤瓟,1.0,8.0,8.0,5.0,5.0
160,CHP00381,赤麻,1.0,3.0,3.0,2.0,2.0
161,CHP00384,赤小豆,1.0,52.0,52.0,35.0,35.0
162,CHP00386,赤杨,1.0,31.0,31.0,17.0,16.0
163,CHP00356,车前子,1.0,42.0,42.0,35.0,35.0
164,CHP00359,车桑仔叶,1.0,5.0,5.0,3.0,3.0
165,CHP00360,沉香,1.0,259.0,259.0,137.0,136.0
166,CHP00361,陈皮,1.0,103.0,103.0,37.0,34.0
167,CHP00362,柽柳,1.0,53.0,53.0,21.0,20.0
168,CHP00364,澄茄子,1.0,4.0,4.0,1.0,1.0
169,CHP00480,大驳骨,1.0,13.0,13.0,5.0,5.0
170,CHP00482,大巢菜,1.0,5.0,5.0,3.0,3.0
171,CHP00483,大车前,1.0,21.0,21.0,11.0,11.0
172,CHP00485,大丁草,1.0,28.0,28.0,9.0,9.0
173,CHP00486,大豆,1.0,12.0,12.0,7.0,7.0
174,CHP00496,大风子,1.0,28.0,28.0,14.0,13.0
175,CHP00500,大果大戟,1.0,16.0,16.0,10.0,10.0
176,CHP00508,大花糙苏,1.0,2.0,2.0,1.0,1.0
177,CHP00457,葱,1.0,25.0,25.0,10.0,9.0
178,CHP00458,葱白,1.0,70.0,70.0,13.0,12.0
179,CHP00463,楤木,1.0,4.0,4.0,4.0,4.0
180,CHP00466,粗榧子,1.0,8.0,8.0,4.0,4.0
181,CHP00467,粗叶悬钩子,1.0,21.0,21.0,9.0,8.0
182,CHP00469,催吐萝芙木,1.0,19.0,19.0,9.0,9.0
183,CHP00470,翠雀花,1.0,52.0,52.0,30.0,30.0
184,CHP00472,打碗花,1.0,3.0,3.0,2.0,2.0
185,CHP00441,刺柏,1.0,37.0,37.0,17.0,16.0
186,CHP00443,刺果甘草,1.0,22.0,22.0,11.0,11.0
187,CHP00444,刺果苏木,1.0,36.0,36.0,24.0,24.0
188,CHP00445,刺槐花,1.0,14.0,14.0,7.0,7.0
189,CHP00448,刺梨,1.0,5.0,5.0,3.0,3.0
190,CHP00454,刺楸树皮,1.0,11.0,11.0,7.0,7.0
191,CHP00455,刺桐,1.0,104.0,104.0,41.0,41.0
192,CHP00456,刺五加,1.0,53.0,53.0,39.0,38.0
193,CHP00419,川芎,1.0,127.0,127.0,71.0,69.0
194,CHP00421,穿龙薯蓣,1.0,37.0,37.0,17.0,17.0
195,CHP00422,穿心莲,1.0,100.0,100.0,58.0,57.0
196,CHP00424,垂盆草,1.0,67.0,67.0,36.0,36.0
197,CHP00428,春福寿草,1.0,3.0,3.0,3.0,3.0
198,CHP00430,椿白皮,1.0,1.0,1.0,1.0,1.0
199,CHP00431,椿皮,1.0,95.0,95.0,56.0,55.0
200,CHP00433,莼菜,1.0,3.0,3.0,1.0,1.0
201,CHP00630,淡豆豉,1.0,23.0,23.0,18.0,18.0
202,CHP00635,淡竹叶,1.0,1.0,1.0,1.0,1.0
203,CHP00638,当归,1.0,171.0,171.0,84.0,82.0
204,CHP00641,党参,1.0,65.0,65.0,50.0,50.0
205,CHP00642,刀豆,1.0,25.0,25.0,21.0,21.0
206,CHP00649,倒吊笔,1.0,2.0,2.0,2.0,2.0
207,CHP00604,大叶紫珠,1.0,9.0,9.0,5.0,5.0
208,CHP00608,大枣,1.0,164.0,164.0,108.0,103.0
209,CHP00612,代代花,1.0,96.0,96.0,48.0,45.0
210,CHP00617,丹参,1.0,235.0,235.0,183.0,176.0
211,CHP00628,胆木,1.0,13.0,13.0,5.0,5.0
212,CHP00560,大头橐吾,1.0,6.0,6.0,3.0,3.0
213,CHP00571,大叶桉叶,1.0,7.0,7.0,2.0,2.0
214,CHP00573,大叶柴胡,1.0,9.0,9.0,5.0,5.0
215,CHP00576,大叶骨碎补,1.0,4.0,4.0,3.0,3.0
216,CHP00583,大叶蒟,1.0,2.0,2.0,2.0,2.0
217,CHP00595,大叶糖胶树,1.0,45.0,45.0,29.0,27.0
218,CHP00597,大叶仙茅,1.0,24.0,24.0,13.0,12.0
219,CHP00513,大黄,1.0,205.0,205.0,127.0,126.0
220,CHP00514,大黄花,1.0,9.0,9.0,6.0,6.0
221,CHP00519,大戟,1.0,107.0,107.0,58.0,58.0
222,CHP00520,大蓟,1.0,69.0,69.0,38.0,37.0
223,CHP00533,大麻叶泽兰,1.0,8.0,8.0,4.0,4.0
224,CHP00541,大青,1.0,2.0,2.0,1.0,1.0
225,CHP00543,板蓝根,1.0,193.0,193.0,124.0,118.0
226,CHP00557,大蒜,1.0,80.0,80.0,38.0,38.0
227,CHP05635,紫花地丁,1.0,4.0,4.0,1.0,1.0
228,CHP05638,紫花景天,1.0,3.0,3.0,1.0,1.0
229,CHP05646,紫金牛,1.0,122.0,122.0,68.0,65.0
230,CHP05647,紫金牛根,1.0,7.0,7.0,3.0,2.0
231,CHP05662,紫茉莉,1.0,8.0,8.0,5.0,4.0
232,CHP05663,紫茉莉根,1.0,3.0,3.0,2.0,2.0
233,CHP05670,紫萁,1.0,2.0,2.0,2.0,2.0
234,CHP05592,苎麻根,1.0,1.0,1.0,1.0,1.0
235,CHP05612,梓木,1.0,7.0,7.0,1.0,1.0
236,CHP05615,梓叶,1.0,21.0,21.0,13.0,13.0
237,CHP05634,紫红獐牙菜,1.0,8.0,8.0,3.0,3.0
238,CHP05553,猪屎豆,1.0,3.0,3.0,2.0,1.0
239,CHP05557,猪鬃草,1.0,17.0,17.0,11.0,11.0
240,CHP05563,竹柏根,1.0,4.0,4.0,2.0,2.0
241,CHP05565,竹节参,1.0,12.0,12.0,9.0,9.0
242,CHP05581,竹叶柴胡,1.0,2.0,2.0,1.0,1.0
243,CHP05582,竹叶椒,1.0,10.0,10.0,3.0,3.0
244,CHP05501,枳实,1.0,6.0,6.0,5.0,3.0
245,CHP05512,肿柄菊,1.0,13.0,13.0,9.0,9.0
246,CHP05515,重楼,1.0,31.0,31.0,16.0,16.0
247,CHP05541,珠子参,1.0,5.0,5.0,2.0,2.0
248,CHP05542,珠子草,1.0,13.0,13.0,7.0,7.0
249,CHP05548,猪毛蒿,1.0,3.0,3.0,1.0,1.0
250,CHP00746,滇茜草,1.0,31.0,31.0,29.0,29.0
251,CHP00756,颠茄,1.0,11.0,11.0,6.0,6.0
252,CHP00762,吊干麻,1.0,22.0,22.0,9.0,9.0
253,CHP00767,钓樟根皮,1.0,8.0,8.0,2.0,2.0
254,CHP00770,调经草,1.0,5.0,5.0,3.0,3.0
255,CHP00772,跌打老,1.0,16.0,16.0,12.0,11.0
256,CHP00720,地榆,1.0,95.0,95.0,80.0,80.0
257,CHP00722,灯笼草,1.0,10.0,10.0,6.0,6.0
258,CHP00724,灯笼泡,1.0,5.0,5.0,2.0,2.0
259,CHP00726,灯心草,1.0,37.0,37.0,16.0,15.0
260,CHP00728,灯油藤子,1.0,7.0,7.0,4.0,4.0
261,CHP00729,灯盏细辛,1.0,17.0,17.0,14.0,14.0
262,CHP00731,棣棠花,1.0,12.0,12.0,6.0,6.0
263,CHP00742,滇黄芩,1.0,10.0,10.0,5.0,5.0
264,CHP00676,地肤子,1.0,10.0,10.0,7.0,7.0
265,CHP00678,地骨皮,1.0,34.0,34.0,20.0,20.0
266,CHP00683,地瓜子,1.0,25.0,25.0,12.0,11.0
267,CHP00689,地黄,1.0,285.0,285.0,192.0,192.0
268,CHP00693,地锦,1.0,6.0,6.0,3.0,3.0
269,CHP00694,地锦草,1.0,38.0,38.0,25.0,25.0
270,CHP00708,地刷子,1.0,15.0,15.0,9.0,9.0
271,CHP00710,地梭罗,1.0,35.0,35.0,11.0,11.0
272,CHP00660,稻草,1.0,27.0,27.0,17.0,16.0
273,CHP00662,稻芽,1.0,2.0,2.0,2.0,2.0
274,CHP00667,地柏枝,1.0,1.0,1.0,1.0,1.0
275,CHP00668,地不容,1.0,25.0,25.0,11.0,11.0
276,CHP00670,地胆草,1.0,10.0,10.0,6.0,6.0
277,CHP00672,地耳草,1.0,98.0,98.0,44.0,39.0
278,CHP00673,地枫皮,1.0,56.0,56.0,34.0,34.0
279,CHP00859,独角莲,1.0,8.0,8.0,5.0,3.0
280,CHP00872,独一味,1.0,26.0,26.0,17.0,16.0
281,CHP00875,杜茎山,1.0,25.0,25.0,15.0,10.0
282,CHP00876,杜鹃花,1.0,11.0,11.0,4.0,4.0
283,CHP00879,杜鹃花叶,1.0,2.0,2.0,1.0,1.0
284,CHP00882,杜松,1.0,17.0,17.0,10.0,10.0
285,CHP00883,杜松实,1.0,7.0,7.0,1.0,1.0
286,CHP00819,冬葵果,1.0,80.0,80.0,43.0,41.0
287,CHP00824,冬凌草,1.0,50.0,50.0,45.0,45.0
288,CHP00828,冬珊瑚,1.0,5.0,5.0,2.0,1.0
289,CHP00844,豆蔻,1.0,66.0,66.0,36.0,30.0
290,CHP00849,豆油,1.0,10.0,10.0,6.0,5.0
291,CHP00853,毒芹根,1.0,10.0,10.0,4.0,4.0
292,CHP00854,毒蛆草,1.0,3.0,3.0,1.0,1.0
293,CHP00857,独活,1.0,108.0,108.0,55.0,54.0
294,CHP00801,东当归,1.0,2.0,2.0,1.0,1.0
295,CHP00802,东方狗脊,1.0,12.0,12.0,7.0,7.0
296,CHP00803,东方荚果蕨,1.0,9.0,9.0,5.0,5.0
297,CHP00806,东风橘根,1.0,27.0,27.0,5.0,5.0
298,CHP00812,冬瓜皮,1.0,174.0,174.0,84.0,84.0
299,CHP00816,冬瓜子,1.0,39.0,39.0,20.0,20.0
300,CHP00775,丁公藤,1.0,60.0,60.0,37.0,37.0
301,CHP00778,丁茄,1.0,9.0,9.0,1.0,1.0
302,CHP00779,丁香,1.0,137.0,137.0,61.0,59.0
303,CHP00791,定木香,1.0,22.0,22.0,16.0,16.0
304,CHP00793,东北刺人参,1.0,16.0,16.0,1.0,1.0
305,CHP00795,东北蛔蒿,1.0,3.0,3.0,3.0,3.0
306,CHP00797,东北雷公藤,1.0,38.0,38.0,25.0,25.0
307,CHP00799,东北延胡索,1.0,4.0,4.0,2.0,2.0
308,CHP00984,番荔枝,1.0,285.0,285.0,149.0,146.0
309,CHP00987,番木瓜,1.0,24.0,24.0,16.0,16.0
310,CHP00988,番木瓜叶,1.0,1.0,1.0,1.0,1.0
311,CHP00989,番茄,1.0,53.0,53.0,31.0,30.0
312,CHP00990,番石榴,1.0,12.0,12.0,2.0,2.0
313,CHP00993,番石榴皮,1.0,2.0,2.0,2.0,2.0
314,CHP00994,番石榴叶,1.0,3.0,3.0,3.0,3.0
315,CHP00957,鹅不食草,1.0,49.0,49.0,38.0,38.0
316,CHP00963,鹅绒藤,1.0,6.0,6.0,2.0,2.0
317,CHP00965,鹅掌楸,1.0,12.0,12.0,10.0,10.0
318,CHP00969,鄂报春,1.0,3.0,3.0,1.0,1.0
319,CHP00970,鄂北贝母,1.0,8.0,8.0,6.0,6.0
320,CHP00972,儿茶,1.0,41.0,41.0,27.0,27.0
321,CHP00973,儿茶钩藤,1.0,10.0,10.0,7.0,6.0
322,CHP00974,耳草,1.0,11.0,11.0,5.0,5.0
323,CHP00928,多花蒿,1.0,10.0,10.0,10.0,10.0
324,CHP00936,多裂委陵菜,1.0,3.0,3.0,2.0,2.0
325,CHP00940,多穗蓼,1.0,6.0,6.0,2.0,2.0
326,CHP00945,多穗石柯叶,1.0,8.0,8.0,5.0,5.0
327,CHP00947,多足蕨,1.0,9.0,9.0,8.0,8.0
328,CHP00948,莪术,1.0,226.0,226.0,137.0,127.0
329,CHP00949,峨参,1.0,16.0,16.0,8.0,8.0
330,CHP00884,杜仲,1.0,85.0,85.0,64.0,62.0
331,CHP00885,杜仲叶,1.0,73.0,73.0,53.0,52.0
332,CHP00887,短瓣花,1.0,14.0,14.0,8.0,8.0
333,CHP00902,断节参,1.0,3.0,3.0,2.0,2.0
334,CHP00906,堆心菊,1.0,25.0,25.0,12.0,12.0
335,CHP00923,盾叶薯蓣,1.0,11.0,11.0,5.0,5.0
336,CHP01065,凤尾草,1.0,56.0,56.0,30.0,30.0
337,CHP01073,凤仙透骨草,1.0,46.0,46.0,28.0,27.0
338,CHP01076,凤眼草,1.0,8.0,8.0,8.0,8.0
339,CHP01083,扶桑花,1.0,3.0,3.0,1.0,1.0
340,CHP01089,佛甲草,1.0,8.0,8.0,4.0,4.0
341,CHP01040,粪箕笃,1.0,4.0,4.0,2.0,2.0
342,CHP01042,风轮菜,1.0,40.0,40.0,23.0,23.0
343,CHP01043,风毛菊,1.0,8.0,8.0,3.0,3.0
344,CHP01045,风藤,1.0,89.0,89.0,61.0,60.0
345,CHP01050,风箱树叶,1.0,1.0,1.0,1.0,1.0
346,CHP01054,枫香寄生,1.0,3.0,3.0,3.0,3.0
347,CHP01058,蜂斗菜,1.0,94.0,94.0,46.0,43.0
348,CHP01015,飞廉,1.0,11.0,11.0,4.0,4.0
349,CHP01016,飞龙掌血,1.0,11.0,11.0,2.0,2.0
350,CHP01019,飞燕草,1.0,17.0,17.0,10.0,10.0
351,CHP01029,肺形草,1.0,5.0,5.0,4.0,4.0
352,CHP01035,粉葛,1.0,5.0,5.0,2.0,2.0
353,CHP00997,番泻叶,1.0,22.0,22.0,11.0,10.0
354,CHP00998,翻白草,1.0,15.0,15.0,9.0,8.0
355,CHP01002,繁缕,1.0,9.0,9.0,4.0,4.0
356,CHP01007,防风,1.0,38.0,38.0,30.0,28.0
357,CHP01008,防风草,1.0,4.0,4.0,3.0,3.0
358,CHP01011,防己,1.0,41.0,41.0,31.0,29.0
359,CHP01167,高山黄华,1.0,6.0,6.0,3.0,3.0
360,CHP01168,高山火绒草,1.0,17.0,17.0,10.0,10.0
361,CHP01170,高山辣根菜,1.0,1.0,1.0,1.0,1.0
362,CHP01171,高山龙胆,1.0,11.0,11.0,4.0,3.0
363,CHP01176,高乌头,1.0,5.0,5.0,2.0,2.0
364,CHP01180,藁本,1.0,37.0,37.0,21.0,20.0
365,CHP01181,戈壁天门冬,1.0,10.0,10.0,6.0,6.0
366,CHP01138,橄榄,1.0,25.0,25.0,13.0,13.0
367,CHP01143,干地黄,1.0,21.0,21.0,2.0,2.0
368,CHP01144,干冬菜,1.0,2.0,2.0,1.0,1.0
369,CHP01146,干姜,1.0,106.0,106.0,68.0,64.0
370,CHP01159,杠香藤,1.0,3.0,3.0,2.0,2.0
371,CHP01161,高良姜,1.0,51.0,51.0,17.0,17.0
372,CHP01163,高粱,1.0,6.0,6.0,4.0,4.0
373,CHP01122,甘葛藤根,1.0,3.0,3.0,1.0,1.0
374,CHP01123,甘菊,1.0,2.0,2.0,2.0,2.0
375,CHP01125,甘青铁线莲,1.0,6.0,6.0,3.0,3.0
376,CHP01126,甘薯,1.0,8.0,8.0,6.0,6.0
377,CHP01127,甘松,1.0,50.0,50.0,38.0,38.0
378,CHP01130,甘遂,1.0,63.0,63.0,51.0,51.0
379,CHP01131,甘西鼠尾草,1.0,20.0,20.0,10.0,10.0
380,CHP01132,肝风草,1.0,18.0,18.0,12.0,12.0
381,CHP01091,佛手,1.0,51.0,51.0,30.0,26.0
382,CHP01096,浮萍,1.0,38.0,38.0,27.0,26.0
383,CHP01099,浮叶眼子菜,1.0,13.0,13.0,7.0,7.0
384,CHP01104,福寿草,1.0,20.0,20.0,1.0,1.0
385,CHP01110,附子,1.0,81.0,81.0,70.0,69.0
386,CHP01114,覆盆子,1.0,52.0,52.0,25.0,25.0
387,CHP01118,甘草,1.0,341.0,341.0,177.0,175.0
388,CHP01257,关苍术,1.0,4.0,4.0,2.0,2.0
389,CHP01260,关黄柏,1.0,70.0,70.0,46.0,46.0
390,CHP01261,关木通,1.0,12.0,12.0,6.0,6.0
391,CHP01269,管花肉苁蓉,1.0,10.0,10.0,5.0,5.0
392,CHP01272,贯叶连翘,1.0,32.0,32.0,20.0,17.0
393,CHP01273,贯众,1.0,37.0,37.0,20.0,14.0
394,CHP01288,光叶巴豆,1.0,24.0,24.0,12.0,12.0
395,CHP01236,枸杞子,1.0,137.0,137.0,93.0,90.0
396,CHP01241,古柯,1.0,12.0,12.0,8.0,8.0
397,CHP01242,谷精草,1.0,20.0,20.0,14.0,14.0
398,CHP01244,骨节草,1.0,6.0,6.0,5.0,3.0
399,CHP01245,骨碎补,1.0,37.0,37.0,35.0,35.0
400,CHP01246,瓜蒌,1.0,90.0,90.0,68.0,65.0
401,CHP01256,关白附,1.0,16.0,16.0,9.0,9.0
402,CHP01222,狗牙花,1.0,45.0,45.0,30.0,30.0
403,CHP01226,枸骨根,1.0,1.0,1.0,1.0,1.0
404,CHP01228,枸骨叶,1.0,44.0,44.0,34.0,34.0
405,CHP01230,枸橘,1.0,12.0,12.0,4.0,4.0
406,CHP01235,枸杞叶,1.0,14.0,14.0,9.0,8.0
407,CHP01183,茖葱,1.0,6.0,6.0,2.0,2.0
408,CHP01185,葛根,1.0,43.0,43.0,27.0,27.0
409,CHP01187,葛花,1.0,63.0,63.0,43.0,41.0
410,CHP01206,钩藤,1.0,174.0,174.0,98.0,94.0
411,CHP01207,钩吻,1.0,77.0,77.0,38.0,36.0
412,CHP05477,知母,1.0,91.0,91.0,72.0,72.0
413,CHP05478,栀子,1.0,48.0,48.0,18.0,18.0
414,CHP05481,栀子叶,1.0,1.0,1.0,1.0,1.0
415,CHP05486,蜘蛛香,1.0,10.0,10.0,6.0,6.0
416,CHP05489,止泻木皮,1.0,43.0,43.0,24.0,24.0
417,CHP05499,枳椇子,1.0,5.0,5.0,1.0,1.0
418,CHP05435,长尾复叶耳蕨,1.0,1.0,1.0,1.0,1.0
419,CHP05450,照山白,1.0,2.0,2.0,1.0,1.0
420,CHP05456,浙贝母,1.0,3.0,3.0,2.0,2.0
421,CHP05461,鹧鸪菜,1.0,1.0,1.0,1.0,1.0
422,CHP05467,真藓,1.0,1.0,1.0,1.0,1.0
423,CHP05392,粘毛鼠尾草,1.0,4.0,4.0,2.0,2.0
424,CHP05402,獐牙菜,1.0,37.0,37.0,11.0,11.0
425,CHP05403,樟梨,1.0,5.0,5.0,3.0,3.0
426,CHP05409,樟树皮,1.0,4.0,4.0,3.0,3.0
427,CHP05417,长春花,1.0,95.0,95.0,56.0,56.0
428,CHP05427,长管香茶菜,1.0,22.0,22.0,15.0,15.0
429,CHP05364,仔榄树,1.0,2.0,2.0,2.0,2.0
430,CHP05370,皂荚,1.0,22.0,22.0,12.0,11.0
431,CHP05373,皂角刺,1.0,2.0,2.0,1.0,1.0
432,CHP05376,泽兰,1.0,45.0,45.0,24.0,24.0
433,CHP05377,泽漆,1.0,39.0,39.0,25.0,25.0
434,CHP05380,泽泻,1.0,24.0,24.0,23.0,23.0
435,CHP05383,泽珍珠菜,1.0,2.0,2.0,2.0,2.0
436,CHP01356,合欢皮,1.0,35.0,35.0,23.0,23.0
437,CHP01357,何首乌,1.0,34.0,34.0,17.0,17.0
438,CHP01359,河套大黄,1.0,2.0,2.0,2.0,2.0
439,CHP01363,荷花玉兰,1.0,11.0,11.0,6.0,6.0
440,CHP01364,荷叶,1.0,31.0,31.0,18.0,18.0
441,CHP01367,核桃仁,1.0,58.0,58.0,31.0,29.0
442,CHP01344,海藻,1.0,38.0,38.0,22.0,22.0
443,CHP01345,海州骨碎补,1.0,10.0,10.0,6.0,6.0
444,CHP01346,含羞草,1.0,8.0,8.0,3.0,3.0
445,CHP01347,韩信草,1.0,4.0,4.0,2.0,2.0
446,CHP01348,蔊菜,1.0,2.0,2.0,1.0,1.0
447,CHP01350,旱芹,1.0,27.0,27.0,17.0,16.0
448,CHP01351,诃子,1.0,34.0,34.0,25.0,25.0
449,CHP01326,桂枝,1.0,57.0,57.0,17.0,17.0
450,CHP01327,桂竹香,1.0,3.0,3.0,2.0,2.0
451,CHP01334,海带,1.0,65.0,65.0,26.0,25.0
452,CHP01337,海红豆,1.0,6.0,6.0,3.0,3.0
453,CHP01338,海金砂,1.0,28.0,28.0,12.0,10.0
454,CHP01339,海韭菜,1.0,4.0,4.0,2.0,2.0
455,CHP01340,海南粗榧,1.0,36.0,36.0,23.0,23.0
456,CHP01342,海南买麻藤,1.0,13.0,13.0,7.0,7.0
457,CHP01296,广金钱草,1.0,21.0,21.0,6.0,6.0
458,CHP01299,广西莪术,1.0,12.0,12.0,6.0,6.0
459,CHP01309,鬼箭锦鸡儿,1.0,11.0,11.0,7.0,7.0
460,CHP01310,鬼箭羽,1.0,42.0,42.0,14.0,13.0
461,CHP01312,鬼针草,1.0,15.0,15.0,10.0,10.0
462,CHP01316,桂花,1.0,8.0,8.0,6.0,5.0
463,CHP01323,桂皮,1.0,11.0,11.0,6.0,5.0
464,CHP01463,红毛野海棠,1.0,2.0,2.0,1.0,1.0
465,CHP01472,红楠,1.0,6.0,6.0,6.0,6.0
466,CHP01477,红芪,1.0,47.0,47.0,23.0,23.0
467,CHP01480,红雀珊瑚,1.0,2.0,2.0,2.0,2.0
468,CHP01486,红藤,1.0,29.0,29.0,19.0,19.0
469,CHP01424,红厚壳,1.0,40.0,40.0,17.0,15.0
470,CHP01425,红花,1.0,114.0,114.0,86.0,81.0
471,CHP01430,红花龙胆,1.0,3.0,3.0,1.0,1.0
472,CHP01431,红花鹿蹄草,1.0,8.0,8.0,5.0,5.0
473,CHP01449,红景天,1.0,44.0,44.0,11.0,10.0
474,CHP01460,红毛七,1.0,9.0,9.0,4.0,4.0
475,CHP01398,黑种草,1.0,7.0,7.0,3.0,3.0
476,CHP01403,衡州乌药,1.0,7.0,7.0,2.0,2.0
477,CHP01408,红参,1.0,53.0,53.0,39.0,39.0
478,CHP01409,红车轴草,1.0,21.0,21.0,7.0,7.0
479,CHP01412,红椿,1.0,5.0,5.0,3.0,2.0
480,CHP01414,红豆蔻,1.0,42.0,42.0,19.0,17.0
481,CHP01416,红豆杉,1.0,548.0,548.0,326.0,325.0
482,CHP01420,红根草,1.0,6.0,6.0,3.0,3.0
483,CHP01370,鹤虱,1.0,29.0,29.0,13.0,13.0
484,CHP01374,黑豆,1.0,120.0,120.0,54.0,52.0
485,CHP01375,黑豆衣,1.0,2.0,2.0,1.0,1.0
486,CHP01376,黑杠柳,1.0,7.0,7.0,5.0,5.0
487,CHP01381,黑壳楠,1.0,8.0,8.0,4.0,4.0
488,CHP01382,黑老虎,1.0,48.0,48.0,32.0,32.0
489,CHP01566,花锚,1.0,4.0,4.0,2.0,2.0
490,CHP01568,花楸,1.0,5.0,5.0,3.0,3.0
491,CHP01570,花生油,1.0,3.0,3.0,2.0,2.0
492,CHP01573,花叶假杜鹃,1.0,7.0,7.0,4.0,4.0
493,CHP01578,华北白前,1.0,13.0,13.0,5.0,5.0
494,CHP01580,华东膜蕨,1.0,25.0,25.0,25.0,25.0
495,CHP01593,华南吴茱萸,1.0,4.0,4.0,2.0,1.0
496,CHP01594,华南皂荚,1.0,1.0,1.0,1.0,1.0
497,CHP01549,蝴蝶花,1.0,7.0,7.0,5.0,5.0
498,CHP01550,虎刺,1.0,17.0,17.0,7.0,7.0
499,CHP01551,虎耳草,1.0,7.0,7.0,5.0,5.0
500,CHP01558,虎掌草,1.0,5.0,5.0,3.0,3.0
501,CHP01560,虎杖,1.0,14.0,14.0,8.0,8.0
502,CHP01561,花椒,1.0,83.0,83.0,44.0,40.0
503,CHP01524,胡桃树皮,1.0,8.0,8.0,4.0,4.0
504,CHP01525,胡桃叶,1.0,2.0,2.0,1.0,1.0
505,CHP01534,葫芦茶,1.0,12.0,12.0,6.0,6.0
506,CHP01537,湖北贝母,1.0,9.0,9.0,5.0,5.0
507,CHP01540,湖北黄精,1.0,13.0,13.0,7.0,7.0
508,CHP01543,槲寄生,1.0,61.0,61.0,36.0,36.0
509,CHP01546,槲叶,1.0,1.0,1.0,1.0,1.0
510,CHP01506,厚皮香,1.0,7.0,7.0,4.0,4.0
511,CHP01508,厚朴,1.0,121.0,121.0,60.0,58.0
512,CHP01514,胡黄连,1.0,74.0,74.0,45.0,44.0
513,CHP01515,胡椒,1.0,134.0,134.0,73.0,73.0
514,CHP01516,胡芦巴,1.0,144.0,144.0,95.0,93.0
515,CHP01517,胡萝卜,1.0,8.0,8.0,5.0,5.0
516,CHP01519,胡萝卜子,1.0,43.0,43.0,27.0,27.0
517,CHP01682,黄精,1.0,33.0,33.0,21.0,18.0
518,CHP01690,黄连,1.0,24.0,24.0,16.0,16.0
519,CHP01693,黄龙胆,1.0,16.0,16.0,7.0,7.0
520,CHP01695,黄栌,1.0,5.0,5.0,3.0,2.0
521,CHP01702,黄麻叶,1.0,7.0,7.0,3.0,3.0
522,CHP01708,黄缅桂,1.0,2.0,2.0,2.0,2.0
523,CHP01712,黄皮根,1.0,2.0,2.0,1.0,1.0
524,CHP01663,黄花稔,1.0,11.0,11.0,4.0,4.0
525,CHP01665,黄花铁线莲,1.0,3.0,3.0,1.0,1.0
526,CHP01669,黄花远志,1.0,21.0,21.0,11.0,10.0
527,CHP01675,黄堇,1.0,3.0,3.0,1.0,1.0
528,CHP01676,黄荆,1.0,15.0,15.0,8.0,8.0
529,CHP01677,黄荆根,1.0,2.0,2.0,1.0,1.0
530,CHP01679,黄荆叶,1.0,31.0,31.0,14.0,13.0
531,CHP01681,黄荆子,1.0,103.0,103.0,56.0,54.0
532,CHP01614,桦树皮,1.0,5.0,5.0,4.0,4.0
533,CHP01620,槐,1.0,13.0,13.0,9.0,8.0
534,CHP01623,槐花,1.0,112.0,112.0,65.0,64.0
535,CHP01625,槐角,1.0,18.0,18.0,12.0,12.0
536,CHP01630,黄柏,1.0,54.0,54.0,33.0,33.0
537,CHP01641,黄甘草,1.0,4.0,4.0,2.0,2.0
538,CHP01644,黄瓜,1.0,22.0,22.0,16.0,16.0
539,CHP01656,黄花夹竹桃,1.0,37.0,37.0,22.0,22.0
540,CHP01596,华千金藤,1.0,8.0,8.0,8.0,8.0
541,CHP01598,华桑,1.0,14.0,14.0,6.0,6.0
542,CHP01599,华山参,1.0,12.0,12.0,6.0,6.0
543,CHP01600,华山矾,1.0,10.0,10.0,7.0,7.0
544,CHP01603,华泽兰,1.0,34.0,34.0,21.0,21.0
545,CHP01604,华中瘤足蕨,1.0,1.0,1.0,1.0,1.0
546,CHP01608,化橘红,1.0,33.0,33.0,17.0,16.0
547,CHP05338,云南甘草,1.0,14.0,14.0,8.0,8.0
548,CHP05355,云实叶,1.0,1.0,1.0,1.0,1.0
549,CHP05357,芸薹,1.0,2.0,2.0,1.0,1.0
550,CHP05360,芸香,1.0,42.0,42.0,15.0,13.0
551,CHP05309,圆滑番荔枝,1.0,5.0,5.0,3.0,3.0
552,CHP05313,圆叶茅膏菜,1.0,2.0,2.0,1.0,1.0
553,CHP05319,远志,1.0,120.0,120.0,73.0,70.0
554,CHP05320,月桂叶,1.0,6.0,6.0,4.0,4.0
555,CHP05322,月季花,1.0,11.0,11.0,1.0,1.0
556,CHP05325,月见草,1.0,2.0,2.0,2.0,1.0
557,CHP05329,越橘叶,1.0,3.0,3.0,2.0,2.0
558,CHP05289,玉叶金花,1.0,11.0,11.0,6.0,6.0
559,CHP05294,玉竹,1.0,12.0,12.0,9.0,9.0
560,CHP05295,芋头,1.0,4.0,4.0,4.0,4.0
561,CHP05296,郁金香,1.0,9.0,9.0,4.0,4.0
562,CHP05301,鸢尾,1.0,37.0,37.0,12.0,12.0
563,CHP05302,元宝草,1.0,8.0,8.0,1.0,1.0
564,CHP05304,圆柏,1.0,5.0,5.0,5.0,5.0
565,CHP05255,余甘子,1.0,48.0,48.0,26.0,26.0
566,CHP05261,鱼藤,1.0,40.0,40.0,11.0,11.0
567,CHP05267,鱼腥草,1.0,1.0,1.0,1.0,1.0
568,CHP05274,榆树,1.0,1.0,1.0,1.0,1.0
569,CHP05280,禹州漏芦,1.0,6.0,6.0,3.0,3.0
570,CHP05283,玉兰,1.0,44.0,44.0,29.0,29.0
571,CHP05286,玉米须,1.0,13.0,13.0,5.0,5.0
572,CHP05287,玉蜀黍,1.0,4.0,4.0,2.0,2.0
573,CHP01773,鸡肠狼毒,1.0,18.0,18.0,9.0,9.0
574,CHP01776,鸡蛋花,1.0,15.0,15.0,9.0,9.0
575,CHP01780,鸡骨草,1.0,47.0,47.0,23.0,21.0
576,CHP01783,鸡骨常山,1.0,10.0,10.0,6.0,6.0
577,CHP01756,茴芹,1.0,25.0,25.0,16.0,16.0
578,CHP01757,茴香,1.0,14.0,14.0,9.0,7.0
579,CHP01759,茴香茎叶,1.0,4.0,4.0,2.0,2.0
580,CHP01763,火索麻,1.0,8.0,8.0,6.0,6.0
581,CHP01764,火炭母草,1.0,1.0,1.0,1.0,1.0
582,CHP01767,火焰花,1.0,6.0,6.0,3.0,3.0
583,CHP01771,藿香,1.0,72.0,72.0,35.0,35.0
584,CHP01739,黄菀,1.0,7.0,7.0,3.0,3.0
585,CHP01741,黄杨,1.0,25.0,25.0,16.0,16.0
586,CHP01745,黄药子,1.0,64.0,64.0,33.0,33.0
587,CHP01750,灰叶,1.0,8.0,8.0,7.0,7.0
588,CHP01751,灰叶根,1.0,22.0,22.0,10.0,10.0
589,CHP01753,回回豆,1.0,14.0,14.0,6.0,6.0
590,CHP01716,黄皮叶,1.0,4.0,4.0,2.0,2.0
591,CHP01717,黄芪,1.0,171.0,171.0,110.0,110.0
592,CHP01719,黄杞,1.0,8.0,8.0,2.0,2.0
593,CHP01723,黄芩,1.0,46.0,46.0,28.0,27.0
594,CHP01724,黄秦艽,1.0,2.0,2.0,2.0,2.0
595,CHP01727,黄三七,1.0,7.0,7.0,5.0,5.0
596,CHP01728,黄山药,1.0,5.0,5.0,4.0,4.0
597,CHP01733,黄蜀葵花,1.0,1.0,1.0,1.0,1.0
598,CHP01868,浆果苋,1.0,1.0,1.0,1.0,1.0
599,CHP01871,降香,1.0,94.0,94.0,45.0,44.0
600,CHP01876,胶质鼠尾草,1.0,3.0,3.0,1.0,1.0
601,CHP01884,角蒿,1.0,10.0,10.0,6.0,6.0
602,CHP01886,绞股蓝,1.0,247.0,247.0,227.0,227.0
603,CHP01889,接骨木,1.0,10.0,10.0,5.0,5.0
604,CHP01840,假百合,1.0,5.0,5.0,3.0,3.0
605,CHP01846,假蒟子,1.0,8.0,8.0,3.0,3.0
606,CHP01847,假连翘,1.0,6.0,6.0,2.0,2.0
607,CHP01853,剪秋罗,1.0,3.0,3.0,1.0,1.0
608,CHP01856,见血飞,1.0,3.0,3.0,3.0,3.0
609,CHP01858,见血清,1.0,3.0,3.0,1.0,1.0
610,CHP01864,姜黄,1.0,48.0,48.0,27.0,26.0
611,CHP01815,棘豆,1.0,13.0,13.0,9.0,9.0
612,CHP01818,蒺藜,1.0,75.0,75.0,57.0,57.0
613,CHP01822,蕺叶秋海棠,1.0,3.0,3.0,2.0,2.0
614,CHP01824,荠菜,1.0,51.0,51.0,18.0,17.0
615,CHP01834,夹竹桃,1.0,58.0,58.0,26.0,25.0
616,CHP01836,荚蒾,1.0,25.0,25.0,19.0,19.0
617,CHP01795,鸡屎藤,1.0,35.0,35.0,24.0,23.0
618,CHP01797,鸡嗉子,1.0,4.0,4.0,3.0,3.0
619,CHP01801,鸡血藤,1.0,96.0,96.0,53.0,53.0
620,CHP01809,积雪草,1.0,41.0,41.0,24.0,24.0
621,CHP01810,姬蕨,1.0,6.0,6.0,4.0,4.0
622,CHP01811,吉林乌头,1.0,1.0,1.0,1.0,1.0
623,CHP01813,吉祥草,1.0,20.0,20.0,12.0,12.0
624,CHP01957,金叶子,1.0,10.0,10.0,9.0,9.0
625,CHP01958,金银花,1.0,146.0,146.0,100.0,99.0
626,CHP01963,金樱叶,1.0,1.0,1.0,1.0,1.0
627,CHP01964,金樱子,1.0,45.0,45.0,35.0,35.0
628,CHP01965,金鱼藤,1.0,11.0,11.0,7.0,7.0
629,CHP01968,金盏菊,1.0,44.0,44.0,28.0,28.0
630,CHP01973,筋骨草,1.0,39.0,39.0,29.0,29.0
631,CHP01983,荆芥,1.0,81.0,81.0,59.0,57.0
632,CHP01933,金荞麦,1.0,23.0,23.0,15.0,15.0
633,CHP01935,金雀根,1.0,1.0,1.0,1.0,1.0
634,CHP01936,金雀花,1.0,19.0,19.0,13.0,13.0
635,CHP01942,金丝桃,1.0,10.0,10.0,4.0,4.0
636,CHP01945,金铁锁,1.0,12.0,12.0,9.0,9.0
637,CHP01946,金挖耳,1.0,3.0,3.0,2.0,2.0
638,CHP01953,金腰,1.0,3.0,3.0,1.0,1.0
639,CHP01911,金果榄,1.0,15.0,15.0,11.0,11.0
640,CHP01912,金合欢,1.0,11.0,11.0,5.0,5.0
641,CHP01916,金鸡纳,1.0,24.0,24.0,15.0,15.0
642,CHP01923,金莲花,1.0,38.0,38.0,22.0,22.0
643,CHP01930,金牛草,1.0,19.0,19.0,12.0,12.0
644,CHP01931,金钱草,1.0,27.0,27.0,16.0,16.0
645,CHP01896,芥菜,1.0,7.0,7.0,3.0,3.0
646,CHP01897,芥蓝,1.0,6.0,6.0,2.0,2.0
647,CHP01898,芥子,1.0,136.0,136.0,74.0,74.0
648,CHP01903,金草,1.0,2.0,2.0,1.0,1.0
649,CHP01905,金钗凤尾蕨,1.0,11.0,11.0,7.0,7.0
650,CHP01907,金粉蕨,1.0,7.0,7.0,3.0,3.0
651,CHP02048,卷柏,1.0,25.0,25.0,18.0,17.0
652,CHP02049,卷丹,1.0,1.0,1.0,1.0,1.0
653,CHP02054,绢毛蔷薇,1.0,3.0,3.0,1.0,1.0
654,CHP02055,决明,1.0,17.0,17.0,9.0,9.0
655,CHP02056,决明子,1.0,56.0,56.0,37.0,37.0
656,CHP02057,蕨菜,1.0,47.0,47.0,14.0,14.0
657,CHP02060,爵床,1.0,29.0,29.0,15.0,14.0
658,CHP02061,君迁子,1.0,7.0,7.0,2.0,1.0
659,CHP02029,橘核,1.0,2.0,2.0,1.0,1.0
660,CHP02030,橘红,1.0,52.0,52.0,29.0,29.0
661,CHP02031,橘络,1.0,8.0,8.0,4.0,4.0
662,CHP02032,橘皮,1.0,7.0,7.0,4.0,4.0
663,CHP02035,橘子,1.0,6.0,6.0,1.0,1.0
664,CHP02037,蒟蒻薯,1.0,71.0,71.0,34.0,34.0
665,CHP02009,韭菜子,1.0,19.0,19.0,5.0,5.0
666,CHP02012,酒饼叶,1.0,7.0,7.0,4.0,4.0
667,CHP02015,救必应,1.0,9.0,9.0,5.0,5.0
668,CHP02017,桔梗,1.0,99.0,99.0,79.0,79.0
669,CHP02019,菊花,1.0,81.0,81.0,49.0,49.0
670,CHP02023,菊苣,1.0,70.0,70.0,48.0,48.0
671,CHP02025,菊芋,1.0,6.0,6.0,4.0,4.0
672,CHP01985,荆芥穗,1.0,6.0,6.0,4.0,4.0
673,CHP01988,粳米,1.0,9.0,9.0,8.0,8.0
674,CHP01990,景天,1.0,5.0,5.0,2.0,2.0
675,CHP01992,景天三七,1.0,22.0,22.0,17.0,17.0
676,CHP01996,九节茶,1.0,12.0,12.0,7.0,7.0
677,CHP01999,九里香,1.0,104.0,104.0,36.0,34.0
678,CHP02007,韭菜,1.0,4.0,4.0,3.0,3.0
679,CHP02137,苦玄参,1.0,20.0,20.0,12.0,12.0
680,CHP02155,款冬花,1.0,79.0,79.0,60.0,56.0
681,CHP02159,昆明鸡血藤,1.0,3.0,3.0,1.0,1.0
682,CHP02161,昆明山海棠,1.0,44.0,44.0,26.0,26.0
683,CHP02166,腊梅花,1.0,5.0,5.0,2.0,2.0
684,CHP02172,辣椒,1.0,108.0,108.0,52.0,47.0
685,CHP02175,辣蓼草,1.0,17.0,17.0,9.0,9.0
686,CHP02119,苦楝皮,1.0,87.0,87.0,60.0,55.0
687,CHP02121,苦楝叶,1.0,3.0,3.0,2.0,2.0
688,CHP02122,苦楝子,1.0,31.0,31.0,22.0,22.0
689,CHP02125,苦木,1.0,62.0,62.0,34.0,34.0
690,CHP02130,苦绳,1.0,3.0,3.0,3.0,3.0
691,CHP02131,苦树皮,1.0,58.0,58.0,20.0,19.0
692,CHP02133,苦檀子,1.0,6.0,6.0,1.0,1.0
693,CHP02090,苦参,1.0,94.0,94.0,71.0,71.0
694,CHP02095,苦地丁,1.0,27.0,27.0,22.0,22.0
695,CHP02096,苦碟子,1.0,2.0,2.0,1.0,1.0
696,CHP02098,苦丁茶,1.0,127.0,127.0,87.0,85.0
697,CHP02100,苦豆子,1.0,2.0,2.0,1.0,1.0
698,CHP02104,苦瓜,1.0,4.0,4.0,2.0,2.0
699,CHP02109,苦蒿,1.0,12.0,12.0,6.0,6.0
700,CHP02114,苦苣,1.0,7.0,7.0,6.0,6.0
701,CHP02062,咖啡,1.0,2.0,2.0,1.0,1.0
702,CHP02063,开口箭,1.0,50.0,50.0,29.0,29.0
703,CHP02065,看麦娘状莎草,1.0,15.0,15.0,8.0,8.0
704,CHP02074,榼藤子,1.0,5.0,5.0,3.0,3.0
705,CHP02077,刻裂紫堇,1.0,13.0,13.0,4.0,4.0
706,CHP02082,孔雀草,1.0,10.0,10.0,5.0,5.0
707,CHP02084,苦艾,1.0,2.0,2.0,1.0,1.0
708,CHP02085,苦芺,1.0,3.0,3.0,2.0,2.0
709,CHP02298,连翘,1.0,116.0,116.0,86.0,82.0
710,CHP02304,莲房,1.0,5.0,5.0,5.0,5.0
711,CHP02305,莲花,1.0,17.0,17.0,6.0,5.0
712,CHP02308,莲生桂子花,1.0,11.0,11.0,6.0,6.0
713,CHP02313,莲子草,1.0,8.0,8.0,4.0,4.0
714,CHP02314,莲子心,1.0,11.0,11.0,7.0,7.0
715,CHP02272,藜芦,1.0,38.0,38.0,23.0,22.0
716,CHP02279,荔枝核,1.0,19.0,19.0,10.0,10.0
717,CHP02282,荔枝叶,1.0,6.0,6.0,5.0,5.0
718,CHP02297,连钱草,1.0,61.0,61.0,36.0,36.0
719,CHP02219,莨菪叶,1.0,38.0,38.0,25.0,24.0
720,CHP02222,老鹳草,1.0,22.0,22.0,12.0,12.0
721,CHP02239,老鼠瓜,1.0,5.0,5.0,2.0,2.0
722,CHP02240,老鼠簕,1.0,20.0,20.0,12.0,12.0
723,CHP02244,老鸦柿,1.0,6.0,6.0,3.0,3.0
724,CHP02250,了哥王根,1.0,7.0,7.0,6.0,6.0
725,CHP02254,雷公藤,1.0,257.0,257.0,189.0,187.0
726,CHP02176,辣木,1.0,118.0,118.0,82.0,82.0
727,CHP02180,莱菔子,1.0,34.0,34.0,15.0,15.0
728,CHP02209,狼毒,1.0,36.0,36.0,23.0,23.0
729,CHP02218,莨菪根,1.0,4.0,4.0,2.0,2.0
730,CHP05205,迎春花,1.0,13.0,13.0,9.0,9.0
731,CHP05211,瘿花香茶菜,1.0,6.0,6.0,3.0,3.0
732,CHP05218,永宁独活,1.0,5.0,5.0,2.0,2.0
733,CHP05221,油茶根皮,1.0,7.0,7.0,3.0,3.0
734,CHP05224,油茶子,1.0,6.0,6.0,3.0,3.0
735,CHP05229,油柑叶,1.0,6.0,6.0,5.0,5.0
736,CHP05248,柚花,1.0,21.0,21.0,5.0,5.0
737,CHP05186,银杏叶,1.0,44.0,44.0,18.0,17.0
738,CHP05190,淫羊藿,1.0,165.0,165.0,103.0,103.0
739,CHP05194,罂粟,1.0,7.0,7.0,6.0,6.0
740,CHP05195,罂粟壳,1.0,3.0,3.0,3.0,3.0
741,CHP05174,银柴胡,1.0,6.0,6.0,3.0,3.0
742,CHP05183,银线草,1.0,7.0,7.0,4.0,4.0
743,CHP05185,银杏,1.0,42.0,42.0,31.0,29.0
744,CHP05140,一枝黄花,1.0,19.0,19.0,11.0,11.0
745,CHP05154,异叶梁王茶,1.0,8.0,8.0,4.0,4.0
746,CHP05157,益母草,1.0,69.0,69.0,42.0,42.0
747,CHP05159,益智,1.0,12.0,12.0,11.0,11.0
748,CHP05160,益智仁,1.0,5.0,5.0,1.0,1.0
749,CHP05162,薏苡仁,1.0,6.0,6.0,2.0,2.0
750,CHP05163,翼首草,1.0,14.0,14.0,10.0,10.0
751,CHP02427,龙眼肉,1.0,1.0,1.0,1.0,1.0
752,CHP02429,龙眼叶,1.0,6.0,6.0,3.0,3.0
753,CHP02439,耧斗菜,1.0,16.0,16.0,10.0,10.0
754,CHP02440,漏芦,1.0,26.0,26.0,14.0,14.0
755,CHP02441,芦根,1.0,24.0,24.0,11.0,11.0
756,CHP02443,芦荟,1.0,65.0,65.0,38.0,37.0
757,CHP02450,芦竹根,1.0,11.0,11.0,3.0,3.0
758,CHP02400,龙胆草,1.0,65.0,65.0,41.0,40.0
759,CHP02405,龙葵,1.0,55.0,55.0,39.0,39.0
760,CHP02406,龙葵根,1.0,48.0,48.0,33.0,32.0
761,CHP02410,龙脑膏香,1.0,15.0,15.0,11.0,11.0
762,CHP02412,龙舌兰,1.0,28.0,28.0,19.0,19.0
763,CHP02416,龙须藤,1.0,28.0,28.0,25.0,25.0
764,CHP02418,龙血树,1.0,22.0,22.0,10.0,9.0
765,CHP02420,龙牙楤木,1.0,5.0,5.0,3.0,3.0
766,CHP02355,铃兰,1.0,20.0,20.0,10.0,10.0
767,CHP02356,凌霄,1.0,6.0,6.0,2.0,2.0
768,CHP02357,凌霄花,1.0,33.0,33.0,19.0,18.0
769,CHP02367,琉璃草,1.0,27.0,27.0,15.0,15.0
770,CHP02371,柳穿鱼,1.0,9.0,9.0,4.0,4.0
771,CHP02375,柳杉,1.0,21.0,21.0,14.0,14.0
772,CHP02391,六棱菊,1.0,28.0,28.0,15.0,15.0
773,CHP02323,两面针,1.0,43.0,43.0,28.0,26.0
774,CHP02327,两头尖,1.0,26.0,26.0,17.0,17.0
775,CHP02333,亮叶桦皮,1.0,3.0,3.0,2.0,2.0
776,CHP02337,辽东楤木,1.0,19.0,19.0,9.0,9.0
777,CHP02339,蓼实,1.0,2.0,2.0,2.0,2.0
778,CHP02340,列当,1.0,5.0,5.0,4.0,3.0
779,CHP02342,裂果薯,1.0,17.0,17.0,9.0,9.0
780,CHP02353,灵香草,1.0,26.0,26.0,16.0,15.0
781,CHP02519,落葵,1.0,1.0,1.0,1.0,1.0
782,CHP02520,落葵花,1.0,9.0,9.0,7.0,7.0
783,CHP02526,吕宋果,1.0,10.0,10.0,5.0,5.0
784,CHP02528,绿豆,1.0,38.0,38.0,20.0,20.0
785,CHP02504,罗勒子,1.0,1.0,1.0,1.0,1.0
786,CHP02507,萝芙木,1.0,28.0,28.0,17.0,17.0
787,CHP02510,萝藦,1.0,14.0,14.0,8.0,8.0
788,CHP02511,萝藦子,1.0,5.0,5.0,5.0,5.0
789,CHP02514,骆驼蓬,1.0,5.0,5.0,3.0,3.0
790,CHP02516,落地生根,1.0,5.0,5.0,4.0,4.0
791,CHP02517,落花生,1.0,24.0,24.0,14.0,13.0
792,CHP02484,轮环藤,1.0,15.0,15.0,8.0,8.0
793,CHP02488,罗布麻,1.0,12.0,12.0,10.0,10.0
794,CHP02489,罗布麻叶,1.0,25.0,25.0,12.0,12.0
795,CHP02494,罗锅底,1.0,9.0,9.0,5.0,5.0
796,CHP02495,罗汉果,1.0,102.0,102.0,69.0,67.0
797,CHP02498,罗汉松,1.0,18.0,18.0,10.0,10.0
798,CHP02500,罗汉松实,1.0,17.0,17.0,9.0,9.0
799,CHP02501,罗汉松叶,1.0,9.0,9.0,5.0,5.0
800,CHP02457,陆英,1.0,2.0,2.0,1.0,1.0
801,CHP02459,鹿葱,1.0,1.0,1.0,1.0,1.0
802,CHP02463,鹿角菜,1.0,7.0,7.0,4.0,4.0
803,CHP02469,鹿衔草,1.0,11.0,11.0,7.0,7.0
804,CHP02472,路路通,1.0,10.0,10.0,10.0,10.0
805,CHP02477,露蕊乌头,1.0,5.0,5.0,3.0,3.0
806,CHP02478,露水草,1.0,10.0,10.0,5.0,5.0
807,CHP02600,马银花,1.0,2.0,2.0,1.0,1.0
808,CHP02602,马醉木,1.0,14.0,14.0,10.0,10.0
809,CHP02604,买麻藤,1.0,39.0,39.0,25.0,25.0
810,CHP02606,麦冬,1.0,70.0,70.0,36.0,35.0
811,CHP02609,麦瓶草,1.0,1.0,1.0,1.0,1.0
812,CHP02612,麦芽,1.0,26.0,26.0,17.0,14.0
813,CHP02618,满山红,1.0,43.0,43.0,29.0,29.0
814,CHP02621,曼陀罗,1.0,44.0,44.0,30.0,30.0
815,CHP02568,马兜铃,1.0,85.0,85.0,45.0,44.0
816,CHP02583,马铃薯,1.0,5.0,5.0,3.0,2.0
817,CHP02585,马钱子,1.0,39.0,39.0,35.0,35.0
818,CHP02588,马桑,1.0,15.0,15.0,6.0,6.0
819,CHP02589,马桑根,1.0,1.0,1.0,1.0,1.0
820,CHP02591,马桑叶,1.0,4.0,4.0,4.0,4.0
821,CHP02597,马先蒿,1.0,2.0,2.0,1.0,1.0
822,CHP02547,麻黄根,1.0,21.0,21.0,20.0,20.0
823,CHP02554,麻牛膝,1.0,15.0,15.0,7.0,7.0
824,CHP02557,麻叶,1.0,13.0,13.0,9.0,8.0
825,CHP02562,马鞭草,1.0,42.0,42.0,22.0,22.0
826,CHP02563,马槟榔,1.0,2.0,2.0,2.0,2.0
827,CHP02566,马齿苋,1.0,64.0,64.0,39.0,36.0
828,CHP02567,马蛋果,1.0,2.0,2.0,1.0,1.0
829,CHP02537,绿绒蒿,1.0,30.0,30.0,18.0,17.0
830,CHP02540,绿玉树,1.0,2.0,2.0,1.0,1.0
831,CHP02541,葎草,1.0,31.0,31.0,16.0,16.0
832,CHP02543,麻风树,1.0,25.0,25.0,15.0,15.0
833,CHP02544,麻根,1.0,6.0,6.0,6.0,6.0
834,CHP02545,麻花,1.0,6.0,6.0,3.0,3.0
835,CHP02546,麻黄,1.0,88.0,88.0,44.0,42.0
836,CHP02716,毛桐,1.0,11.0,11.0,2.0,1.0
837,CHP02739,茅膏菜,1.0,3.0,3.0,2.0,2.0
838,CHP02745,茅莓,1.0,2.0,2.0,1.0,1.0
839,CHP02746,茅香,1.0,2.0,2.0,1.0,1.0
840,CHP02748,没药,1.0,291.0,291.0,251.0,248.0
841,CHP02749,玫瑰,1.0,3.0,3.0,1.0,1.0
842,CHP02750,玫瑰花,1.0,49.0,49.0,29.0,27.0
843,CHP02756,梅花,1.0,64.0,64.0,26.0,23.0
844,CHP02675,毛冬青,1.0,5.0,5.0,3.0,3.0
845,CHP02676,毛萼香茶菜,1.0,39.0,39.0,25.0,25.0
846,CHP02685,毛诃子,1.0,5.0,5.0,2.0,2.0
847,CHP02696,毛连菜,1.0,4.0,4.0,2.0,2.0
848,CHP02707,毛葡萄,1.0,1.0,1.0,1.0,1.0
849,CHP02713,毛蕊花,1.0,5.0,5.0,3.0,3.0
850,CHP02649,莽草根,1.0,2.0,2.0,1.0,1.0
851,CHP02656,猫须草,1.0,49.0,49.0,26.0,26.0
852,CHP02657,猫眼草,1.0,30.0,30.0,19.0,19.0
853,CHP02658,猫爪草,1.0,22.0,22.0,12.0,12.0
854,CHP02661,毛白杨,1.0,13.0,13.0,6.0,6.0
855,CHP02663,毛草龙,1.0,6.0,6.0,3.0,3.0
856,CHP02670,毛大丁草,1.0,9.0,9.0,2.0,2.0
857,CHP02623,曼陀罗叶,1.0,14.0,14.0,7.0,7.0
858,CHP02630,蔓荆,1.0,20.0,20.0,6.0,6.0
859,CHP02631,蔓荆子,1.0,38.0,38.0,29.0,29.0
860,CHP02633,蔓性千斤拔,1.0,3.0,3.0,1.0,1.0
861,CHP02638,芒果,1.0,36.0,36.0,21.0,20.0
862,CHP02644,芒萁骨,1.0,2.0,2.0,1.0,1.0
863,CHP05104,野芝麻,1.0,43.0,43.0,21.0,21.0
864,CHP05112,叶底珠,1.0,18.0,18.0,8.0,8.0
865,CHP05117,叶下珠,1.0,15.0,15.0,9.0,9.0
866,CHP05124,夜来香,1.0,17.0,17.0,16.0,16.0
867,CHP05132,一年蓬,1.0,22.0,22.0,13.0,13.0
868,CHP05139,一枝蒿,1.0,4.0,4.0,3.0,3.0
869,CHP05051,野菊花,1.0,54.0,54.0,28.0,27.0
870,CHP05061,野马追,1.0,17.0,17.0,11.0,10.0
871,CHP05066,野茉莉,1.0,12.0,12.0,12.0,12.0
872,CHP05070,野木瓜,1.0,6.0,6.0,1.0,1.0
873,CHP05087,野鸦椿,1.0,3.0,3.0,2.0,2.0
874,CHP05096,野罂粟,1.0,6.0,6.0,3.0,3.0
875,CHP05010,椰子瓤,1.0,2.0,2.0,1.0,1.0
876,CHP05012,野百合,1.0,3.0,3.0,2.0,2.0
877,CHP05030,野甘草,1.0,18.0,18.0,10.0,10.0
878,CHP04985,杨梅根,1.0,7.0,7.0,4.0,4.0
879,CHP04987,杨梅树皮,1.0,21.0,21.0,8.0,8.0
880,CHP04995,洋蓍草,1.0,7.0,7.0,3.0,3.0
881,CHP05005,药用倒提壶,1.0,3.0,3.0,2.0,2.0
882,CHP02861,木防己,1.0,13.0,13.0,5.0,5.0
883,CHP02863,木瓜,1.0,41.0,41.0,8.0,6.0
884,CHP02869,木蝴蝶,1.0,22.0,22.0,16.0,16.0
885,CHP02872,木姜子,1.0,8.0,8.0,5.0,5.0
886,CHP02878,木槿花,1.0,3.0,3.0,2.0,2.0
887,CHP02889,木榄,1.0,19.0,19.0,12.0,12.0
888,CHP02892,木麻黄,1.0,11.0,11.0,7.0,7.0
889,CHP02896,木棉花,1.0,47.0,47.0,19.0,19.0
890,CHP02837,墨旱莲,1.0,53.0,53.0,40.0,40.0
891,CHP02839,母菊,1.0,10.0,10.0,6.0,5.0
892,CHP02842,牡丹皮,1.0,67.0,67.0,45.0,45.0
893,CHP02844,牡蒿,1.0,2.0,2.0,2.0,2.0
894,CHP02847,木半夏根,1.0,3.0,3.0,2.0,2.0
895,CHP02855,木鳖子,1.0,14.0,14.0,7.0,6.0
896,CHP02803,密蒙花,1.0,35.0,35.0,28.0,28.0
897,CHP02808,绵萆薢,1.0,53.0,53.0,36.0,36.0
898,CHP02813,绵藤,1.0,1.0,1.0,1.0,1.0
899,CHP02814,绵枣儿,1.0,10.0,10.0,6.0,6.0
900,CHP02821,缅枣,1.0,4.0,4.0,4.0,4.0
901,CHP02824,明党参,1.0,4.0,4.0,2.0,1.0
902,CHP02769,美人蕉,1.0,4.0,4.0,2.0,2.0
903,CHP02781,迷迭香,1.0,10.0,10.0,5.0,5.0
904,CHP02784,猕猴桃,1.0,2.0,2.0,2.0,2.0
905,CHP02785,猕猴桃根,1.0,5.0,5.0,4.0,4.0
906,CHP02789,米皮糠,1.0,10.0,10.0,3.0,3.0
907,CHP02796,米仔兰,1.0,12.0,12.0,11.0,11.0
908,CHP02972,柠檬皮,1.0,6.0,6.0,3.0,2.0
909,CHP02985,牛蒡子,1.0,21.0,21.0,18.0,18.0
910,CHP02987,牛扁,1.0,3.0,3.0,3.0,3.0
911,CHP02997,牛耳枫子,1.0,6.0,6.0,4.0,4.0
912,CHP02940,南蛇藤果,1.0,24.0,24.0,12.0,12.0
913,CHP02941,南蛇藤叶,1.0,1.0,1.0,1.0,1.0
914,CHP02942,南酸枣,1.0,4.0,4.0,2.0,2.0
915,CHP02947,南天竹叶,1.0,4.0,4.0,3.0,3.0
916,CHP02951,南烛,1.0,4.0,4.0,2.0,2.0
917,CHP02967,柠檬,1.0,8.0,8.0,4.0,4.0
918,CHP02924,南方菟丝子,1.0,4.0,4.0,2.0,2.0
919,CHP02930,南瓜子,1.0,13.0,13.0,6.0,6.0
920,CHP02934,南山藤,1.0,5.0,5.0,3.0,3.0
921,CHP02935,南蛇竻,1.0,12.0,12.0,8.0,8.0
922,CHP02938,南蛇藤,1.0,4.0,4.0,2.0,2.0
923,CHP02939,南蛇藤根,1.0,23.0,23.0,17.0,17.0
924,CHP02898,木天蓼,1.0,25.0,25.0,13.0,13.0
925,CHP02901,木通,1.0,62.0,62.0,36.0,36.0
926,CHP02904,木香,1.0,42.0,42.0,30.0,30.0
927,CHP02908,木贼,1.0,16.0,16.0,8.0,8.0
928,CHP02909,木竹子,1.0,64.0,64.0,16.0,16.0
929,CHP02913,苜蓿,1.0,6.0,6.0,4.0,4.0
930,CHP04958,羊角拗,1.0,10.0,10.0,5.0,5.0
931,CHP04959,羊角拗子,1.0,4.0,4.0,3.0,3.0
932,CHP04960,羊角棉,1.0,2.0,2.0,2.0,2.0
933,CHP04962,羊角藤,1.0,5.0,5.0,2.0,2.0
934,CHP04971,羊蹄,1.0,4.0,4.0,2.0,2.0
935,CHP04975,羊踯躅,1.0,15.0,15.0,14.0,14.0
936,CHP04984,杨梅,1.0,9.0,9.0,6.0,6.0
937,CHP04904,岩败酱,1.0,3.0,3.0,2.0,2.0
938,CHP04918,岩椒草,1.0,13.0,13.0,3.0,3.0
939,CHP04920,岩筋菜,1.0,4.0,4.0,4.0,4.0
940,CHP04933,岩乌头,1.0,1.0,1.0,1.0,1.0
941,CHP04948,眼子菜,1.0,9.0,9.0,5.0,5.0
942,CHP04951,燕麦,1.0,10.0,10.0,6.0,5.0
943,CHP04956,羊耳蒜,1.0,2.0,2.0,1.0,1.0
944,CHP04896,烟窝草,1.0,9.0,9.0,4.0,4.0
945,CHP04897,延胡索,1.0,19.0,19.0,12.0,11.0
946,CHP04898,延龄草,1.0,12.0,12.0,9.0,9.0
947,CHP04900,芫花根,1.0,3.0,3.0,2.0,2.0
948,CHP04902,芫荽子,1.0,17.0,17.0,10.0,10.0
949,CHP04903,岩白菜,1.0,3.0,3.0,2.0,2.0
950,CHP04863,荨麻,1.0,13.0,13.0,8.0,8.0
951,CHP04866,鸦胆子,1.0,12.0,12.0,9.0,9.0
952,CHP04867,鸦片,1.0,9.0,9.0,2.0,2.0
953,CHP04869,鸭儿芹,1.0,1.0,1.0,1.0,1.0
954,CHP04886,亚罗椿,1.0,7.0,7.0,4.0,4.0
955,CHP04888,亚麻子,1.0,4.0,4.0,2.0,2.0
956,CHP04893,烟草,1.0,13.0,13.0,7.0,7.0
957,CHP03088,蟛蜞菊,1.0,7.0,7.0,5.0,5.0
958,CHP03094,披针叶野决明,1.0,5.0,5.0,3.0,2.0
959,CHP03097,皮哨子,1.0,5.0,5.0,3.0,3.0
960,CHP03098,枇杷,1.0,6.0,6.0,3.0,3.0
961,CHP03099,枇杷核,1.0,6.0,6.0,4.0,4.0
962,CHP03102,枇杷叶,1.0,89.0,89.0,62.0,61.0
963,CHP03104,啤酒花,1.0,54.0,54.0,27.0,26.0
964,CHP03070,胖大海,1.0,19.0,19.0,11.0,11.0
965,CHP03075,泡桐,1.0,4.0,4.0,2.0,2.0
966,CHP03077,泡桐果,1.0,2.0,2.0,1.0,1.0
967,CHP03082,佩兰,1.0,59.0,59.0,42.0,38.0
968,CHP03087,蓬子菜,1.0,4.0,4.0,2.0,2.0
969,CHP03024,牛膝,1.0,162.0,162.0,131.0,131.0
970,CHP03027,牛心茄子,1.0,5.0,5.0,3.0,3.0
971,CHP03038,糯稻根,1.0,13.0,13.0,7.0,7.0
972,CHP03049,女贞子,1.0,107.0,107.0,60.0,60.0
973,CHP03050,欧当归,1.0,3.0,3.0,1.0,1.0
974,CHP03051,欧活血丹,1.0,8.0,8.0,5.0,5.0
975,CHP03053,欧鼠李,1.0,2.0,2.0,2.0,2.0
976,CHP03056,藕节,1.0,1.0,1.0,1.0,1.0
977,CHP02998,牛角瓜,1.0,2.0,2.0,2.0,2.0
978,CHP03002,牛筋果,1.0,7.0,7.0,1.0,1.0
979,CHP03013,牛舌草,1.0,14.0,14.0,8.0,8.0
980,CHP03018,牛尾菜,1.0,1.0,1.0,1.0,1.0
981,CHP03020,牛尾蒿,1.0,14.0,14.0,7.0,7.0
982,CHP03022,牛西西,1.0,9.0,9.0,5.0,5.0
983,CHP03182,千里光,1.0,35.0,35.0,22.0,21.0
984,CHP03185,千年健,1.0,25.0,25.0,18.0,17.0
985,CHP03186,千屈菜,1.0,28.0,28.0,14.0,14.0
986,CHP03187,千日红,1.0,12.0,12.0,6.0,6.0
987,CHP03192,牵牛子,1.0,39.0,39.0,31.0,31.0
988,CHP03193,前胡,1.0,85.0,85.0,56.0,54.0
989,CHP03194,芡实,1.0,3.0,3.0,2.0,2.0
990,CHP03162,漆大姑,1.0,4.0,4.0,3.0,3.0
991,CHP03175,千层塔,1.0,65.0,65.0,41.0,41.0
992,CHP03176,千打锤,1.0,26.0,26.0,13.0,13.0
993,CHP03178,千斤拔,1.0,37.0,37.0,19.0,19.0
994,CHP03179,千金藤,1.0,41.0,41.0,24.0,24.0
995,CHP03180,千金子,1.0,10.0,10.0,7.0,7.0
996,CHP03124,破布木,1.0,5.0,5.0,3.0,3.0
997,CHP03127,破叶莲,1.0,11.0,11.0,5.0,5.0
998,CHP03130,葡萄,1.0,12.0,12.0,5.0,5.0
999,CHP03132,葡萄柚,1.0,7.0,7.0,3.0,3.0
1000,CHP03134,蒲公英,1.0,34.0,34.0,13.0,11.0
1001,CHP03135,蒲黄,1.0,12.0,12.0,8.0,7.0
1002,CHP03139,蒲桃,1.0,33.0,33.0,13.0,11.0
1003,CHP03148,铺地蜈蚣,1.0,14.0,14.0,14.0,14.0
1004,CHP03110,飘拂草,1.0,1.0,1.0,1.0,1.0
1005,CHP03111,平贝母,1.0,24.0,24.0,22.0,22.0
1006,CHP03113,苹果,1.0,1.0,1.0,1.0,1.0
1007,CHP03114,瓶尔小草,1.0,2.0,2.0,1.0,1.0
1008,CHP03116,萍蓬草,1.0,6.0,6.0,4.0,4.0
1009,CHP03119,婆罗门参,1.0,8.0,8.0,4.0,4.0
1010,CHP03120,婆罗门皂荚,1.0,9.0,9.0,3.0,3.0
1011,CHP03270,苘麻子,1.0,3.0,3.0,2.0,2.0
1012,CHP03273,秋枫木,1.0,3.0,3.0,2.0,2.0
1013,CHP03274,秋海棠,1.0,5.0,5.0,2.0,1.0
1014,CHP03283,秋水仙,1.0,5.0,5.0,2.0,2.0
1015,CHP03302,瞿麦,1.0,10.0,10.0,8.0,8.0
1016,CHP03306,拳参,1.0,3.0,3.0,3.0,3.0
1017,CHP03245,青钱柳,1.0,4.0,4.0,2.0,2.0
1018,CHP03251,青天葵,1.0,5.0,5.0,3.0,3.0
1019,CHP03256,青葙子,1.0,18.0,18.0,13.0,13.0
1020,CHP03257,青羊参,1.0,2.0,2.0,2.0,2.0
1021,CHP03258,青叶胆,1.0,19.0,19.0,12.0,12.0
1022,CHP03263,清风藤,1.0,11.0,11.0,7.0,7.0
1023,CHP03266,清明花,1.0,5.0,5.0,5.0,5.0
1024,CHP03215,茄子根,1.0,4.0,4.0,3.0,3.0
1025,CHP03216,窃衣,1.0,1.0,1.0,1.0,1.0
1026,CHP03217,芹花,1.0,17.0,17.0,5.0,4.0
1027,CHP03218,秦艽,1.0,26.0,26.0,15.0,15.0
1028,CHP03223,青黛,1.0,2.0,2.0,1.0,1.0
1029,CHP03226,青果,1.0,14.0,14.0,9.0,9.0
1030,CHP03229,青蒿,1.0,120.0,120.0,81.0,80.0
1031,CHP03198,茜草,1.0,74.0,74.0,48.0,47.0
1032,CHP03199,茜草根,1.0,11.0,11.0,4.0,4.0
1033,CHP03201,茜草藤,1.0,1.0,1.0,1.0,1.0
1034,CHP03202,羌活,1.0,102.0,102.0,54.0,52.0
1035,CHP03204,枪刀药,1.0,28.0,28.0,19.0,19.0
1036,CHP03212,乔木紫珠,1.0,1.0,1.0,1.0,1.0
1037,CHP03213,荞麦,1.0,14.0,14.0,9.0,8.0
1038,CHP03214,茄子,1.0,8.0,8.0,6.0,6.0
1039,CHP03398,三七花,1.0,24.0,24.0,22.0,22.0
1040,CHP03423,桑白皮,1.0,147.0,147.0,104.0,102.0
1041,CHP03426,桑寄生,1.0,6.0,6.0,2.0,2.0
1042,CHP03429,桑椹,1.0,33.0,33.0,14.0,13.0
1043,CHP03431,桑叶,1.0,42.0,42.0,23.0,23.0
1044,CHP03372,赛莨菪,1.0,44.0,44.0,31.0,31.0
1045,CHP03373,三白草,1.0,34.0,34.0,24.0,24.0
1046,CHP03375,三叉凤尾蕨,1.0,1.0,1.0,1.0,1.0
1047,CHP03383,三尖杉,1.0,37.0,37.0,18.0,17.0
1048,CHP03389,三棱,1.0,16.0,16.0,11.0,11.0
1049,CHP03395,三面刀,1.0,14.0,14.0,8.0,8.0
1050,CHP03397,三七,1.0,117.0,117.0,58.0,55.0
1051,CHP03341,肉苁蓉,1.0,64.0,64.0,51.0,49.0
1052,CHP03342,肉豆蔻,1.0,57.0,57.0,33.0,33.0
1053,CHP03344,肉桂,1.0,21.0,21.0,13.0,12.0
1054,CHP03352,乳香,1.0,77.0,77.0,63.0,62.0
1055,CHP03360,蕤仁,1.0,3.0,3.0,2.0,2.0
1056,CHP03363,瑞香,1.0,19.0,19.0,14.0,14.0
1057,CHP03364,瑞香根,1.0,4.0,4.0,4.0,4.0
1058,CHP03314,蘘荷,1.0,11.0,11.0,5.0,5.0
1059,CHP03317,荛花,1.0,5.0,5.0,3.0,3.0
1060,CHP03319,人参,1.0,128.0,128.0,108.0,107.0
1061,CHP03323,人参叶,1.0,75.0,75.0,51.0,51.0
1062,CHP03328,忍冬藤,1.0,16.0,16.0,14.0,14.0
1063,CHP03334,榕树,1.0,16.0,16.0,9.0,9.0
1064,CHP03547,山里红,1.0,6.0,6.0,5.0,5.0
1065,CHP03550,山柳,1.0,2.0,2.0,1.0,1.0
1066,CHP03552,山萝卜,1.0,1.0,1.0,1.0,1.0
1067,CHP03561,山柰,1.0,20.0,20.0,11.0,10.0
1068,CHP03565,山萩,1.0,5.0,5.0,3.0,3.0
1069,CHP03568,山稔叶,1.0,1.0,1.0,1.0,1.0
1070,CHP03569,山珊瑚,1.0,1.0,1.0,1.0,1.0
1071,CHP03504,山矾根,1.0,4.0,4.0,2.0,2.0
1072,CHP03527,山黄皮,1.0,26.0,26.0,3.0,3.0
1073,CHP03545,山莨菪,1.0,5.0,5.0,3.0,3.0
1074,CHP03461,砂仁,1.0,64.0,64.0,34.0,32.0
1075,CHP03486,山沉香,1.0,16.0,16.0,7.0,7.0
1076,CHP03487,山橙,1.0,6.0,6.0,4.0,4.0
1077,CHP03491,山慈菇,1.0,50.0,50.0,25.0,24.0
1078,CHP03498,山地香茶菜,1.0,18.0,18.0,13.0,13.0
1079,CHP03500,山豆根,1.0,52.0,52.0,31.0,30.0
1080,CHP03503,山矾,1.0,5.0,5.0,3.0,3.0
1081,CHP03434,桑枝,1.0,35.0,35.0,20.0,19.0
1082,CHP03439,沙参,1.0,44.0,44.0,16.0,13.0
1083,CHP03440,沙冬青,1.0,2.0,2.0,1.0,1.0
1084,CHP03444,沙棘,1.0,90.0,90.0,46.0,45.0
1085,CHP03456,沙枣树皮,1.0,2.0,2.0,1.0,1.0
1086,CHP04835,雪见草,1.0,2.0,2.0,1.0,1.0
1087,CHP04838,雪莲,1.0,26.0,26.0,10.0,10.0
1088,CHP04839,雪莲花,1.0,4.0,4.0,3.0,3.0
1089,CHP04842,雪山林,1.0,39.0,39.0,20.0,20.0
1090,CHP04848,血风藤,1.0,10.0,10.0,3.0,1.0
1091,CHP04851,血竭,1.0,4.0,4.0,1.0,1.0
1092,CHP04858,血桐,1.0,21.0,21.0,13.0,13.0
1093,CHP04862,寻骨风,1.0,17.0,17.0,5.0,5.0
1094,CHP04816,徐长卿,1.0,15.0,15.0,5.0,5.0
1095,CHP04818,续断,1.0,97.0,97.0,76.0,76.0
1096,CHP04821,萱草,1.0,9.0,9.0,4.0,4.0
1097,CHP04822,萱草根,1.0,5.0,5.0,3.0,3.0
1098,CHP04824,玄参,1.0,21.0,21.0,5.0,4.0
1099,CHP04826,悬钩子,1.0,5.0,5.0,4.0,4.0
1100,CHP04828,旋覆花,1.0,28.0,28.0,23.0,22.0
1101,CHP04834,雪胆,1.0,15.0,15.0,5.0,5.0
1102,CHP04764,缬草,1.0,31.0,31.0,13.0,13.0
1103,CHP04765,薤白,1.0,40.0,40.0,27.0,25.0
1104,CHP04772,心叶荆芥,1.0,3.0,3.0,1.0,1.0
1105,CHP04795,杏仁,1.0,11.0,11.0,5.0,5.0
1106,CHP04807,绣线菊,1.0,33.0,33.0,18.0,18.0
1107,CHP04809,绣线菊叶,1.0,9.0,9.0,5.0,5.0
1108,CHP04693,小连翘,1.0,6.0,6.0,3.0,2.0
1109,CHP04698,小米草,1.0,2.0,2.0,1.0,1.0
1110,CHP04717,小通草,1.0,14.0,14.0,14.0,14.0
1111,CHP04736,小叶贯众,1.0,6.0,6.0,5.0,4.0
1112,CHP04737,小叶黑柴胡,1.0,2.0,2.0,1.0,1.0
1113,CHP04746,小叶石楠,1.0,2.0,2.0,1.0,1.0
1114,CHP04753,小芸木,1.0,4.0,4.0,4.0,4.0
1115,CHP04761,斜基粗叶木,1.0,4.0,4.0,2.0,2.0
1116,CHP03670,神黄豆,1.0,4.0,4.0,2.0,2.0
1117,CHP03672,神香草,1.0,4.0,4.0,2.0,2.0
1118,CHP03673,肾茶,1.0,27.0,27.0,25.0,25.0
1119,CHP03679,肾子草,1.0,7.0,7.0,5.0,5.0
1120,CHP03682,升麻,1.0,134.0,134.0,113.0,113.0
1121,CHP03683,生姜,1.0,75.0,75.0,66.0,65.0
1122,CHP03687,省沽油,1.0,13.0,13.0,9.0,9.0
1123,CHP03653,蛇莓,1.0,3.0,3.0,1.0,1.0
1124,CHP03656,蛇婆子,1.0,3.0,3.0,3.0,3.0
1125,CHP03657,蛇葡萄,1.0,21.0,21.0,13.0,12.0
1126,CHP03659,蛇藤,1.0,3.0,3.0,1.0,1.0
1127,CHP03663,射干,1.0,63.0,63.0,35.0,35.0
1128,CHP03664,麝香草,1.0,21.0,21.0,10.0,8.0
1129,CHP03665,伸筋草,1.0,43.0,43.0,8.0,8.0
1130,CHP03605,山楂叶,1.0,29.0,29.0,13.0,13.0
1131,CHP03606,山芝麻,1.0,2.0,2.0,1.0,1.0
1132,CHP03609,山茱萸,1.0,71.0,71.0,39.0,38.0
1133,CHP03630,商陆,1.0,93.0,93.0,62.0,62.0
1134,CHP03635,芍药,1.0,107.0,107.0,75.0,73.0
1135,CHP03643,蛇床子,1.0,55.0,55.0,34.0,33.0
1136,CHP03647,蛇根草,1.0,10.0,10.0,6.0,6.0
1137,CHP03649,蛇菰,1.0,19.0,19.0,19.0,19.0
1138,CHP03576,山莴苣,1.0,6.0,6.0,4.0,4.0
1139,CHP03585,山香,1.0,12.0,12.0,11.0,11.0
1140,CHP03587,山香圆,1.0,6.0,6.0,5.0,5.0
1141,CHP03591,山药,1.0,25.0,25.0,22.0,22.0
1142,CHP03596,山樱桃,1.0,4.0,4.0,2.0,2.0
1143,CHP03601,山楂,1.0,25.0,25.0,9.0,9.0
1144,CHP03780,匙羹藤,1.0,4.0,4.0,1.0,1.0
1145,CHP03784,手参,1.0,12.0,12.0,3.0,3.0
1146,CHP03803,鼠李,1.0,6.0,6.0,2.0,2.0
1147,CHP03806,鼠曲草,1.0,10.0,10.0,6.0,5.0
1148,CHP03808,鼠尾草,1.0,59.0,59.0,40.0,39.0
1149,CHP03838,水飞蓟,1.0,38.0,38.0,24.0,23.0
1150,CHP03843,水红花子,1.0,17.0,17.0,9.0,8.0
1151,CHP03759,石枣子,1.0,9.0,9.0,5.0,5.0
1152,CHP03762,石竹,1.0,8.0,8.0,5.0,5.0
1153,CHP03768,使君子,1.0,25.0,25.0,10.0,9.0
1154,CHP03771,柿蒂,1.0,39.0,39.0,28.0,28.0
1155,CHP03778,柿叶,1.0,14.0,14.0,8.0,7.0
1156,CHP03716,石斛,1.0,74.0,74.0,23.0,23.0
1157,CHP03718,石荠苎,1.0,8.0,8.0,5.0,5.0
1158,CHP03719,石见穿,1.0,4.0,4.0,2.0,2.0
1159,CHP03732,石榴皮,1.0,18.0,18.0,12.0,12.0
1160,CHP03751,石刷把,1.0,4.0,4.0,2.0,2.0
1161,CHP03753,石蒜,1.0,16.0,16.0,9.0,8.0
1162,CHP03754,石韦,1.0,4.0,4.0,3.0,3.0
1163,CHP03695,蓍实,1.0,19.0,19.0,12.0,12.0
1164,CHP03696,十大功劳,1.0,12.0,12.0,7.0,7.0
1165,CHP03698,十大功劳叶,1.0,67.0,67.0,44.0,44.0
1166,CHP03704,石菖蒲,1.0,45.0,45.0,27.0,26.0
1167,CHP03705,石莼,1.0,8.0,8.0,3.0,2.0
1168,CHP03707,石胆草,1.0,6.0,6.0,3.0,3.0
1169,CHP03709,石刁柏,1.0,12.0,12.0,6.0,5.0
1170,CHP03979,苏木,1.0,50.0,50.0,31.0,29.0
1171,CHP03981,苏铁,1.0,7.0,7.0,4.0,4.0
1172,CHP03991,粟米,1.0,5.0,5.0,2.0,2.0
1173,CHP03992,粟米草,1.0,8.0,8.0,4.0,4.0
1174,CHP03997,酸浆,1.0,35.0,35.0,18.0,18.0
1175,CHP04002,酸石榴,1.0,8.0,8.0,5.0,5.0
1176,CHP04006,酸枣仁,1.0,27.0,27.0,19.0,19.0
1177,CHP03933,睡菜根,1.0,1.0,1.0,1.0,1.0
1178,CHP03934,睡莲,1.0,5.0,5.0,2.0,2.0
1179,CHP03946,四季青,1.0,17.0,17.0,12.0,11.0
1180,CHP03962,松节,1.0,7.0,7.0,3.0,3.0
1181,CHP03969,松香,1.0,6.0,6.0,4.0,4.0
1182,CHP03975,松子仁,1.0,15.0,15.0,11.0,11.0
1183,CHP03977,苏合香,1.0,21.0,21.0,15.0,14.0
1184,CHP03893,水松,1.0,4.0,4.0,2.0,2.0
1185,CHP03898,水苏,1.0,4.0,4.0,2.0,2.0
1186,CHP03905,水团花,1.0,6.0,6.0,3.0,3.0
1187,CHP03907,水蜈蚣,1.0,3.0,3.0,2.0,2.0
1188,CHP03910,水仙,1.0,7.0,7.0,4.0,4.0
1189,CHP03911,水仙根,1.0,6.0,6.0,4.0,4.0
1190,CHP03918,水杨梅,1.0,2.0,2.0,1.0,1.0
1191,CHP03853,水黄连,1.0,6.0,6.0,1.0,1.0
1192,CHP03863,水苦荬,1.0,6.0,6.0,4.0,4.0
1193,CHP03867,水蓼,1.0,12.0,12.0,6.0,6.0
1194,CHP03869,水流豆,1.0,32.0,32.0,15.0,15.0
1195,CHP03871,水龙骨,1.0,25.0,25.0,15.0,15.0
1196,CHP03881,水木草,1.0,1.0,1.0,1.0,1.0
1197,CHP03884,水茄,1.0,17.0,17.0,14.0,14.0
1198,CHP03889,水芹,1.0,2.0,2.0,1.0,1.0
1199,CHP04108,田葱,1.0,4.0,4.0,3.0,3.0
1200,CHP04114,甜茶,1.0,2.0,2.0,1.0,1.0
1201,CHP04115,甜茶藤,1.0,4.0,4.0,2.0,2.0
1202,CHP04119,甜瓜蒂,1.0,4.0,4.0,4.0,4.0
1203,CHP04127,甜叶菊,1.0,3.0,3.0,2.0,2.0
1204,CHP04139,铁海棠,1.0,6.0,6.0,3.0,3.0
1205,CHP04083,天冬,1.0,54.0,54.0,30.0,28.0
1206,CHP04084,天胡荽,1.0,12.0,12.0,7.0,7.0
1207,CHP04085,天花粉,1.0,5.0,5.0,3.0,3.0
1208,CHP04092,天罗水,1.0,12.0,12.0,6.0,6.0
1209,CHP04093,天麻,1.0,11.0,11.0,4.0,4.0
1210,CHP04095,天南星,1.0,42.0,42.0,20.0,19.0
1211,CHP04098,天茄子,1.0,4.0,4.0,2.0,2.0
1212,CHP04106,天竺黄,1.0,26.0,26.0,17.0,15.0
1213,CHP04055,糖荠,1.0,8.0,8.0,6.0,6.0
1214,CHP04057,桃儿七,1.0,10.0,10.0,7.0,7.0
1215,CHP04061,桃金娘,1.0,18.0,18.0,8.0,8.0
1216,CHP04065,桃仁,1.0,72.0,72.0,49.0,49.0
1217,CHP04069,桃枝,1.0,13.0,13.0,4.0,4.0
1218,CHP04070,桃子,1.0,2.0,2.0,1.0,1.0
1219,CHP04075,藤黄,1.0,96.0,96.0,34.0,33.0
1220,CHP04008,算盘子,1.0,20.0,20.0,14.0,14.0
1221,CHP04018,娑罗子,1.0,11.0,11.0,7.0,7.0
1222,CHP04021,锁阳,1.0,2.0,2.0,2.0,2.0
1223,CHP04033,台湾泽兰,1.0,7.0,7.0,5.0,4.0
1224,CHP04042,太子参,1.0,19.0,19.0,8.0,7.0
1225,CHP04047,檀香,1.0,27.0,27.0,20.0,19.0
1226,CHP04052,唐古特青兰,1.0,2.0,2.0,2.0,2.0
1227,CHP04054,唐松草,1.0,68.0,68.0,32.0,30.0
1228,CHP04244,土三七,1.0,15.0,15.0,5.0,5.0
1229,CHP04253,兔儿伞,1.0,2.0,2.0,1.0,1.0
1230,CHP04259,菟丝子,1.0,11.0,11.0,7.0,7.0
1231,CHP04268,娃儿藤,1.0,6.0,6.0,3.0,3.0
1232,CHP04270,瓦松,1.0,2.0,2.0,1.0,1.0
1233,CHP04276,豌豆,1.0,10.0,10.0,7.0,6.0
1234,CHP04280,晚香玉,1.0,19.0,19.0,10.0,10.0
1235,CHP04216,土贝母,1.0,24.0,24.0,22.0,22.0
1236,CHP04223,土当归,1.0,12.0,12.0,7.0,7.0
1237,CHP04225,土茯苓,1.0,27.0,27.0,14.0,14.0
1238,CHP04231,土槿皮,1.0,71.0,71.0,57.0,57.0
1239,CHP04232,土荆芥,1.0,8.0,8.0,4.0,4.0
1240,CHP04238,土木香,1.0,2.0,2.0,2.0,2.0
1241,CHP04173,葶苈子,1.0,39.0,39.0,23.0,22.0
1242,CHP04174,通草,1.0,24.0,24.0,24.0,24.0
1243,CHP04178,通关藤,1.0,21.0,21.0,11.0,10.0
1244,CHP04190,桐油,1.0,10.0,10.0,5.0,5.0
1245,CHP04208,透骨草,1.0,2.0,2.0,2.0,2.0
1246,CHP04163,铁树叶,1.0,1.0,1.0,1.0,1.0
1247,CHP04164,铁丝灵仙,1.0,14.0,14.0,11.0,11.0
1248,CHP04165,铁丝七,1.0,6.0,6.0,4.0,4.0
1249,CHP04167,铁苋,1.0,17.0,17.0,8.0,8.0
1250,CHP04169,铁线莲,1.0,2.0,2.0,1.0,1.0
1251,CHP04170,铁仔,1.0,3.0,3.0,2.0,1.0
1252,CHP04363,巫山淫羊藿,1.0,7.0,7.0,3.0,3.0
1253,CHP04368,无花果,1.0,25.0,25.0,9.0,7.0
1254,CHP04372,无患子,1.0,16.0,16.0,13.0,13.0
1255,CHP04374,无患子皮,1.0,5.0,5.0,3.0,3.0
1256,CHP04379,无漏子,1.0,1.0,1.0,1.0,1.0
1257,CHP04335,乌棒子,1.0,2.0,2.0,1.0,1.0
1258,CHP04344,乌桕木根皮,1.0,2.0,2.0,1.0,1.0
1259,CHP04358,乌苏里瓦韦,1.0,2.0,2.0,1.0,1.0
1260,CHP04359,乌药,1.0,19.0,19.0,19.0,19.0
1261,CHP04313,尾叶香茶菜,1.0,35.0,35.0,21.0,21.0
1262,CHP04316,卫矛,1.0,3.0,3.0,1.0,1.0
1263,CHP04324,文冠果,1.0,4.0,4.0,4.0,4.0
1264,CHP04326,文殊兰,1.0,60.0,60.0,32.0,32.0
1265,CHP04328,文竹,1.0,1.0,1.0,1.0,1.0
1266,CHP04329,问荆,1.0,4.0,4.0,2.0,2.0
1267,CHP04285,万年青根,1.0,10.0,10.0,6.0,6.0
1268,CHP04290,万寿菊,1.0,7.0,7.0,4.0,4.0
1269,CHP04293,王不留行,1.0,19.0,19.0,16.0,16.0
1270,CHP04297,王孙,1.0,1.0,1.0,1.0,1.0
1271,CHP04303,望江南,1.0,9.0,9.0,8.0,5.0
1272,CHP04306,威灵仙,1.0,40.0,40.0,28.0,28.0
1273,CHP04622,小百部,1.0,1.0,1.0,1.0,1.0
1274,CHP04629,小檗,1.0,11.0,11.0,5.0,5.0
1275,CHP04643,小飞蓬,1.0,8.0,8.0,3.0,2.0
1276,CHP04647,小构树,1.0,21.0,21.0,8.0,8.0
1277,CHP04666,小花盾叶薯蓣,1.0,1.0,1.0,1.0,1.0
1278,CHP04667,小花鬼针草,1.0,6.0,6.0,5.0,5.0
1279,CHP04682,小蓟,1.0,5.0,5.0,3.0,3.0
1280,CHP04683,小接筋草,1.0,7.0,7.0,3.0,3.0
1281,CHP04599,响铃草,1.0,11.0,11.0,7.0,7.0
1282,CHP04602,向日葵,1.0,6.0,6.0,1.0,1.0
1283,CHP04608,向日葵叶,1.0,11.0,11.0,6.0,6.0
1284,CHP04612,象皮木,1.0,10.0,10.0,6.0,6.0
1285,CHP04616,橡实,1.0,6.0,6.0,2.0,2.0
1286,CHP04565,香加皮,1.0,106.0,106.0,70.0,70.0
1287,CHP04571,香茅,1.0,3.0,3.0,2.0,2.0
1288,CHP04574,香排草,1.0,8.0,8.0,5.0,5.0
1289,CHP04578,香薷,1.0,8.0,8.0,7.0,7.0
1290,CHP04591,香橼,1.0,10.0,10.0,5.0,5.0
1291,CHP04538,藓生马先蒿,1.0,4.0,4.0,2.0,2.0
1292,CHP04546,相思藤,1.0,16.0,16.0,9.0,9.0
1293,CHP04547,相思子,1.0,11.0,11.0,7.0,7.0
1294,CHP04550,香柏,1.0,3.0,3.0,3.0,3.0
1295,CHP04552,香茶菜,1.0,463.0,463.0,278.0,278.0
1296,CHP04556,香附,1.0,52.0,52.0,37.0,37.0
1297,CHP04482,细辛,1.0,23.0,23.0,10.0,10.0
1298,CHP04485,细叶桉叶,1.0,7.0,7.0,3.0,3.0
1299,CHP04519,夏枯草,1.0,23.0,23.0,20.0,20.0
1300,CHP04521,夏天无,1.0,5.0,5.0,5.0,5.0
1301,CHP04523,夏至草,1.0,13.0,13.0,8.0,8.0
1302,CHP04524,仙鹤草,1.0,11.0,11.0,7.0,7.0
1303,CHP04525,仙茅,1.0,60.0,60.0,38.0,38.0
1304,CHP04527,仙人掌,1.0,3.0,3.0,1.0,1.0
1305,CHP04465,溪黄草,1.0,7.0,7.0,7.0,7.0
1306,CHP04466,豨莶草,1.0,56.0,56.0,39.0,39.0
1307,CHP04467,喜旱莲子草,1.0,7.0,7.0,3.0,3.0
1308,CHP04469,喜树,1.0,23.0,23.0,15.0,13.0
1309,CHP04473,细葛缕子,1.0,30.0,30.0,20.0,20.0
1310,CHP04477,细茎石斛,1.0,4.0,4.0,2.0,2.0
1311,CHP04431,五爪龙,1.0,6.0,6.0,3.0,3.0
1312,CHP04449,西瓜,1.0,15.0,15.0,3.0,3.0
1313,CHP04458,西洋参,1.0,49.0,49.0,42.0,42.0
1314,CHP04459,西洋接骨木,1.0,4.0,4.0,4.0,4.0
1315,CHP04460,西洋梨,1.0,3.0,3.0,1.0,1.0
1316,CHP04462,锡兰肉桂,1.0,3.0,3.0,1.0,1.0
1317,CHP04463,锡生藤,1.0,9.0,9.0,4.0,1.0
1318,CHP04389,吴茱萸,1.0,56.0,56.0,29.0,29.0
1319,CHP04404,五加皮,1.0,3.0,3.0,3.0,3.0
1320,CHP04409,五气朝阳草,1.0,9.0,9.0,8.0,8.0
1321,CHP04413,五色梅,1.0,23.0,23.0,13.0,13.0
1322,CHP04419,五味子,1.0,239.0,239.0,173.0,171.0
1323,CHP04422,五桠果,1.0,4.0,4.0,2.0,2.0
1324,CHP06127,树舌,1.0,46.0,46.0,24.0,24.0
1325,CHP06128,松萝,1.0,27.0,27.0,9.0,7.0
1326,CHP06129,松蕈,1.0,8.0,8.0,5.0,5.0
1327,CHP06131,香蕈,1.0,9.0,9.0,8.0,8.0
1328,CHP06133,蛹虫草,1.0,11.0,11.0,8.0,7.0
1329,CHP06134,云芝,1.0,16.0,16.0,11.0,11.0
1330,CHP06111,灵芝,1.0,283.0,283.0,208.0,201.0
1331,CHP06113,马勃,1.0,20.0,20.0,11.0,9.0
1332,CHP06116,蜜环菌,1.0,6.0,6.0,1.0,1.0
1333,CHP06117,蘑菇,1.0,11.0,11.0,7.0,5.0
1334,CHP06120,绒白乳菇,1.0,15.0,15.0,8.0,8.0
1335,CHP06125,石花,1.0,7.0,7.0,2.0,2.0
1336,CHP06089,冬虫夏草,1.0,17.0,17.0,6.0,6.0
1337,CHP06090,茯苓,1.0,30.0,30.0,27.0,27.0
1338,CHP06091,茯苓皮,1.0,39.0,39.0,24.0,23.0
1339,CHP06092,茯神,1.0,3.0,3.0,1.0,1.0
1340,CHP06099,红曲,1.0,2.0,2.0,2.0,2.0
1341,CHP06037,五灵脂,1.0,6.0,6.0,2.0,2.0
1342,CHP06039,象胆,1.0,1.0,1.0,1.0,1.0
1343,CHP06047,熊胆,1.0,6.0,6.0,5.0,5.0
1344,CHP06060,原蚕沙,1.0,6.0,6.0,5.0,5.0
1345,CHP06067,雉,1.0,2.0,2.0,1.0,1.0
1346,CHP06073,紫河车,1.0,2.0,2.0,1.0,1.0
1347,CHP00061,白刺,1.0,4.0,4.0,1.0,1.0
1348,CHP00062,白刺花,1.0,21.0,21.0,7.0,7.0
1349,CHP00068,白杜鹃花,1.0,18.0,18.0,7.0,7.0
1350,CHP00071,白饭豆,1.0,51.0,51.0,24.0,24.0
1351,CHP00076,白附子,1.0,58.0,58.0,19.0,19.0
1352,CHP00078,白果根,1.0,16.0,16.0,12.0,12.0
1353,CHP00079,白果槲寄生,1.0,4.0,4.0,3.0,3.0
1354,CHP00044,芭蕉花,1.0,9.0,9.0,4.0,4.0
1355,CHP00048,菝葜,1.0,90.0,90.0,49.0,48.0
1356,CHP00049,霸王鞭,1.0,20.0,20.0,10.0,10.0
1357,CHP00050,白八角莲,1.0,1.0,1.0,1.0,1.0
1358,CHP00053,白背叶,1.0,7.0,7.0,3.0,3.0
1359,CHP00057,白草莓,1.0,2.0,2.0,2.0,2.0
1360,CHP00059,白菖,1.0,61.0,61.0,22.0,21.0
1361,CHP00060,白车轴草,1.0,26.0,26.0,14.0,14.0
1362,CHP00026,八角枫,1.0,4.0,4.0,2.0,2.0
1363,CHP00030,八角茴香,1.0,266.0,266.0,121.0,118.0
1364,CHP00032,八角莲,1.0,138.0,138.0,71.0,67.0
1365,CHP00037,巴豆,1.0,137.0,137.0,77.0,75.0
1366,CHP00039,巴戟天,1.0,153.0,153.0,61.0,60.0
1367,CHP00040,巴拿马山石榴,1.0,10.0,10.0,7.0,7.0
1368,CHP00042,巴西胡桐,1.0,10.0,10.0,7.0,7.0
1369,CHP00011,艾纳香,1.0,18.0,18.0,5.0,4.0
1370,CHP00013,艾实,1.0,12.0,12.0,7.0,7.0
1371,CHP00014,艾叶,1.0,397.0,397.0,188.0,179.0
1372,CHP00015,安哥拉八角枫,1.0,9.0,9.0,5.0,4.0
1373,CHP00016,安徽贝母,1.0,11.0,11.0,8.0,8.0
1374,CHP00019,安息香,1.0,171.0,171.0,74.0,71.0
1375,CHP00020,桉叶,1.0,28.0,28.0,14.0,14.0
1376,CHP00023,暗紫贝母,1.0,11.0,11.0,4.0,4.0
1377,CHP01450,红筷子,0.9999999,3.0,3.0,1.0,1.0
1378,CHP04901,芫荽,0.9999999,8.0,8.0,3.0,3.0
1379,CHP03532,山姜,0.9999999,18.0,18.0,12.0,12.0
1380,CHP03650,蛇果黄堇,0.9999999,2.0,2.0,1.0,1.0
1381,CHP05482,蜘蛛抱蛋,0.9999999,3.0,3.0,1.0,1.0
1382,CHP04914,岩黄连,0.9999999,4.0,4.0,2.0,2.0
1383,CHP05169,茵陈,0.9999999,16.0,16.0,7.0,7.0
1384,CHP02284,栗柄金粉蕨,0.9999998,1.0,1.0,1.0,1.0
1385,CHP01211,狗脊,0.9999998,29.0,29.0,3.0,3.0
1386,CHP02970,柠檬桉叶,0.9999998,5.0,5.0,2.0,2.0
1387,CHP01829,蓟罂粟,0.9999998,7.0,7.0,2.0,2.0
1388,CHP03464,砂生槐,0.9999998,1.0,1.0,1.0,1.0
1389,CHP02033,橘叶,0.9999998,8.0,8.0,2.0,2.0
1390,CHP00308,藏青果,0.9999998,3.0,3.0,2.0,1.0
1391,CHP02834,茉莉花,0.9999997,2.0,2.0,1.0,1.0
1392,CHP05032,野菰,0.9999997,1.0,1.0,1.0,1.0
1393,CHP02983,牛蒡根,0.9999997,3.0,3.0,2.0,1.0
1394,CHP05306,圆萼刺参,0.9999997,2.0,2.0,2.0,2.0
1395,CHP03353,入地蜈蚣,0.9999997,13.0,13.0,8.0,8.0
1396,CHP03506,山矾叶,0.9999997,4.0,4.0,2.0,2.0
1397,CHP04181,通脉丹,0.99999964,2.0,2.0,1.0,1.0
1398,CHP01505,厚皮树,0.99999964,5.0,5.0,2.0,2.0
1399,CHP05772,蚕蛾,0.99999964,1.0,1.0,1.0,1.0
1400,CHP00069,白椴,0.99999964,1.0,1.0,1.0,1.0
1401,CHP02777,蒙自草胡椒,0.99999964,9.0,9.0,9.0,9.0
1402,CHP01786,鸡冠花,0.99999964,6.0,6.0,2.0,2.0
1403,CHP01919,金橘,0.99999964,2.0,2.0,1.0,1.0
1404,CHP06100,猴头菇,0.9999994,19.0,19.0,1.0,1.0
1405,CHP02296,痢止蒿,0.9999994,4.0,4.0,2.0,2.0
1406,CHP02782,迷果芹,0.9999994,1.0,1.0,1.0,1.0
1407,CHP03159,桤木,0.9999994,3.0,3.0,2.0,2.0
1408,CHP00250,篦子三尖杉,0.9999994,1.0,1.0,1.0,1.0
1409,CHP01234,枸杞,0.9999994,15.0,15.0,8.0,8.0
1410,CHP01216,狗屎花,0.99999934,1.0,1.0,1.0,1.0
1411,CHP03541,山蒟,0.99999917,2.0,2.0,2.0,2.0
1412,CHP00991,番石榴干,0.99999905,1.0,1.0,1.0,1.0
1413,CHP03254,青葙,0.99999774,3.0,3.0,1.0,1.0
1414,CHP05983,全蝎,0.9999975,3.0,3.0,1.0,1.0
1415,CHP06130,太白花,0.99999696,1.0,1.0,1.0,1.0
1416,CHP05975,青蛙,0.99999684,4.0,4.0,3.0,3.0
1417,CHP03329,日中花,0.9999962,2.0,2.0,1.0,1.0
1418,CHP05539,珠芽半支,0.9999933,2.0,2.0,2.0,2.0
1419,CHP00094,白花射干,0.99999315,9.0,9.0,2.0,2.0
1420,CHP01802,鸡眼草,0.9999924,2.0,2.0,2.0,2.0
1421,CHP05547,猪毛菜,0.9999924,4.0,4.0,1.0,1.0
1422,CHP05175,银粉背蕨,0.9999917,1.0,1.0,1.0,1.0
1423,CHP01697,黄栌枝叶,0.9999914,2.0,2.0,1.0,1.0
1424,CHP06122,桑黄,0.99999124,16.0,16.0,8.0,8.0
1425,CHP05881,鸡内金,0.9999911,3.0,3.0,2.0,2.0
1426,CHP02207,狼把草,0.9999882,13.0,13.0,5.0,5.0
1427,CHP01432,红花绿绒蒿,0.99998796,9.0,9.0,1.0,1.0
1428,CHP00939,多伞阿魏,0.99998605,12.0,12.0,12.0,12.0
1429,CHP02178,莱菔,0.9999858,5.0,5.0,2.0,2.0
1430,CHP01387,黑水翠雀,0.99998474,3.0,3.0,2.0,2.0
1431,CHP05121,夜合花,0.99998206,2.0,2.0,1.0,1.0
1432,CHP00874,杜衡,0.99997824,9.0,9.0,4.0,4.0
1433,CHP02659,毛八角枫,0.99997795,1.0,1.0,1.0,1.0
1434,CHP03416,三钻风,0.99997795,4.0,4.0,2.0,2.0
1435,CHP04340,乌骨藤,0.99997723,1.0,1.0,1.0,1.0
1436,CHP03518,山胡椒,0.9999725,5.0,5.0,2.0,2.0
1437,CHP02216,榔榆皮,0.99997073,5.0,5.0,1.0,1.0
1438,CHP04367,无根藤,0.9999674,4.0,4.0,2.0,2.0
1439,CHP05807,蜂蜜,0.99996674,5.0,5.0,4.0,4.0
1440,CHP04994,洋蒲桃叶,0.9999612,10.0,10.0,6.0,6.0
1441,CHP01111,阜康阿魏根,0.9999592,7.0,7.0,4.0,3.0
1442,CHP01469,红母鸡草,0.9999569,11.0,11.0,4.0,4.0
1443,CHP05572,竹沥,0.99995565,15.0,15.0,4.0,4.0
1444,CHP04334,窝儿七,0.9999544,2.0,2.0,1.0,1.0
1445,CHP00671,地丁,0.9999544,1.0,1.0,1.0,1.0
1446,CHP05621,紫菜,0.99994934,2.0,2.0,2.0,2.0
1447,CHP02816,棉花根,0.9999487,9.0,9.0,2.0,1.0
1448,CHP05804,蜂房,0.9999467,4.0,4.0,1.0,1.0
1449,CHP01369,鹤草芽,0.99994457,3.0,3.0,2.0,2.0
1450,CHP04150,铁力木,0.99993163,17.0,17.0,1.0,1.0
1451,CHP05009,椰子皮,0.99993074,1.0,1.0,1.0,1.0
1452,CHP05073,野漆树,0.9999176,5.0,5.0,1.0,1.0
1453,CHP01030,分心木,0.99991715,4.0,4.0,1.0,1.0
1454,CHP05650,紫堇,0.9999067,8.0,8.0,4.0,4.0
1455,CHP01366,核桃楸果仁,0.99990195,6.0,6.0,3.0,2.0
1456,CHP00234,贝加尔唐松草,0.99989605,4.0,4.0,1.0,1.0
1457,CHP03520,山胡椒叶,0.99989045,2.0,2.0,1.0,1.0
1458,CHP06096,鬼盖,0.9998895,6.0,6.0,2.0,2.0
1459,CHP04179,通花根,0.9998747,2.0,2.0,1.0,1.0
1460,CHP01172,高山唐松草,0.99983585,3.0,3.0,3.0,3.0
1461,CHP00210,半夏曲,0.999833,2.0,2.0,2.0,1.0
1462,CHP02531,绿豆皮,0.9998309,2.0,2.0,2.0,2.0
1463,CHP01758,茴香根,0.99983007,1.0,1.0,1.0,1.0
1464,CHP02945,南天竹根,0.999829,5.0,5.0,2.0,2.0
1465,CHP01555,虎尾兰,0.9998106,2.0,2.0,1.0,1.0
1466,CHP04378,无距耧斗菜,0.99980974,3.0,3.0,2.0,2.0
1467,CHP05353,云实,0.99980515,1.0,1.0,1.0,1.0
1468,CHP00098,白花油麻藤,0.9998044,5.0,5.0,1.0,1.0
1469,CHP03453,沙枣,0.99980384,1.0,1.0,1.0,1.0
1470,CHP01013,飞机草,0.99980366,2.0,2.0,2.0,2.0
1471,CHP05912,灵猫香,0.99977845,2.0,2.0,1.0,1.0
1472,CHP00586,大叶马尾连,0.99976987,13.0,13.0,5.0,5.0
1473,CHP03084,蓬莱草,0.9997651,5.0,5.0,2.0,2.0
1474,CHP04113,甜菜,0.9997344,3.0,3.0,2.0,2.0
1475,CHP02925,南瓜,0.99973,3.0,3.0,2.0,2.0
1476,CHP02258,棱子芹,0.99972665,4.0,4.0,2.0,2.0
1477,CHP05591,苎麻,0.9996748,3.0,3.0,2.0,2.0
1478,CHP00243,蓖麻根,0.9996414,8.0,8.0,2.0,2.0
1479,CHP01748,黄紫堇,0.9996287,3.0,3.0,3.0,3.0
1480,CHP00083,白鹤灵芝,0.9995823,13.0,13.0,6.0,3.0
1481,CHP05880,鸡脑,0.999561,3.0,3.0,2.0,2.0
1482,CHP02920,南川升麻,0.99954045,2.0,2.0,1.0,1.0
1483,CHP05623,紫草,0.9994547,20.0,20.0,6.0,5.0
1484,CHP05882,鸡肉,0.99937093,1.0,1.0,1.0,1.0
1485,CHP03177,千解草,0.9992975,4.0,4.0,2.0,2.0
1486,CHP00203,半边旗,0.9992466,5.0,5.0,2.0,2.0
1487,CHP02831,魔芋,0.99924326,1.0,1.0,1.0,1.0
1488,CHP05361,芸香草,0.9992272,4.0,4.0,1.0,1.0
1489,CHP02640,芒果叶,0.99903095,2.0,2.0,1.0,1.0
1490,CHP05428,长果荜茇,0.99902296,4.0,4.0,3.0,3.0
1491,CHP05834,蛤蚧,0.9988371,3.0,3.0,2.0,2.0
1492,CHP03449,沙塘木,0.9984921,9.0,9.0,1.0,1.0
1493,CHP03450,沙糖根,0.99845695,8.0,8.0,3.0,3.0
1494,CHP00101,白芥,0.9983015,3.0,3.0,1.0,1.0
1495,CHP05041,野花椒皮,0.9982607,2.0,2.0,1.0,1.0
1496,CHP03309,雀梅藤,0.9981612,2.0,2.0,1.0,1.0
1497,CHP05853,猴枣,0.9979947,1.0,1.0,1.0,1.0
1498,CHP03010,牛奶树,0.99784386,4.0,4.0,1.0,1.0
1499,CHP05173,银不换,0.9965695,1.0,1.0,1.0,1.0
1500,CHP04777,新疆藁本,0.99579495,2.0,2.0,1.0,1.0
1501,CHP00640,当药,0.9957674,3.0,3.0,1.0,1.0
1502,CHP04171,铁轴草,0.99574935,2.0,2.0,1.0,1.0
1503,CHP05967,牛靥,0.9946391,6.0,6.0,3.0,3.0
1504,CHP06033,乌梢蛇,0.99271476,3.0,3.0,1.0,1.0
1505,CHP02310,莲叶橐吾,0.9926324,12.0,12.0,7.0,7.0
1506,CHP04283,碗蕨,0.991151,2.0,2.0,1.0,1.0
1507,CHP04583,香唐松草,0.9910196,3.0,3.0,1.0,1.0
1508,CHP05105,野芝麻根,0.9904429,8.0,8.0,1.0,1.0
1509,CHP03772,柿根,0.989837,2.0,2.0,1.0,1.0
1510,CHP03321,人参芦,0.9895608,2.0,2.0,1.0,1.0
1511,CHP02561,马比木,0.9890191,1.0,1.0,1.0,1.0
1512,CHP03081,炮姜,0.98730576,1.0,1.0,1.0,1.0
1513,CHP00768,钓樟枝叶,0.98594666,1.0,1.0,1.0,1.0
1514,CHP02270,藜草,0.9832573,3.0,3.0,2.0,2.0
1515,CHP06167,硫磺,0.98124427,2.0,2.0,1.0,1.0
1516,CHP06038,犀角,0.9773328,2.0,2.0,1.0,1.0
1517,CHP02914,苜蓿根,0.97430074,2.0,2.0,1.0,1.0
1518,CHP04577,香青兰,0.97371864,3.0,3.0,1.0,1.0
1519,CHP03083,蓬莪术,0.96730995,6.0,6.0,2.0,1.0
1520,CHP05848,黑蚂蚁,0.9658632,1.0,1.0,1.0,1.0
1521,CHP02149,块茎糙苏,0.95318174,1.0,1.0,1.0,1.0
1522,CHP05866,鲩鱼,0.94621724,1.0,1.0,1.0,1.0
1523,CHP02639,芒果核,0.9433322,5.0,5.0,1.0,1.0
1524,CHP03589,山小橘,0.9390928,5.0,5.0,1.0,1.0
1525,CHP04972,羊蹄草,0.9308165,1.0,1.0,1.0,1.0
1526,CHP06035,蜈蚣,0.925789,2.0,2.0,1.0,1.0
1527,CHP05835,蛤壳,0.91759807,1.0,1.0,1.0,1.0
1528,CHP04392,梧桐子,0.91369,2.0,2.0,1.0,1.0
1529,CHP01910,金光菊,0.9015644,2.0,2.0,1.0,1.0
1530,CHP04986,杨梅核仁,0.8727578,2.0,2.0,1.0,0.0
1531,CHP05681,紫穗槐,0.8622257,2.0,2.0,1.0,0.0
1532,CHP04330,蕹菜,0.855868,2.0,2.0,1.0,0.0
1533,CHP04535,咸酸蔃,0.83630437,1.0,1.0,1.0,0.0
1534,CHP02683,毛贯众,0.8339733,4.0,4.0,2.0,0.0
1535,CHP02918,南板蓝根,0.82290477,4.0,4.0,1.0,0.0
1536,CHP00038,巴豆霜,0.8219141,1.0,1.0,1.0,0.0
1537,CHP01740,黄心果,0.8173092,15.0,15.0,1.0,0.0
1538,CHP00763,吊兰,0.8106739,1.0,1.0,1.0,0.0
1539,CHP05766,鳖甲,0.80717057,2.0,2.0,1.0,0.0
1540,CHP04059,桃根,0.7935962,1.0,1.0,0.0,0.0
1541,CHP05837,海参,0.7764796,1.0,1.0,0.0,0.0
1542,CHP02582,马蔺子,0.76694185,3.0,3.0,0.0,0.0
1543,CHP02397,龙船花,0.7576374,11.0,11.0,0.0,0.0
1544,CHP05824,狗肉,0.7569772,1.0,1.0,0.0,0.0
1545,CHP01255,拐芹,0.7542388,2.0,2.0,0.0,0.0
1546,CHP04992,洋葱,0.74265534,1.0,1.0,0.0,0.0
1547,CHP00289,补血草,0.7422908,1.0,1.0,0.0,0.0
1548,CHP01849,假细锥香茶菜,0.7404076,4.0,4.0,0.0,0.0
1549,CHP00605,大叶醉鱼草,0.73801893,4.0,4.0,0.0,0.0
1550,CHP03685,生漆,0.73753816,3.0,3.0,0.0,0.0
1551,CHP02523,落新妇,0.7326997,18.0,18.0,0.0,0.0
1552,CHP02815,棉花,0.72492534,1.0,1.0,0.0,0.0
1553,CHP01020,飞扬草,0.72043836,1.0,1.0,0.0,0.0
1554,CHP04233,土连翘,0.71779984,1.0,1.0,0.0,0.0
1555,CHP05694,紫薇叶,0.7107326,1.0,1.0,0.0,0.0
1556,CHP01941,金丝梅,0.70904386,1.0,1.0,0.0,0.0
1557,CHP00809,东一号剑麻,0.7084861,9.0,9.0,0.0,0.0
1558,CHP03770,柿,0.7074194,1.0,1.0,0.0,0.0
1559,CHP02293,栗树皮,0.70349133,2.0,2.0,0.0,0.0
1560,CHP01086,芙蓉花,0.70098644,1.0,1.0,0.0,0.0
1561,CHP03767,莳萝子,0.7007403,8.0,8.0,0.0,0.0
1562,CHP04385,芜菁甘蓝,0.6946761,1.0,1.0,0.0,0.0
1563,CHP04543,线叶金鸡菊,0.6902808,2.0,2.0,0.0,0.0
1564,CHP04880,鸭跖草,0.68960285,4.0,4.0,0.0,0.0
1565,CHP06040,象骨,0.68946356,1.0,1.0,0.0,0.0
1566,CHP04000,酸模,0.6849402,2.0,2.0,0.0,0.0
1567,CHP04215,土百部,0.6814715,1.0,1.0,0.0,0.0
1568,CHP04272,歪脖子果,0.67889893,6.0,6.0,0.0,0.0
1569,CHP05004,药西瓜,0.6767966,1.0,1.0,0.0,0.0
1570,CHP05040,野花椒根,0.67566127,5.0,5.0,0.0,0.0
1571,CHP04110,田旋花,0.6752428,1.0,1.0,0.0,0.0
1572,CHP05889,鸡子壳,0.67449844,1.0,1.0,0.0,0.0
1573,CHP05007,椰子,0.6732701,4.0,4.0,0.0,0.0
1574,CHP04390,梧桐,0.6727955,8.0,8.0,0.0,0.0
1575,CHP01302,广西九里香,0.6704151,6.0,6.0,0.0,0.0
1576,CHP06157,琥珀,0.6689578,1.0,1.0,0.0,0.0
1577,CHP02525,驴蹄草,0.6687881,1.0,1.0,0.0,0.0
1578,CHP05463,珍珠菜,0.66869426,2.0,2.0,0.0,0.0
1579,CHP01072,凤仙花,0.66849905,1.0,1.0,0.0,0.0
1580,CHP01063,凤凰木,0.6672874,1.0,1.0,0.0,0.0
1581,CHP03595,山银柴胡,0.66597915,2.0,2.0,0.0,0.0
1582,CHP05379,泽藓,0.6640775,1.0,1.0,0.0,0.0
1583,CHP03741,石楠,0.6632296,1.0,1.0,0.0,0.0
1584,CHP02034,橘叶巴戟,0.6624059,2.0,2.0,0.0,0.0
1585,CHP02515,骆驼蓬子,0.65941924,2.0,2.0,0.0,0.0
1586,CHP04604,向日葵花,0.658528,1.0,1.0,0.0,0.0
1587,CHP02982,牛蒡,0.65848815,12.0,12.0,0.0,0.0
1588,CHP01028,榧子,0.6561498,1.0,1.0,0.0,0.0
1589,CHP02456,陆地棉,0.6560984,3.0,3.0,0.0,0.0
1590,CHP04595,香樟,0.6519476,15.0,15.0,0.0,0.0
1591,CHP00286,博落回,0.64679766,3.0,3.0,0.0,0.0
1592,CHP01232,枸橘核,0.64664537,4.0,4.0,0.0,0.0
1593,CHP03401,三色堇,0.6461395,1.0,1.0,0.0,0.0
1594,CHP01193,葛蕈,0.64606583,16.0,16.0,0.0,0.0
1595,CHP04325,文冠木,0.64092195,5.0,5.0,0.0,0.0
1596,CHP01775,鸡蛋果,0.63896585,2.0,2.0,0.0,0.0
1597,CHP05555,猪殃殃,0.6377429,2.0,2.0,0.0,0.0
1598,CHP01909,金冠鳞毛蕨,0.6335195,1.0,1.0,0.0,0.0
1599,CHP05796,灯心柳珊瑚,0.6310215,1.0,1.0,0.0,0.0
1600,CHP00924,盾叶唐松草,0.6298562,10.0,10.0,0.0,0.0
1601,CHP02026,橘白,0.62867576,1.0,1.0,0.0,0.0
1602,CHP02470,路边姜,0.6282168,5.0,5.0,0.0,0.0
1603,CHP03810,薯莨,0.62766427,1.0,1.0,0.0,0.0
1604,CHP05337,云南榧树,0.62299216,3.0,3.0,0.0,0.0
1605,CHP00366,橙皮,0.61954874,3.0,3.0,0.0,0.0
1606,CHP00599,大叶香薷,0.61542296,1.0,1.0,0.0,0.0
1607,CHP05192,印度九里香,0.6152034,1.0,1.0,0.0,0.0
1608,CHP04461,菥蓂,0.6123879,1.0,1.0,0.0,0.0
1609,CHP05252,柚子,0.6092103,1.0,1.0,0.0,0.0
1610,CHP05955,蜜蜡,0.60909253,3.0,3.0,0.0,0.0
1611,CHP06080,豹皮菇,0.6086558,3.0,3.0,0.0,0.0
1612,CHP00130,白牛胆,0.60840595,1.0,1.0,0.0,0.0
1613,CHP05887,鸡子白,0.6064564,1.0,1.0,0.0,0.0
1614,CHP00648,倒地铃,0.6059798,1.0,1.0,0.0,0.0
1615,CHP03425,桑根,0.60544753,2.0,2.0,0.0,0.0
1616,CHP05470,枕材,0.6036107,2.0,2.0,0.0,0.0
1617,CHP02527,吕宋楸毛,0.6001378,6.0,6.0,0.0,0.0
1618,CHP06118,木耳,0.59525174,1.0,1.0,0.0,0.0
1619,CHP01888,接骨丹,0.592867,1.0,1.0,0.0,0.0
1620,CHP03107,偏翅唐松草,0.59183425,3.0,3.0,0.0,0.0
1621,CHP01814,极美云实,0.58618355,9.0,9.0,0.0,0.0
1622,CHP02539,绿笋片,0.58290654,2.0,2.0,0.0,0.0
1623,CHP05408,樟脑,0.58126277,1.0,1.0,0.0,0.0
1624,CHP03184,千年艾,0.5807484,1.0,1.0,0.0,0.0
1625,CHP01012,防己叶菝葜,0.5806281,1.0,1.0,0.0,0.0
1626,CHP05297,郁金香根,0.57920384,1.0,1.0,0.0,0.0
1627,CHP03243,青皮,0.57826155,2.0,2.0,0.0,0.0
1628,CHP00285,伯乐树,0.57741547,1.0,1.0,0.0,0.0
1629,CHP05495,枳椇根,0.57557267,1.0,1.0,0.0,0.0
1630,CHP01470,红木香,0.5748974,12.0,12.0,0.0,0.0
1631,CHP01066,凤尾茶,0.5678547,4.0,4.0,0.0,0.0
1632,CHP01610,化香树果,0.5665549,1.0,1.0,0.0,0.0
1633,CHP05753,斑鸠,0.56387174,1.0,1.0,0.0,0.0
1634,CHP01788,鸡冠子,0.56038034,1.0,1.0,0.0,0.0
1635,CHP00265,扁竹根,0.5541101,1.0,1.0,0.0,0.0
1636,CHP03299,驱虫斑鸠菊,0.5537114,1.0,1.0,0.0,0.0
1637,CHP01499,红直獐牙菜,0.5506105,1.0,1.0,0.0,0.0
1638,CHP04899,芫花,0.54721713,1.0,1.0,0.0,0.0
1639,CHP02120,苦楝实,0.5423612,3.0,3.0,0.0,0.0
1640,CHP00330,茶花,0.5412233,3.0,3.0,0.0,0.0
1641,CHP00897,短小蛇根草,0.53336,1.0,1.0,0.0,0.0
1642,CHP03015,牛舌头,0.5329738,1.0,1.0,0.0,0.0
1643,CHP04598,香樟叶,0.53185046,1.0,1.0,0.0,0.0
1644,CHP05683,紫藤,0.53177834,1.0,1.0,0.0,0.0
1645,CHP01885,角茴香,0.52801573,4.0,4.0,0.0,0.0
1646,CHP00368,橙子,0.5236999,8.0,8.0,0.0,0.0
1647,CHP05712,紫珠,0.523234,1.0,1.0,0.0,0.0
1648,CHP05465,珍珠梅,0.52012825,2.0,2.0,0.0,0.0
1649,CHP02971,柠檬根,0.51784325,2.0,2.0,0.0,0.0
1650,CHP00149,白土茯苓,0.5161511,1.0,1.0,0.0,0.0
1651,CHP00413,川滇淫羊藿,0.5159284,8.0,8.0,0.0,0.0
1652,CHP01349,旱莲花,0.5102928,2.0,2.0,0.0,0.0
1653,CHP04481,细香葱,0.5085797,1.0,1.0,0.0,0.0
1654,CHP00276,柄果槲寄生,0.5070808,1.0,1.0,0.0,0.0
1655,CHP05610,姊妹树,0.50704926,1.0,1.0,0.0,0.0
1656,CHP03970,松叶,0.5023297,4.0,4.0,0.0,0.0
1657,CHP05142,伊贝母,0.4947311,2.0,2.0,0.0,0.0
1658,CHP05042,野花椒叶,0.49422774,4.0,4.0,0.0,0.0
1659,CHP03567,山棯叶,0.491136,1.0,1.0,0.0,0.0
1660,CHP06156,红粉,0.48940977,1.0,1.0,0.0,0.0
1661,CHP00104,白菊花根,0.4870177,1.0,1.0,0.0,0.0
1662,CHP05171,银背藤,0.47770005,1.0,1.0,0.0,0.0
1663,CHP05345,云南菟丝子,0.47665644,2.0,2.0,0.0,0.0
1664,CHP02182,兰花,0.4710254,3.0,3.0,0.0,0.0
1665,CHP05198,鹰不泊,0.46411783,1.0,1.0,0.0,0.0
1666,CHP05170,茵芋,0.45592833,2.0,2.0,0.0,0.0
1667,CHP01563,花椒簕,0.4518087,1.0,1.0,0.0,0.0
1668,CHP03365,瑞香花,0.44001475,2.0,2.0,0.0,0.0
1669,CHP01918,金锦香,0.43591076,1.0,1.0,0.0,0.0
1670,CHP00239,荜茇根,0.43345815,3.0,3.0,0.0,0.0
1671,CHP05790,虫白蜡,0.4237144,4.0,4.0,0.0,0.0
1672,CHP01774,鸡蛋参,0.41615766,2.0,2.0,0.0,0.0
1673,CHP04224,土丁桂,0.40909663,1.0,1.0,0.0,0.0
1674,CHP03105,辟汗草,0.3989473,1.0,1.0,0.0,0.0
1675,CHP00004,阿育魏实,0.36273733,1.0,1.0,0.0,0.0
1676,CHP02306,莲蓬草,0.3531809,3.0,3.0,0.0,0.0
1677,CHP04798,杏子,0.35157257,1.0,1.0,0.0,0.0
1678,CHP04299,网脉橐吾,0.35010365,2.0,2.0,0.0,0.0
1679,CHP05692,紫薇花,0.34646192,1.0,1.0,0.0,0.0
1680,CHP03921,水杨枝叶,0.3438336,1.0,1.0,0.0,0.0
1681,CHP01156,岗松,0.33631095,1.0,1.0,0.0,0.0
1682,CHP01520,胡麻仁,0.32849115,1.0,1.0,0.0,0.0
1683,CHP02946,南天竹梗,0.31466916,1.0,1.0,0.0,0.0
1684,CHP00086,白花菜,0.30697244,2.0,2.0,0.0,0.0
1685,CHP00807,东莨菪,0.28251594,2.0,2.0,0.0,0.0
1686,CHP00372,齿瓣延胡索,0.28235513,2.0,2.0,0.0,0.0
1687,CHP03689,胜红蓟,0.27563423,1.0,1.0,0.0,0.0
1688,CHP01262,观音草,0.25281325,1.0,1.0,0.0,0.0
1689,CHP02000,九里香根,0.24629922,2.0,2.0,0.0,0.0
1690,CHP05795,地龙,0.24588144,1.0,1.0,0.0,0.0
1691,CHP05188,银叶树,0.24506387,1.0,1.0,0.0,0.0
1692,CHP04352,乌蔹莓,0.23959287,1.0,1.0,0.0,0.0
1693,CHP00629,胆南星,0.22533591,1.0,1.0,0.0,0.0
1694,CHP04475,细果角茴香,0.21997085,1.0,1.0,0.0,0.0
1695,CHP01201,功劳子,0.21617258,1.0,1.0,0.0,0.0
1696,CHP00318,草胡椒,0.1866961,1.0,1.0,0.0,0.0
1697,CHP02697,毛莲蒿,0.17783627,1.0,1.0,0.0,0.0
1698,CHP04322,榅桲,0.16644241,1.0,1.0,0.0,0.0
1699,CHP05191,淫羊藿根,0.1592933,1.0,1.0,0.0,0.0
1700,CHP04558,香根芹,0.15679112,2.0,2.0,0.0,0.0
1701,CHP01362,荷梗,0.12625077,1.0,1.0,0.0,0.0
